[18:46:37.253] [               main.cpp]                          main@L0056: Hello!
[18:46:37.263] [               main.cpp]                          main@L0087: We need the kernel exploit to load the payload
[18:46:37.265] [          gx2sploit.cpp]               DoKernelExploit@L0205: Running GX2Sploit
[18:46:37.311] [          gx2sploit.cpp]               DoKernelExploit@L0272: GX2Sploit done
[18:46:37.314] [             ElfUtils.c]                 LoadFileToMem@L0027: Loading file /vol/external01/wiiu/payload.elf.
[18:46:37.328] [             ElfUtils.c]                   InstallMain@L0104: Copy section to 00FD0000 from 1062BDD8 (size: 118200)
[18:46:37.331] [               main.cpp]                          main@L0095: New entrypoint at 00FD1C4C
[18:47:56.306] [poc2-wirecube] starting
[18:47:56.775] [shader] CafeGLSL compiler loaded
[18:47:56.789] [shader] compiled ok (vs 184 bytes, ps 40 bytes, 1 attribs)
[18:47:57.790] [poc2-wirecube] 61.0 fps | frame 16.40 ms | gpu 0.00 ms
[18:47:58.791] [poc2-wirecube] 59.9 fps | frame 16.68 ms | gpu 0.00 ms
[18:47:59.792] [poc2-wirecube] 59.9 fps | frame 16.68 ms | gpu 0.00 ms
[18:48:00.793] [poc2-wirecube] 59.9 fps | frame 16.68 ms | gpu 0.00 ms
[18:48:01.794] [poc2-wirecube] 59.9 fps | frame 16.68 ms | gpu 0.00 ms
[18:48:02.795] [poc2-wirecube] 59.9 fps | frame 16.68 ms | gpu 0.00 ms
[18:48:03.796] [poc2-wirecube] 59.9 fps | frame 16.68 ms | gpu 0.00 ms
[18:48:04.797] [poc2-wirecube] 59.9 fps | frame 16.68 ms | gpu 0.00 ms
[18:48:05.798] [poc2-wirecube] 59.9 fps | frame 16.68 ms | gpu 0.00 ms
[18:48:06.799] [poc2-wirecube] 59.9 fps | frame 16.68 ms | gpu 0.00 ms
[18:48:07.800] [poc2-wirecube] 59.9 fps | frame 16.68 ms | gpu 0.00 ms
[18:48:08.801] [poc2-wirecube] 59.9 fps | frame 16.68 ms | gpu 0.00 ms
[18:48:09.802] [poc2-wirecube] 59.9 fps | frame 16.68 ms | gpu 0.00 ms
[18:48:10.803] [poc2-wirecube] 59.9 fps | frame 16.68 ms | gpu 0.00 ms
[18:48:11.805] [poc2-wirecube] 59.9 fps | frame 16.68 ms | gpu 0.00 ms
[18:48:12.805] [poc2-wirecube] 59.9 fps | frame 16.68 ms | gpu 0.00 ms
[18:48:13.806] [poc2-wirecube] 59.9 fps | frame 16.68 ms | gpu 0.00 ms
[18:48:14.806] [poc2-wirecube] 59.9 fps | frame 16.68 ms | gpu 0.00 ms
[18:48:15.808] [poc2-wirecube] 59.9 fps | frame 16.68 ms | gpu 0.00 ms
[18:48:16.808] [poc2-wirecube] 59.9 fps | frame 16.68 ms | gpu 0.00 ms
[18:48:17.809] [poc2-wirecube] 59.9 fps | frame 16.68 ms | gpu 0.00 ms
[18:48:18.814] [poc2-wirecube] 59.9 fps | frame 16.68 ms | gpu 0.00 ms
[18:48:19.812] [poc2-wirecube] 59.9 fps | frame 16.68 ms | gpu 0.00 ms
[18:48:20.817] [poc2-wirecube] 59.9 fps | frame 16.68 ms | gpu 0.00 ms
[18:48:21.814] [poc2-wirecube] 59.9 fps | frame 16.68 ms | gpu 0.00 ms
[18:48:22.814] [poc2-wirecube] 59.9 fps | frame 16.68 ms | gpu 0.00 ms
[18:48:23.815] [poc2-wirecube] 59.9 fps | frame 16.68 ms | gpu 0.00 ms
[18:48:24.816] [poc2-wirecube] 59.9 fps | frame 16.68 ms | gpu 0.00 ms
[18:48:25.817] [poc2-wirecube] 59.9 fps | frame 16.68 ms | gpu 0.00 ms
[18:48:26.819] [poc2-wirecube] 59.9 fps | frame 16.68 ms | gpu 0.00 ms
[18:48:27.819] [poc2-wirecube] 59.9 fps | frame 16.68 ms | gpu 0.00 ms
[18:48:28.820] [poc2-wirecube] 59.9 fps | frame 16.68 ms | gpu 0.00 ms
[18:48:29.822] [poc2-wirecube] 59.9 fps | frame 16.68 ms | gpu 0.00 ms
[18:48:30.824] [poc2-wirecube] 59.9 fps | frame 16.68 ms | gpu 0.00 ms
[18:48:31.823] [poc2-wirecube] 59.9 fps | frame 16.68 ms | gpu 0.00 ms
[18:48:32.824] [poc2-wirecube] 59.9 fps | frame 16.68 ms | gpu 0.00 ms
[18:48:33.829] [poc2-wirecube] 59.9 fps | frame 16.68 ms | gpu 0.00 ms
[18:48:34.827] [poc2-wirecube] 59.9 fps | frame 16.68 ms | gpu 0.00 ms
[18:48:35.828] [poc2-wirecube] 59.9 fps | frame 16.68 ms | gpu 0.00 ms
[18:48:36.829] [poc2-wirecube] 59.9 fps | frame 16.68 ms | gpu 0.00 ms
[18:48:37.829] [poc2-wirecube] 59.9 fps | frame 16.68 ms | gpu 0.00 ms
[18:48:38.831] [poc2-wirecube] 59.9 fps | frame 16.68 ms | gpu 0.00 ms
[18:48:39.831] [poc2-wirecube] 59.9 fps | frame 16.68 ms | gpu 0.00 ms
[18:48:40.832] [poc2-wirecube] 59.9 fps | frame 16.68 ms | gpu 0.00 ms
[18:48:41.833] [poc2-wirecube] 59.9 fps | frame 16.68 ms | gpu 0.00 ms
[18:48:42.836] [poc2-wirecube] 59.9 fps | frame 16.68 ms | gpu 0.00 ms
[18:48:43.835] [poc2-wirecube] 59.9 fps | frame 16.68 ms | gpu 0.00 ms
[18:48:44.837] [poc2-wirecube] 59.9 fps | frame 16.68 ms | gpu 0.00 ms
[18:48:45.839] [poc2-wirecube] 59.9 fps | frame 16.68 ms | gpu 0.00 ms
[18:48:46.838] [poc2-wirecube] 59.9 fps | frame 16.68 ms | gpu 0.00 ms
[18:48:47.839] [poc2-wirecube] 59.9 fps | frame 16.68 ms | gpu 0.00 ms
[18:48:48.841] [poc2-wirecube] 59.9 fps | frame 16.68 ms | gpu 0.00 ms
[18:50:26.815] [               main.cpp]                          main@L0056: Hello!
[18:50:26.822] [               main.cpp]                          main@L0087: We need the kernel exploit to load the payload
[18:50:26.824] [          gx2sploit.cpp]               DoKernelExploit@L0205: Running GX2Sploit
[18:50:26.892] [          gx2sploit.cpp]               DoKernelExploit@L0272: GX2Sploit done
[18:50:26.894] [             ElfUtils.c]                 LoadFileToMem@L0027: Loading file /vol/external01/wiiu/payload.elf.
[18:50:26.906] [             ElfUtils.c]                   InstallMain@L0104: Copy section to 00FD0000 from 1062BDD8 (size: 118200)
[18:50:26.908] [               main.cpp]                          main@L0095: New entrypoint at 00FD1C4C
[18:51:09.479] [poc4-gouraud] starting
[18:51:09.941] [shader] CafeGLSL compiler loaded
[18:51:09.967] [shader] compiled ok (vs 824 bytes, ps 8 bytes, 2 attribs)
[18:51:10.972] [poc4-gouraud] 60.9 fps | frame 16.42 ms | drain 2.58 ms
[18:51:11.973] [poc4-gouraud] 59.9 fps | frame 16.68 ms | drain 2.57 ms
[18:51:12.973] [poc4-gouraud] 59.9 fps | frame 16.68 ms | drain 2.57 ms
[18:51:13.975] [poc4-gouraud] 59.9 fps | frame 16.68 ms | drain 2.61 ms
[18:51:14.976] [poc4-gouraud] 59.9 fps | frame 16.68 ms | drain 2.61 ms
[18:51:15.978] [poc4-gouraud] 59.9 fps | frame 16.68 ms | drain 2.57 ms
[18:51:16.982] [poc4-gouraud] 59.9 fps | frame 16.68 ms | drain 2.56 ms
[18:51:17.979] [poc4-gouraud] 59.9 fps | frame 16.68 ms | drain 2.59 ms
[18:51:18.980] [poc4-gouraud] 59.9 fps | frame 16.68 ms | drain 2.60 ms
[18:51:19.982] [poc4-gouraud] 59.9 fps | frame 16.68 ms | drain 2.57 ms
[18:51:20.982] [poc4-gouraud] 59.9 fps | frame 16.68 ms | drain 2.58 ms
[18:51:21.983] [poc4-gouraud] 59.9 fps | frame 16.68 ms | drain 2.61 ms
[18:51:22.984] [poc4-gouraud] 59.9 fps | frame 16.68 ms | drain 2.60 ms
[18:51:23.986] [poc4-gouraud] 59.9 fps | frame 16.68 ms | drain 2.57 ms
[18:51:24.986] [poc4-gouraud] 59.9 fps | frame 16.68 ms | drain 2.57 ms
[18:51:25.987] [poc4-gouraud] 59.9 fps | frame 16.68 ms | drain 2.60 ms
[18:51:26.988] [poc4-gouraud] 59.9 fps | frame 16.68 ms | drain 2.60 ms
[18:51:27.989] [poc4-gouraud] 59.9 fps | frame 16.68 ms | drain 2.56 ms
[18:51:28.990] [poc4-gouraud] 59.9 fps | frame 16.68 ms | drain 2.59 ms
[18:51:29.991] [poc4-gouraud] 59.9 fps | frame 16.68 ms | drain 2.60 ms
[18:51:30.992] [poc4-gouraud] 59.9 fps | frame 16.68 ms | drain 2.57 ms
[18:51:31.993] [poc4-gouraud] 59.9 fps | frame 16.68 ms | drain 2.55 ms
[18:51:32.994] [poc4-gouraud] 59.9 fps | frame 16.68 ms | drain 2.59 ms
[18:51:33.995] [poc4-gouraud] 59.9 fps | frame 16.68 ms | drain 2.61 ms
[18:51:34.996] [poc4-gouraud] 59.9 fps | frame 16.68 ms | drain 2.59 ms
[18:51:35.997] [poc4-gouraud] 59.9 fps | frame 16.68 ms | drain 2.56 ms
[18:51:36.998] [poc4-gouraud] 59.9 fps | frame 16.68 ms | drain 2.59 ms
[18:51:37.999] [poc4-gouraud] 59.9 fps | frame 16.68 ms | drain 2.58 ms
[18:51:39.000] [poc4-gouraud] 59.9 fps | frame 16.68 ms | drain 2.56 ms
[18:51:40.001] [poc4-gouraud] 59.9 fps | frame 16.68 ms | drain 2.56 ms
[18:51:41.008] [poc4-gouraud] 59.9 fps | frame 16.68 ms | drain 2.60 ms
[18:51:42.004] [poc4-gouraud] 59.9 fps | frame 16.68 ms | drain 2.60 ms
[18:51:43.004] [poc4-gouraud] 59.9 fps | frame 16.68 ms | drain 2.58 ms
[18:51:44.005] [poc4-gouraud] 59.9 fps | frame 16.68 ms | drain 2.56 ms
[18:51:45.005] [poc4-gouraud] 59.9 fps | frame 16.68 ms | drain 2.57 ms
[18:51:46.008] [poc4-gouraud] 59.9 fps | frame 16.68 ms | drain 2.54 ms
[18:51:47.008] [poc4-gouraud] 59.9 fps | frame 16.68 ms | drain 2.55 ms
[18:51:48.009] [poc4-gouraud] 59.9 fps | frame 16.68 ms | drain 2.56 ms
[18:51:49.010] [poc4-gouraud] 59.9 fps | frame 16.68 ms | drain 2.60 ms
[18:51:50.012] [poc4-gouraud] 59.9 fps | frame 16.68 ms | drain 2.60 ms
[18:51:51.012] [poc4-gouraud] 59.9 fps | frame 16.68 ms | drain 2.55 ms
[18:51:52.012] [poc4-gouraud] 59.9 fps | frame 16.68 ms | drain 2.56 ms
[18:51:53.014] [poc4-gouraud] 59.9 fps | frame 16.68 ms | drain 2.56 ms
[18:51:54.016] [poc4-gouraud] 59.9 fps | frame 16.68 ms | drain 2.58 ms
[18:51:55.015] [poc4-gouraud] 59.9 fps | frame 16.68 ms | drain 2.57 ms
[18:51:56.017] [poc4-gouraud] 59.9 fps | frame 16.68 ms | drain 2.57 ms
[18:51:57.018] [poc4-gouraud] 59.9 fps | frame 16.68 ms | drain 2.59 ms
[18:51:58.019] [poc4-gouraud] 59.9 fps | frame 16.68 ms | drain 2.57 ms
[18:51:59.021] [poc4-gouraud] 59.9 fps | frame 16.68 ms | drain 2.56 ms
[18:52:00.022] [poc4-gouraud] 59.9 fps | frame 16.68 ms | drain 2.55 ms
[18:52:01.021] [poc4-gouraud] 59.9 fps | frame 16.68 ms | drain 2.57 ms
[18:52:02.023] [poc4-gouraud] 59.9 fps | frame 16.68 ms | drain 2.60 ms
[18:52:03.023] [poc4-gouraud] 59.9 fps | frame 16.68 ms | drain 2.57 ms
[18:52:04.025] [poc4-gouraud] 59.9 fps | frame 16.68 ms | drain 2.55 ms
[18:52:05.026] [poc4-gouraud] 59.9 fps | frame 16.68 ms | drain 2.55 ms
[18:52:06.027] [poc4-gouraud] 59.9 fps | frame 16.68 ms | drain 2.55 ms
[18:52:07.027] [poc4-gouraud] 59.9 fps | frame 16.68 ms | drain 2.56 ms
[18:52:08.029] [poc4-gouraud] 59.9 fps | frame 16.68 ms | drain 2.56 ms
[18:52:09.030] [poc4-gouraud] 59.9 fps | frame 16.68 ms | drain 2.63 ms
[18:52:10.030] [poc4-gouraud] 59.9 fps | frame 16.68 ms | drain 2.61 ms
[18:52:11.032] [poc4-gouraud] 59.9 fps | frame 16.68 ms | drain 2.57 ms
[18:52:12.033] [poc4-gouraud] 59.9 fps | frame 16.68 ms | drain 2.56 ms
[18:52:13.034] [poc4-gouraud] 59.9 fps | frame 16.68 ms | drain 2.56 ms
[18:55:30.971] [               main.cpp]                          main@L0056: Hello!
[18:55:30.977] [               main.cpp]                          main@L0087: We need the kernel exploit to load the payload
[18:55:30.980] [          gx2sploit.cpp]               DoKernelExploit@L0205: Running GX2Sploit
[18:55:31.045] [          gx2sploit.cpp]               DoKernelExploit@L0272: GX2Sploit done
[18:55:31.048] [             ElfUtils.c]                 LoadFileToMem@L0027: Loading file /vol/external01/wiiu/payload.elf.
[18:55:31.060] [             ElfUtils.c]                   InstallMain@L0104: Copy section to 00FD0000 from 1062BDD8 (size: 118200)
[18:55:31.063] [               main.cpp]                          main@L0095: New entrypoint at 00FD1C4C
[18:56:34.333] [poc5-stress] starting
[18:56:34.797] [shader] CafeGLSL compiler loaded
[18:56:34.815] [shader] compiled ok (vs 424 bytes, ps 8 bytes, 2 attribs)
[18:56:35.831] [poc5-stress] 395.6 fps | frame 2.53 ms | drain 2.42 ms
[18:56:35.833] [stress] 1 tori | 2304 tris/frame | 395.6 fps | 0.9 Mtris/s
[18:56:36.832] [poc5-stress] 394.0 fps | frame 2.54 ms | drain 2.42 ms
[18:56:36.834] [stress] 1 tori | 2304 tris/frame | 394.0 fps | 0.9 Mtris/s
[18:56:37.833] [poc5-stress] 393.9 fps | frame 2.54 ms | drain 2.42 ms
[18:56:37.835] [stress] 1 tori | 2304 tris/frame | 393.9 fps | 0.9 Mtris/s
[18:56:38.829] [stress] level up -> 2 tori (4608 tris/frame)
[18:56:38.834] [poc5-stress] 392.4 fps | frame 2.55 ms | drain 2.43 ms
[18:56:38.836] [stress] 2 tori | 4608 tris/frame | 392.4 fps | 1.8 Mtris/s
[18:56:39.834] [poc5-stress] 391.9 fps | frame 2.55 ms | drain 2.43 ms
[18:56:39.836] [stress] 2 tori | 4608 tris/frame | 391.9 fps | 1.8 Mtris/s
[18:56:40.836] [poc5-stress] 392.2 fps | frame 2.55 ms | drain 2.42 ms
[18:56:40.839] [stress] 2 tori | 4608 tris/frame | 392.2 fps | 1.8 Mtris/s
[18:56:41.839] [poc5-stress] 392.4 fps | frame 2.55 ms | drain 2.42 ms
[18:56:41.841] [stress] 2 tori | 4608 tris/frame | 392.4 fps | 1.8 Mtris/s
[18:56:42.830] [stress] level up -> 4 tori (9216 tris/frame)
[18:56:42.838] [poc5-stress] 391.8 fps | frame 2.55 ms | drain 2.43 ms
[18:56:42.841] [stress] 4 tori | 9216 tris/frame | 391.8 fps | 3.6 Mtris/s
[18:56:43.839] [poc5-stress] 386.0 fps | frame 2.59 ms | drain 2.46 ms
[18:56:43.841] [stress] 4 tori | 9216 tris/frame | 386.0 fps | 3.6 Mtris/s
[18:56:44.840] [poc5-stress] 385.4 fps | frame 2.59 ms | drain 2.46 ms
[18:56:44.841] [stress] 4 tori | 9216 tris/frame | 385.4 fps | 3.6 Mtris/s
[18:56:45.842] [poc5-stress] 385.3 fps | frame 2.60 ms | drain 2.46 ms
[18:56:45.844] [stress] 4 tori | 9216 tris/frame | 385.3 fps | 3.6 Mtris/s
[18:56:46.832] [stress] level up -> 8 tori (18432 tris/frame)
[18:56:46.843] [poc5-stress] 385.4 fps | frame 2.59 ms | drain 2.46 ms
[18:56:46.846] [stress] 8 tori | 18432 tris/frame | 385.4 fps | 7.1 Mtris/s
[18:56:47.845] [poc5-stress] 378.5 fps | frame 2.64 ms | drain 2.50 ms
[18:56:47.847] [stress] 8 tori | 18432 tris/frame | 378.5 fps | 7.0 Mtris/s
[18:56:48.847] [poc5-stress] 378.3 fps | frame 2.64 ms | drain 2.50 ms
[18:56:48.849] [stress] 8 tori | 18432 tris/frame | 378.3 fps | 7.0 Mtris/s
[18:56:49.847] [poc5-stress] 377.9 fps | frame 2.65 ms | drain 2.50 ms
[18:56:49.849] [stress] 8 tori | 18432 tris/frame | 377.9 fps | 7.0 Mtris/s
[18:56:50.833] [stress] level up -> 16 tori (36864 tris/frame)
[18:56:50.847] [poc5-stress] 377.8 fps | frame 2.65 ms | drain 2.50 ms
[18:56:50.848] [stress] 16 tori | 36864 tris/frame | 377.8 fps | 13.9 Mtris/s
[18:56:51.849] [poc5-stress] 363.5 fps | frame 2.75 ms | drain 2.58 ms
[18:56:51.850] [stress] 16 tori | 36864 tris/frame | 363.5 fps | 13.4 Mtris/s
[18:56:52.852] [poc5-stress] 363.1 fps | frame 2.75 ms | drain 2.58 ms
[18:56:52.853] [stress] 16 tori | 36864 tris/frame | 363.1 fps | 13.4 Mtris/s
[18:56:53.852] [poc5-stress] 363.5 fps | frame 2.75 ms | drain 2.58 ms
[18:56:53.854] [stress] 16 tori | 36864 tris/frame | 363.5 fps | 13.4 Mtris/s
[18:56:54.834] [stress] level up -> 32 tori (73728 tris/frame)
[18:56:54.855] [poc5-stress] 363.1 fps | frame 2.75 ms | drain 2.58 ms
[18:56:54.856] [stress] 32 tori | 73728 tris/frame | 363.1 fps | 26.8 Mtris/s
[18:56:55.857] [poc5-stress] 340.2 fps | frame 2.94 ms | drain 2.71 ms
[18:56:55.859] [stress] 32 tori | 73728 tris/frame | 340.2 fps | 25.1 Mtris/s
[18:56:56.857] [poc5-stress] 340.0 fps | frame 2.94 ms | drain 2.72 ms
[18:56:56.859] [stress] 32 tori | 73728 tris/frame | 340.0 fps | 25.1 Mtris/s
[18:56:57.857] [poc5-stress] 340.0 fps | frame 2.94 ms | drain 2.72 ms
[18:56:57.859] [stress] 32 tori | 73728 tris/frame | 340.0 fps | 25.1 Mtris/s
[18:56:58.837] [stress] level up -> 64 tori (147456 tris/frame)
[18:56:58.860] [poc5-stress] 339.0 fps | frame 2.95 ms | drain 2.72 ms
[18:56:58.863] [stress] 64 tori | 147456 tris/frame | 339.0 fps | 50.0 Mtris/s
[18:56:59.863] [poc5-stress] 300.4 fps | frame 3.33 ms | drain 2.99 ms
[18:56:59.865] [stress] 64 tori | 147456 tris/frame | 300.4 fps | 44.3 Mtris/s
[18:57:00.864] [poc5-stress] 300.5 fps | frame 3.33 ms | drain 2.99 ms
[18:57:00.867] [stress] 64 tori | 147456 tris/frame | 300.5 fps | 44.3 Mtris/s
[18:57:01.867] [poc5-stress] 300.4 fps | frame 3.33 ms | drain 2.99 ms
[18:57:01.868] [stress] 64 tori | 147456 tris/frame | 300.4 fps | 44.3 Mtris/s
[18:57:02.837] [stress] level up -> 128 tori (294912 tris/frame)
[18:57:02.866] [poc5-stress] 299.0 fps | frame 3.34 ms | drain 3.00 ms
[18:57:02.869] [stress] 128 tori | 294912 tris/frame | 299.0 fps | 88.2 Mtris/s
[18:57:03.868] [poc5-stress] 246.6 fps | frame 4.06 ms | drain 3.50 ms
[18:57:03.871] [stress] 128 tori | 294912 tris/frame | 246.6 fps | 72.7 Mtris/s
[18:57:04.870] [poc5-stress] 246.6 fps | frame 4.06 ms | drain 3.50 ms
[18:57:04.871] [stress] 128 tori | 294912 tris/frame | 246.6 fps | 72.7 Mtris/s
[18:57:05.871] [poc5-stress] 246.7 fps | frame 4.05 ms | drain 3.49 ms
[18:57:05.873] [stress] 128 tori | 294912 tris/frame | 246.7 fps | 72.8 Mtris/s
[18:57:06.839] [stress] level up -> 256 tori (589824 tris/frame)
[18:57:06.873] [poc5-stress] 244.4 fps | frame 4.09 ms | drain 3.52 ms
[18:57:06.875] [stress] 256 tori | 589824 tris/frame | 244.4 fps | 144.2 Mtris/s
[18:57:07.878] [poc5-stress] 181.0 fps | frame 5.52 ms | drain 4.50 ms
[18:57:07.880] [stress] 256 tori | 589824 tris/frame | 181.0 fps | 106.8 Mtris/s
[18:57:08.878] [poc5-stress] 180.9 fps | frame 5.53 ms | drain 4.50 ms
[18:57:08.880] [stress] 256 tori | 589824 tris/frame | 180.9 fps | 106.7 Mtris/s
[18:57:09.880] [poc5-stress] 180.9 fps | frame 5.53 ms | drain 4.50 ms
[18:57:09.882] [stress] 256 tori | 589824 tris/frame | 180.9 fps | 106.7 Mtris/s
[18:57:10.842] [stress] level up -> 512 tori (1179648 tris/frame)
[18:57:10.887] [poc5-stress] 177.6 fps | frame 5.63 ms | drain 4.55 ms
[18:57:10.889] [stress] 512 tori | 1179648 tris/frame | 177.6 fps | 209.5 Mtris/s
[18:57:11.892] [poc5-stress] 110.5 fps | frame 9.05 ms | drain 6.36 ms
[18:57:11.894] [stress] 512 tori | 1179648 tris/frame | 110.5 fps | 130.4 Mtris/s
[18:57:12.896] [poc5-stress] 110.6 fps | frame 9.05 ms | drain 6.35 ms
[18:57:12.898] [stress] 512 tori | 1179648 tris/frame | 110.6 fps | 130.4 Mtris/s
[18:57:13.901] [poc5-stress] 110.5 fps | frame 9.05 ms | drain 6.35 ms
[18:57:13.903] [stress] 512 tori | 1179648 tris/frame | 110.5 fps | 130.4 Mtris/s
[18:57:14.905] [poc5-stress] 110.5 fps | frame 9.05 ms | drain 6.35 ms
[18:57:14.908] [stress] 512 tori | 1179648 tris/frame | 110.5 fps | 130.3 Mtris/s
[18:57:15.913] [poc5-stress] 110.5 fps | frame 9.05 ms | drain 6.34 ms
[18:57:15.916] [stress] 512 tori | 1179648 tris/frame | 110.5 fps | 130.3 Mtris/s
[18:57:16.914] [poc5-stress] 110.5 fps | frame 9.05 ms | drain 6.34 ms
[18:57:16.916] [stress] 512 tori | 1179648 tris/frame | 110.5 fps | 130.3 Mtris/s
[18:57:17.919] [poc5-stress] 110.4 fps | frame 9.05 ms | drain 6.34 ms
[18:57:17.921] [stress] 512 tori | 1179648 tris/frame | 110.4 fps | 130.3 Mtris/s
[18:57:18.925] [poc5-stress] 110.4 fps | frame 9.06 ms | drain 6.34 ms
[18:57:18.927] [stress] 512 tori | 1179648 tris/frame | 110.4 fps | 130.2 Mtris/s
[18:57:19.932] [poc5-stress] 110.4 fps | frame 9.06 ms | drain 6.34 ms
[18:57:19.934] [stress] 512 tori | 1179648 tris/frame | 110.4 fps | 130.2 Mtris/s
[18:57:20.937] [poc5-stress] 110.3 fps | frame 9.06 ms | drain 6.34 ms
[18:57:20.939] [stress] 512 tori | 1179648 tris/frame | 110.3 fps | 130.2 Mtris/s
[18:57:21.958] [poc5-stress] 110.3 fps | frame 9.07 ms | drain 6.34 ms
[18:57:21.960] [stress] 512 tori | 1179648 tris/frame | 110.3 fps | 130.1 Mtris/s
[18:57:22.950] [poc5-stress] 110.3 fps | frame 9.07 ms | drain 6.34 ms
[18:57:22.952] [stress] 512 tori | 1179648 tris/frame | 110.3 fps | 130.1 Mtris/s
[18:57:23.956] [poc5-stress] 110.2 fps | frame 9.07 ms | drain 6.34 ms
[18:57:23.958] [stress] 512 tori | 1179648 tris/frame | 110.2 fps | 130.1 Mtris/s
[18:57:24.964] [poc5-stress] 110.2 fps | frame 9.08 ms | drain 6.34 ms
[18:57:24.966] [stress] 512 tori | 1179648 tris/frame | 110.2 fps | 130.0 Mtris/s
[18:57:25.974] [poc5-stress] 110.1 fps | frame 9.09 ms | drain 6.34 ms
[18:57:25.977] [stress] 512 tori | 1179648 tris/frame | 110.1 fps | 129.8 Mtris/s
[18:57:26.974] [poc5-stress] 109.9 fps | frame 9.10 ms | drain 6.34 ms
[18:57:26.976] [stress] 512 tori | 1179648 tris/frame | 109.9 fps | 129.6 Mtris/s
[18:57:27.978] [poc5-stress] 109.8 fps | frame 9.11 ms | drain 6.34 ms
[18:57:27.980] [stress] 512 tori | 1179648 tris/frame | 109.8 fps | 129.5 Mtris/s
[18:57:28.978] [poc5-stress] 109.7 fps | frame 9.11 ms | drain 6.35 ms
[18:57:28.983] [stress] 512 tori | 1179648 tris/frame | 109.7 fps | 129.4 Mtris/s
[18:57:29.981] [poc5-stress] 109.6 fps | frame 9.12 ms | drain 6.35 ms
[18:57:29.983] [stress] 512 tori | 1179648 tris/frame | 109.6 fps | 129.3 Mtris/s
[18:57:30.986] [poc5-stress] 109.5 fps | frame 9.13 ms | drain 6.35 ms
[18:57:30.989] [stress] 512 tori | 1179648 tris/frame | 109.5 fps | 129.2 Mtris/s
[18:57:31.990] [poc5-stress] 109.4 fps | frame 9.14 ms | drain 6.36 ms
[18:57:31.994] [stress] 512 tori | 1179648 tris/frame | 109.4 fps | 129.0 Mtris/s
[18:57:32.998] [poc5-stress] 109.2 fps | frame 9.16 ms | drain 6.36 ms
[18:57:33.001] [stress] 512 tori | 1179648 tris/frame | 109.2 fps | 128.8 Mtris/s
[18:57:34.001] [poc5-stress] 108.7 fps | frame 9.20 ms | drain 6.40 ms
[18:57:34.003] [stress] 512 tori | 1179648 tris/frame | 108.7 fps | 128.2 Mtris/s
[18:57:35.002] [poc5-stress] 108.9 fps | frame 9.18 ms | drain 6.37 ms
[18:57:35.004] [stress] 512 tori | 1179648 tris/frame | 108.9 fps | 128.4 Mtris/s
[18:57:36.004] [poc5-stress] 108.8 fps | frame 9.19 ms | drain 6.37 ms
[18:57:36.006] [stress] 512 tori | 1179648 tris/frame | 108.8 fps | 128.4 Mtris/s
[18:57:37.009] [poc5-stress] 108.6 fps | frame 9.21 ms | drain 6.38 ms
[18:57:37.012] [stress] 512 tori | 1179648 tris/frame | 108.6 fps | 128.1 Mtris/s
[18:57:38.013] [poc5-stress] 108.5 fps | frame 9.22 ms | drain 6.38 ms
[18:57:38.016] [stress] 512 tori | 1179648 tris/frame | 108.5 fps | 128.0 Mtris/s
[18:57:39.019] [poc5-stress] 108.3 fps | frame 9.23 ms | drain 6.39 ms
[18:57:39.077] [stress] 512 tori | 1179648 tris/frame | 108.3 fps | 127.8 Mtris/s
[18:57:40.027] [poc5-stress] 108.1 fps | frame 9.25 ms | drain 6.40 ms
[18:57:40.029] [stress] 512 tori | 1179648 tris/frame | 108.1 fps | 127.6 Mtris/s
[18:57:41.036] [poc5-stress] 108.0 fps | frame 9.26 ms | drain 6.40 ms
[18:57:41.038] [stress] 512 tori | 1179648 tris/frame | 108.0 fps | 127.4 Mtris/s
[18:57:42.036] [poc5-stress] 107.9 fps | frame 9.27 ms | drain 6.40 ms
[18:57:42.039] [stress] 512 tori | 1179648 tris/frame | 107.9 fps | 127.3 Mtris/s
[18:57:43.039] [poc5-stress] 107.8 fps | frame 9.28 ms | drain 6.41 ms
[18:57:43.042] [stress] 512 tori | 1179648 tris/frame | 107.8 fps | 127.1 Mtris/s
[18:57:44.044] [poc5-stress] 107.6 fps | frame 9.30 ms | drain 6.41 ms
[18:57:44.047] [stress] 512 tori | 1179648 tris/frame | 107.6 fps | 126.9 Mtris/s
[18:57:45.048] [poc5-stress] 107.4 fps | frame 9.31 ms | drain 6.42 ms
[18:57:45.050] [stress] 512 tori | 1179648 tris/frame | 107.4 fps | 126.7 Mtris/s
[18:57:46.058] [poc5-stress] 107.3 fps | frame 9.32 ms | drain 6.42 ms
[18:57:46.061] [stress] 512 tori | 1179648 tris/frame | 107.3 fps | 126.6 Mtris/s
[18:57:47.064] [poc5-stress] 107.2 fps | frame 9.33 ms | drain 6.43 ms
[18:57:47.067] [stress] 512 tori | 1179648 tris/frame | 107.2 fps | 126.5 Mtris/s
[18:57:48.070] [poc5-stress] 107.1 fps | frame 9.34 ms | drain 6.43 ms
[18:57:48.073] [stress] 512 tori | 1179648 tris/frame | 107.1 fps | 126.3 Mtris/s
[18:57:49.079] [poc5-stress] 107.0 fps | frame 9.34 ms | drain 6.43 ms
[18:57:49.081] [stress] 512 tori | 1179648 tris/frame | 107.0 fps | 126.2 Mtris/s
[18:57:50.080] [poc5-stress] 106.9 fps | frame 9.35 ms | drain 6.43 ms
[18:57:50.082] [stress] 512 tori | 1179648 tris/frame | 106.9 fps | 126.1 Mtris/s
[18:57:51.082] [poc5-stress] 106.8 fps | frame 9.36 ms | drain 6.43 ms
[18:57:51.085] [stress] 512 tori | 1179648 tris/frame | 106.8 fps | 126.0 Mtris/s
[18:57:52.085] [poc5-stress] 106.7 fps | frame 9.37 ms | drain 6.44 ms
[18:57:52.088] [stress] 512 tori | 1179648 tris/frame | 106.7 fps | 125.8 Mtris/s
[18:57:53.089] [poc5-stress] 106.6 fps | frame 9.38 ms | drain 6.43 ms
[18:57:53.091] [stress] 512 tori | 1179648 tris/frame | 106.6 fps | 125.8 Mtris/s
[18:57:54.093] [poc5-stress] 106.5 fps | frame 9.39 ms | drain 6.44 ms
[18:57:54.096] [stress] 512 tori | 1179648 tris/frame | 106.5 fps | 125.6 Mtris/s
[18:57:55.098] [poc5-stress] 106.5 fps | frame 9.39 ms | drain 6.44 ms
[18:57:55.100] [stress] 512 tori | 1179648 tris/frame | 106.5 fps | 125.6 Mtris/s
[18:57:56.104] [poc5-stress] 106.4 fps | frame 9.40 ms | drain 6.44 ms
[18:57:56.107] [stress] 512 tori | 1179648 tris/frame | 106.4 fps | 125.5 Mtris/s
[18:57:57.110] [poc5-stress] 106.3 fps | frame 9.41 ms | drain 6.43 ms
[18:57:57.112] [stress] 512 tori | 1179648 tris/frame | 106.3 fps | 125.4 Mtris/s
[18:57:58.117] [poc5-stress] 106.3 fps | frame 9.41 ms | drain 6.43 ms
[18:57:58.119] [stress] 512 tori | 1179648 tris/frame | 106.3 fps | 125.4 Mtris/s
[18:57:59.125] [poc5-stress] 106.2 fps | frame 9.42 ms | drain 6.43 ms
[18:57:59.127] [stress] 512 tori | 1179648 tris/frame | 106.2 fps | 125.3 Mtris/s
[18:58:00.133] [poc5-stress] 106.1 fps | frame 9.42 ms | drain 6.43 ms
[18:58:00.135] [stress] 512 tori | 1179648 tris/frame | 106.1 fps | 125.2 Mtris/s
[18:58:01.142] [poc5-stress] 106.0 fps | frame 9.43 ms | drain 6.43 ms
[18:58:01.145] [stress] 512 tori | 1179648 tris/frame | 106.0 fps | 125.1 Mtris/s
[18:58:02.152] [poc5-stress] 106.0 fps | frame 9.43 ms | drain 6.42 ms
[18:58:02.153] [stress] 512 tori | 1179648 tris/frame | 106.0 fps | 125.1 Mtris/s
[18:58:03.152] [poc5-stress] 106.0 fps | frame 9.43 ms | drain 6.42 ms
[18:58:03.154] [stress] 512 tori | 1179648 tris/frame | 106.0 fps | 125.0 Mtris/s
[18:58:04.152] [poc5-stress] 106.0 fps | frame 9.44 ms | drain 6.41 ms
[18:58:04.155] [stress] 512 tori | 1179648 tris/frame | 106.0 fps | 125.0 Mtris/s
[18:58:05.152] [poc5-stress] 106.0 fps | frame 9.44 ms | drain 6.41 ms
[18:58:05.155] [stress] 512 tori | 1179648 tris/frame | 106.0 fps | 125.0 Mtris/s
[18:58:06.153] [poc5-stress] 106.0 fps | frame 9.44 ms | drain 6.40 ms
[18:58:06.155] [stress] 512 tori | 1179648 tris/frame | 106.0 fps | 125.0 Mtris/s
[18:58:07.154] [poc5-stress] 105.9 fps | frame 9.44 ms | drain 6.40 ms
[18:58:07.156] [stress] 512 tori | 1179648 tris/frame | 105.9 fps | 124.9 Mtris/s
[18:58:08.155] [poc5-stress] 105.9 fps | frame 9.44 ms | drain 6.39 ms
[18:58:08.157] [stress] 512 tori | 1179648 tris/frame | 105.9 fps | 124.9 Mtris/s
[18:58:09.155] [poc5-stress] 105.9 fps | frame 9.44 ms | drain 6.38 ms
[18:58:09.158] [stress] 512 tori | 1179648 tris/frame | 105.9 fps | 125.0 Mtris/s
[18:58:10.157] [poc5-stress] 105.9 fps | frame 9.45 ms | drain 6.38 ms
[18:58:10.160] [stress] 512 tori | 1179648 tris/frame | 105.9 fps | 124.9 Mtris/s
[18:58:11.158] [poc5-stress] 105.8 fps | frame 9.45 ms | drain 6.38 ms
[18:58:11.161] [stress] 512 tori | 1179648 tris/frame | 105.8 fps | 124.9 Mtris/s
[18:58:12.160] [poc5-stress] 105.8 fps | frame 9.45 ms | drain 6.37 ms
[18:58:12.162] [stress] 512 tori | 1179648 tris/frame | 105.8 fps | 124.8 Mtris/s
[18:58:13.163] [poc5-stress] 105.7 fps | frame 9.46 ms | drain 6.37 ms
[18:58:13.165] [stress] 512 tori | 1179648 tris/frame | 105.7 fps | 124.7 Mtris/s
[18:58:14.165] [poc5-stress] 105.7 fps | frame 9.46 ms | drain 6.36 ms
[18:58:14.167] [stress] 512 tori | 1179648 tris/frame | 105.7 fps | 124.7 Mtris/s
[18:58:15.170] [poc5-stress] 105.7 fps | frame 9.46 ms | drain 6.36 ms
[18:58:15.172] [stress] 512 tori | 1179648 tris/frame | 105.7 fps | 124.7 Mtris/s
[18:58:16.171] [poc5-stress] 105.7 fps | frame 9.46 ms | drain 6.35 ms
[18:58:16.173] [stress] 512 tori | 1179648 tris/frame | 105.7 fps | 124.7 Mtris/s
[18:58:17.174] [poc5-stress] 105.7 fps | frame 9.47 ms | drain 6.35 ms
[18:58:17.175] [stress] 512 tori | 1179648 tris/frame | 105.7 fps | 124.6 Mtris/s
[18:58:18.178] [poc5-stress] 105.6 fps | frame 9.47 ms | drain 6.35 ms
[18:58:18.180] [stress] 512 tori | 1179648 tris/frame | 105.6 fps | 124.6 Mtris/s
[18:58:19.182] [poc5-stress] 105.5 fps | frame 9.48 ms | drain 6.34 ms
[18:58:19.185] [stress] 512 tori | 1179648 tris/frame | 105.5 fps | 124.5 Mtris/s
[18:58:20.187] [poc5-stress] 105.5 fps | frame 9.48 ms | drain 6.34 ms
[18:58:20.190] [stress] 512 tori | 1179648 tris/frame | 105.5 fps | 124.4 Mtris/s
[18:58:21.193] [poc5-stress] 105.4 fps | frame 9.49 ms | drain 6.34 ms
[18:58:21.196] [stress] 512 tori | 1179648 tris/frame | 105.4 fps | 124.3 Mtris/s
[18:58:22.200] [poc5-stress] 105.3 fps | frame 9.49 ms | drain 6.34 ms
[18:58:22.204] [stress] 512 tori | 1179648 tris/frame | 105.3 fps | 124.2 Mtris/s
[18:58:23.207] [poc5-stress] 105.2 fps | frame 9.50 ms | drain 6.34 ms
[18:58:23.210] [stress] 512 tori | 1179648 tris/frame | 105.2 fps | 124.1 Mtris/s
[18:58:24.216] [poc5-stress] 105.2 fps | frame 9.51 ms | drain 6.34 ms
[18:58:24.219] [stress] 512 tori | 1179648 tris/frame | 105.2 fps | 124.1 Mtris/s
[18:58:25.223] [poc5-stress] 105.1 fps | frame 9.51 ms | drain 6.34 ms
[18:58:25.226] [stress] 512 tori | 1179648 tris/frame | 105.1 fps | 124.0 Mtris/s
[18:58:26.233] [poc5-stress] 105.1 fps | frame 9.52 ms | drain 6.34 ms
[18:58:26.235] [stress] 512 tori | 1179648 tris/frame | 105.1 fps | 123.9 Mtris/s
[18:58:27.232] [poc5-stress] 105.0 fps | frame 9.53 ms | drain 6.34 ms
[18:58:27.234] [stress] 512 tori | 1179648 tris/frame | 105.0 fps | 123.8 Mtris/s
[18:58:28.235] [poc5-stress] 104.8 fps | frame 9.54 ms | drain 6.34 ms
[18:58:28.237] [stress] 512 tori | 1179648 tris/frame | 104.8 fps | 123.6 Mtris/s
[18:58:29.237] [poc5-stress] 104.7 fps | frame 9.55 ms | drain 6.34 ms
[18:58:29.239] [stress] 512 tori | 1179648 tris/frame | 104.7 fps | 123.5 Mtris/s
[18:58:30.240] [poc5-stress] 104.7 fps | frame 9.55 ms | drain 6.34 ms
[18:58:30.242] [stress] 512 tori | 1179648 tris/frame | 104.7 fps | 123.5 Mtris/s
[18:58:31.243] [poc5-stress] 104.6 fps | frame 9.56 ms | drain 6.34 ms
[18:58:31.246] [stress] 512 tori | 1179648 tris/frame | 104.6 fps | 123.4 Mtris/s
[18:58:32.248] [poc5-stress] 104.5 fps | frame 9.57 ms | drain 6.35 ms
[18:58:32.251] [stress] 512 tori | 1179648 tris/frame | 104.5 fps | 123.2 Mtris/s
[18:58:33.255] [poc5-stress] 104.4 fps | frame 9.58 ms | drain 6.35 ms
[18:58:33.256] [stress] 512 tori | 1179648 tris/frame | 104.4 fps | 123.1 Mtris/s
[18:58:34.261] [poc5-stress] 104.3 fps | frame 9.59 ms | drain 6.35 ms
[18:58:34.263] [stress] 512 tori | 1179648 tris/frame | 104.3 fps | 123.0 Mtris/s
[18:58:35.270] [poc5-stress] 104.1 fps | frame 9.61 ms | drain 6.36 ms
[18:58:35.273] [stress] 512 tori | 1179648 tris/frame | 104.1 fps | 122.8 Mtris/s
[18:58:36.279] [poc5-stress] 104.0 fps | frame 9.61 ms | drain 6.36 ms
[18:58:36.281] [stress] 512 tori | 1179648 tris/frame | 104.0 fps | 122.7 Mtris/s
[18:58:37.280] [poc5-stress] 103.9 fps | frame 9.63 ms | drain 6.36 ms
[18:58:37.283] [stress] 512 tori | 1179648 tris/frame | 103.9 fps | 122.5 Mtris/s
[18:58:38.283] [poc5-stress] 103.7 fps | frame 9.64 ms | drain 6.37 ms
[18:58:38.286] [stress] 512 tori | 1179648 tris/frame | 103.7 fps | 122.3 Mtris/s
[18:58:39.289] [poc5-stress] 103.6 fps | frame 9.65 ms | drain 6.37 ms
[18:58:39.292] [stress] 512 tori | 1179648 tris/frame | 103.6 fps | 122.2 Mtris/s
[18:58:40.292] [poc5-stress] 103.5 fps | frame 9.67 ms | drain 6.38 ms
[18:58:40.294] [stress] 512 tori | 1179648 tris/frame | 103.5 fps | 122.0 Mtris/s
[18:58:41.299] [poc5-stress] 103.3 fps | frame 9.68 ms | drain 6.39 ms
[18:58:41.302] [stress] 512 tori | 1179648 tris/frame | 103.3 fps | 121.9 Mtris/s
[18:58:42.307] [poc5-stress] 103.2 fps | frame 9.69 ms | drain 6.39 ms
[18:58:42.309] [stress] 512 tori | 1179648 tris/frame | 103.2 fps | 121.7 Mtris/s
[18:58:43.316] [poc5-stress] 103.1 fps | frame 9.70 ms | drain 6.40 ms
[18:58:43.318] [stress] 512 tori | 1179648 tris/frame | 103.1 fps | 121.6 Mtris/s
[18:58:44.317] [poc5-stress] 102.9 fps | frame 9.72 ms | drain 6.40 ms
[18:58:44.319] [stress] 512 tori | 1179648 tris/frame | 102.9 fps | 121.4 Mtris/s
[18:58:45.319] [poc5-stress] 102.8 fps | frame 9.73 ms | drain 6.41 ms
[18:58:45.321] [stress] 512 tori | 1179648 tris/frame | 102.8 fps | 121.3 Mtris/s
[18:58:46.322] [poc5-stress] 102.7 fps | frame 9.74 ms | drain 6.41 ms
[18:58:46.323] [stress] 512 tori | 1179648 tris/frame | 102.7 fps | 121.1 Mtris/s
[18:58:47.327] [poc5-stress] 102.6 fps | frame 9.75 ms | drain 6.42 ms
[18:58:47.329] [stress] 512 tori | 1179648 tris/frame | 102.6 fps | 121.0 Mtris/s
[18:58:48.332] [poc5-stress] 102.4 fps | frame 9.77 ms | drain 6.42 ms
[18:58:48.334] [stress] 512 tori | 1179648 tris/frame | 102.4 fps | 120.8 Mtris/s
[18:58:49.339] [poc5-stress] 102.3 fps | frame 9.78 ms | drain 6.43 ms
[18:58:49.341] [stress] 512 tori | 1179648 tris/frame | 102.3 fps | 120.7 Mtris/s
[18:58:50.348] [poc5-stress] 102.2 fps | frame 9.78 ms | drain 6.43 ms
[18:58:50.350] [stress] 512 tori | 1179648 tris/frame | 102.2 fps | 120.6 Mtris/s
[18:58:51.356] [poc5-stress] 102.1 fps | frame 9.79 ms | drain 6.43 ms
[18:58:51.358] [stress] 512 tori | 1179648 tris/frame | 102.1 fps | 120.5 Mtris/s
[18:58:52.356] [poc5-stress] 102.0 fps | frame 9.81 ms | drain 6.43 ms
[18:58:52.358] [stress] 512 tori | 1179648 tris/frame | 102.0 fps | 120.3 Mtris/s
[18:58:53.356] [poc5-stress] 101.9 fps | frame 9.81 ms | drain 6.43 ms
[18:58:53.358] [stress] 512 tori | 1179648 tris/frame | 101.9 fps | 120.2 Mtris/s
[18:58:54.358] [poc5-stress] 101.8 fps | frame 9.82 ms | drain 6.43 ms
[18:58:54.361] [stress] 512 tori | 1179648 tris/frame | 101.8 fps | 120.1 Mtris/s
[18:58:55.360] [poc5-stress] 101.7 fps | frame 9.83 ms | drain 6.44 ms
[18:58:55.362] [stress] 512 tori | 1179648 tris/frame | 101.7 fps | 120.0 Mtris/s
[18:58:56.363] [poc5-stress] 101.7 fps | frame 9.84 ms | drain 6.43 ms
[18:58:56.366] [stress] 512 tori | 1179648 tris/frame | 101.7 fps | 119.9 Mtris/s
[18:58:57.367] [poc5-stress] 101.6 fps | frame 9.84 ms | drain 6.44 ms
[18:58:57.369] [stress] 512 tori | 1179648 tris/frame | 101.6 fps | 119.9 Mtris/s
[18:58:58.372] [poc5-stress] 101.6 fps | frame 9.85 ms | drain 6.44 ms
[18:58:58.375] [stress] 512 tori | 1179648 tris/frame | 101.6 fps | 119.8 Mtris/s
[18:58:59.376] [poc5-stress] 101.5 fps | frame 9.86 ms | drain 6.43 ms
[18:58:59.379] [stress] 512 tori | 1179648 tris/frame | 101.5 fps | 119.7 Mtris/s
[18:59:00.384] [poc5-stress] 101.4 fps | frame 9.86 ms | drain 6.43 ms
[18:59:00.386] [stress] 512 tori | 1179648 tris/frame | 101.4 fps | 119.6 Mtris/s
[18:59:01.390] [poc5-stress] 101.3 fps | frame 9.87 ms | drain 6.43 ms
[18:59:01.392] [stress] 512 tori | 1179648 tris/frame | 101.3 fps | 119.5 Mtris/s
[18:59:02.397] [poc5-stress] 101.3 fps | frame 9.87 ms | drain 6.43 ms
[18:59:02.399] [stress] 512 tori | 1179648 tris/frame | 101.3 fps | 119.5 Mtris/s
[18:59:03.405] [poc5-stress] 101.2 fps | frame 9.88 ms | drain 6.43 ms
[18:59:03.429] [stress] 512 tori | 1179648 tris/frame | 101.2 fps | 119.4 Mtris/s
[18:59:04.413] [poc5-stress] 101.2 fps | frame 9.88 ms | drain 6.42 ms
[18:59:04.415] [stress] 512 tori | 1179648 tris/frame | 101.2 fps | 119.4 Mtris/s
[18:59:05.421] [poc5-stress] 101.2 fps | frame 9.89 ms | drain 6.42 ms
[18:59:05.423] [stress] 512 tori | 1179648 tris/frame | 101.2 fps | 119.3 Mtris/s
[18:59:06.429] [poc5-stress] 101.2 fps | frame 9.89 ms | drain 6.42 ms
[18:59:06.431] [stress] 512 tori | 1179648 tris/frame | 101.2 fps | 119.3 Mtris/s
[18:59:07.438] [poc5-stress] 101.1 fps | frame 9.89 ms | drain 6.41 ms
[18:59:07.440] [stress] 512 tori | 1179648 tris/frame | 101.1 fps | 119.3 Mtris/s
[18:59:08.446] [poc5-stress] 101.1 fps | frame 9.89 ms | drain 6.40 ms
[18:59:08.449] [stress] 512 tori | 1179648 tris/frame | 101.1 fps | 119.3 Mtris/s
[18:59:09.455] [poc5-stress] 101.1 fps | frame 9.89 ms | drain 6.40 ms
[18:59:09.459] [stress] 512 tori | 1179648 tris/frame | 101.1 fps | 119.2 Mtris/s
[18:59:10.465] [poc5-stress] 101.1 fps | frame 9.89 ms | drain 6.39 ms
[18:59:10.467] [stress] 512 tori | 1179648 tris/frame | 101.1 fps | 119.2 Mtris/s
[18:59:11.473] [poc5-stress] 101.1 fps | frame 9.89 ms | drain 6.39 ms
[18:59:11.476] [stress] 512 tori | 1179648 tris/frame | 101.1 fps | 119.2 Mtris/s
[18:59:12.484] [poc5-stress] 101.1 fps | frame 9.90 ms | drain 6.38 ms
[18:59:12.487] [stress] 512 tori | 1179648 tris/frame | 101.1 fps | 119.2 Mtris/s
[18:59:13.492] [poc5-stress] 101.0 fps | frame 9.90 ms | drain 6.38 ms
[18:59:13.495] [stress] 512 tori | 1179648 tris/frame | 101.0 fps | 119.2 Mtris/s
[18:59:14.493] [poc5-stress] 101.0 fps | frame 9.90 ms | drain 6.37 ms
[18:59:14.495] [stress] 512 tori | 1179648 tris/frame | 101.0 fps | 119.1 Mtris/s
[18:59:15.493] [poc5-stress] 101.0 fps | frame 9.90 ms | drain 6.37 ms
[18:59:15.497] [stress] 512 tori | 1179648 tris/frame | 101.0 fps | 119.1 Mtris/s
[18:59:16.494] [poc5-stress] 101.0 fps | frame 9.91 ms | drain 6.36 ms
[18:59:16.497] [stress] 512 tori | 1179648 tris/frame | 101.0 fps | 119.1 Mtris/s
[18:59:17.495] [poc5-stress] 100.9 fps | frame 9.91 ms | drain 6.36 ms
[18:59:17.496] [stress] 512 tori | 1179648 tris/frame | 100.9 fps | 119.0 Mtris/s
[18:59:18.496] [poc5-stress] 100.9 fps | frame 9.91 ms | drain 6.35 ms
[18:59:18.498] [stress] 512 tori | 1179648 tris/frame | 100.9 fps | 119.0 Mtris/s
[18:59:19.496] [poc5-stress] 100.9 fps | frame 9.91 ms | drain 6.35 ms
[18:59:19.499] [stress] 512 tori | 1179648 tris/frame | 100.9 fps | 119.0 Mtris/s
[18:59:20.499] [poc5-stress] 100.8 fps | frame 9.92 ms | drain 6.35 ms
[18:59:20.501] [stress] 512 tori | 1179648 tris/frame | 100.8 fps | 118.9 Mtris/s
[18:59:21.501] [poc5-stress] 100.8 fps | frame 9.92 ms | drain 6.35 ms
[18:59:21.503] [stress] 512 tori | 1179648 tris/frame | 100.8 fps | 118.9 Mtris/s
[18:59:22.504] [poc5-stress] 100.7 fps | frame 9.93 ms | drain 6.34 ms
[18:59:22.506] [stress] 512 tori | 1179648 tris/frame | 100.7 fps | 118.8 Mtris/s
[18:59:23.509] [poc5-stress] 100.5 fps | frame 9.95 ms | drain 6.35 ms
[18:59:23.512] [stress] 512 tori | 1179648 tris/frame | 100.5 fps | 118.6 Mtris/s
[18:59:24.513] [poc5-stress] 100.6 fps | frame 9.94 ms | drain 6.34 ms
[18:59:24.516] [stress] 512 tori | 1179648 tris/frame | 100.6 fps | 118.6 Mtris/s
[18:59:25.518] [poc5-stress] 100.5 fps | frame 9.95 ms | drain 6.34 ms
[18:59:25.522] [stress] 512 tori | 1179648 tris/frame | 100.5 fps | 118.6 Mtris/s
[18:59:26.524] [poc5-stress] 100.4 fps | frame 9.96 ms | drain 6.34 ms
[18:59:26.526] [stress] 512 tori | 1179648 tris/frame | 100.4 fps | 118.5 Mtris/s
[18:59:27.531] [poc5-stress] 100.4 fps | frame 9.96 ms | drain 6.34 ms
[18:59:27.534] [stress] 512 tori | 1179648 tris/frame | 100.4 fps | 118.4 Mtris/s
[18:59:28.536] [poc5-stress] 100.3 fps | frame 9.97 ms | drain 6.34 ms
[18:59:28.539] [stress] 512 tori | 1179648 tris/frame | 100.3 fps | 118.3 Mtris/s
[18:59:29.545] [poc5-stress] 100.2 fps | frame 9.98 ms | drain 6.34 ms
[18:59:29.547] [stress] 512 tori | 1179648 tris/frame | 100.2 fps | 118.2 Mtris/s
[18:59:30.553] [poc5-stress] 100.1 fps | frame 9.99 ms | drain 6.34 ms
[18:59:30.556] [stress] 512 tori | 1179648 tris/frame | 100.1 fps | 118.1 Mtris/s
[18:59:31.563] [poc5-stress] 100.0 fps | frame 10.00 ms | drain 6.34 ms
[18:59:31.565] [stress] 512 tori | 1179648 tris/frame | 100.0 fps | 118.0 Mtris/s
[18:59:32.563] [poc5-stress] 99.9 fps | frame 10.01 ms | drain 6.34 ms
[18:59:32.566] [stress] 512 tori | 1179648 tris/frame | 99.9 fps | 117.8 Mtris/s
[18:59:33.565] [poc5-stress] 99.9 fps | frame 10.01 ms | drain 6.35 ms
[18:59:33.568] [stress] 512 tori | 1179648 tris/frame | 99.9 fps | 117.8 Mtris/s
[18:59:34.566] [poc5-stress] 99.8 fps | frame 10.02 ms | drain 6.34 ms
[18:59:34.569] [stress] 512 tori | 1179648 tris/frame | 99.8 fps | 117.7 Mtris/s
[18:59:35.568] [poc5-stress] 99.9 fps | frame 10.01 ms | drain 6.34 ms
[18:59:35.570] [stress] 512 tori | 1179648 tris/frame | 99.9 fps | 117.8 Mtris/s
[18:59:36.572] [poc5-stress] 99.6 fps | frame 10.04 ms | drain 6.35 ms
[18:59:36.574] [stress] 512 tori | 1179648 tris/frame | 99.6 fps | 117.5 Mtris/s
[18:59:37.576] [poc5-stress] 99.5 fps | frame 10.05 ms | drain 6.35 ms
[18:59:37.578] [stress] 512 tori | 1179648 tris/frame | 99.5 fps | 117.4 Mtris/s
[18:59:38.582] [poc5-stress] 99.4 fps | frame 10.06 ms | drain 6.36 ms
[18:59:38.584] [stress] 512 tori | 1179648 tris/frame | 99.4 fps | 117.3 Mtris/s
[18:59:39.589] [poc5-stress] 99.3 fps | frame 10.07 ms | drain 6.36 ms
[18:59:39.591] [stress] 512 tori | 1179648 tris/frame | 99.3 fps | 117.1 Mtris/s
[18:59:40.597] [poc5-stress] 99.2 fps | frame 10.08 ms | drain 6.37 ms
[18:59:40.600] [stress] 512 tori | 1179648 tris/frame | 99.2 fps | 117.0 Mtris/s
[18:59:41.608] [poc5-stress] 99.1 fps | frame 10.09 ms | drain 6.37 ms
[18:59:41.610] [stress] 512 tori | 1179648 tris/frame | 99.1 fps | 116.9 Mtris/s
[18:59:42.608] [poc5-stress] 98.9 fps | frame 10.11 ms | drain 6.38 ms
[18:59:42.610] [stress] 512 tori | 1179648 tris/frame | 98.9 fps | 116.7 Mtris/s
[18:59:43.610] [poc5-stress] 98.8 fps | frame 10.12 ms | drain 6.38 ms
[18:59:43.612] [stress] 512 tori | 1179648 tris/frame | 98.8 fps | 116.6 Mtris/s
[18:59:44.613] [poc5-stress] 98.7 fps | frame 10.13 ms | drain 6.39 ms
[18:59:44.615] [stress] 512 tori | 1179648 tris/frame | 98.7 fps | 116.4 Mtris/s
[18:59:45.618] [poc5-stress] 98.5 fps | frame 10.15 ms | drain 6.40 ms
[18:59:45.620] [stress] 512 tori | 1179648 tris/frame | 98.5 fps | 116.2 Mtris/s
[18:59:46.626] [poc5-stress] 98.5 fps | frame 10.16 ms | drain 6.40 ms
[18:59:46.629] [stress] 512 tori | 1179648 tris/frame | 98.5 fps | 116.1 Mtris/s
[18:59:47.631] [poc5-stress] 98.2 fps | frame 10.18 ms | drain 6.41 ms
[18:59:47.633] [stress] 512 tori | 1179648 tris/frame | 98.2 fps | 115.9 Mtris/s
[18:59:48.639] [poc5-stress] 98.2 fps | frame 10.18 ms | drain 6.41 ms
[18:59:48.642] [stress] 512 tori | 1179648 tris/frame | 98.2 fps | 115.8 Mtris/s
[18:59:49.649] [poc5-stress] 98.1 fps | frame 10.20 ms | drain 6.42 ms
[18:59:49.651] [stress] 512 tori | 1179648 tris/frame | 98.1 fps | 115.7 Mtris/s
[18:59:50.650] [poc5-stress] 98.0 fps | frame 10.21 ms | drain 6.42 ms
[18:59:50.652] [stress] 512 tori | 1179648 tris/frame | 98.0 fps | 115.6 Mtris/s
[18:59:51.650] [poc5-stress] 97.8 fps | frame 10.22 ms | drain 6.42 ms
[18:59:51.653] [stress] 512 tori | 1179648 tris/frame | 97.8 fps | 115.4 Mtris/s
[18:59:52.654] [poc5-stress] 97.8 fps | frame 10.23 ms | drain 6.42 ms
[18:59:52.656] [stress] 512 tori | 1179648 tris/frame | 97.8 fps | 115.4 Mtris/s
[18:59:53.656] [poc5-stress] 97.7 fps | frame 10.24 ms | drain 6.43 ms
[18:59:53.658] [stress] 512 tori | 1179648 tris/frame | 97.7 fps | 115.2 Mtris/s
[18:59:54.662] [poc5-stress] 97.6 fps | frame 10.25 ms | drain 6.43 ms
[18:59:54.664] [stress] 512 tori | 1179648 tris/frame | 97.6 fps | 115.1 Mtris/s
[18:59:55.666] [poc5-stress] 97.5 fps | frame 10.26 ms | drain 6.43 ms
[18:59:55.669] [stress] 512 tori | 1179648 tris/frame | 97.5 fps | 115.0 Mtris/s
[18:59:56.672] [poc5-stress] 97.4 fps | frame 10.27 ms | drain 6.43 ms
[18:59:56.674] [stress] 512 tori | 1179648 tris/frame | 97.4 fps | 114.9 Mtris/s
[18:59:57.679] [poc5-stress] 97.4 fps | frame 10.27 ms | drain 6.43 ms
[18:59:57.681] [stress] 512 tori | 1179648 tris/frame | 97.4 fps | 114.9 Mtris/s
[18:59:58.686] [poc5-stress] 97.2 fps | frame 10.29 ms | drain 6.44 ms
[18:59:58.689] [stress] 512 tori | 1179648 tris/frame | 97.2 fps | 114.7 Mtris/s
[18:59:59.695] [poc5-stress] 97.2 fps | frame 10.29 ms | drain 6.44 ms
[18:59:59.698] [stress] 512 tori | 1179648 tris/frame | 97.2 fps | 114.7 Mtris/s
[19:00:00.704] [poc5-stress] 97.1 fps | frame 10.30 ms | drain 6.44 ms
[19:00:00.706] [stress] 512 tori | 1179648 tris/frame | 97.1 fps | 114.6 Mtris/s
[19:00:01.713] [poc5-stress] 97.1 fps | frame 10.30 ms | drain 6.44 ms
[19:00:01.715] [stress] 512 tori | 1179648 tris/frame | 97.1 fps | 114.5 Mtris/s
[19:00:02.723] [poc5-stress] 97.0 fps | frame 10.31 ms | drain 6.43 ms
[19:00:02.726] [stress] 512 tori | 1179648 tris/frame | 97.0 fps | 114.4 Mtris/s
[19:00:03.726] [poc5-stress] 96.9 fps | frame 10.32 ms | drain 6.43 ms
[19:00:03.729] [stress] 512 tori | 1179648 tris/frame | 96.9 fps | 114.3 Mtris/s
[19:00:04.726] [poc5-stress] 96.9 fps | frame 10.32 ms | drain 6.43 ms
[19:00:04.728] [stress] 512 tori | 1179648 tris/frame | 96.9 fps | 114.3 Mtris/s
[19:00:05.727] [poc5-stress] 96.9 fps | frame 10.32 ms | drain 6.43 ms
[19:00:05.730] [stress] 512 tori | 1179648 tris/frame | 96.9 fps | 114.3 Mtris/s
[19:00:06.729] [poc5-stress] 96.8 fps | frame 10.33 ms | drain 6.43 ms
[19:00:06.731] [stress] 512 tori | 1179648 tris/frame | 96.8 fps | 114.2 Mtris/s
[19:00:07.731] [poc5-stress] 96.8 fps | frame 10.33 ms | drain 6.42 ms
[19:00:07.734] [stress] 512 tori | 1179648 tris/frame | 96.8 fps | 114.2 Mtris/s
[19:00:08.734] [poc5-stress] 96.8 fps | frame 10.34 ms | drain 6.42 ms
[19:00:08.736] [stress] 512 tori | 1179648 tris/frame | 96.8 fps | 114.1 Mtris/s
[19:00:09.737] [poc5-stress] 96.7 fps | frame 10.34 ms | drain 6.41 ms
[19:00:09.740] [stress] 512 tori | 1179648 tris/frame | 96.7 fps | 114.1 Mtris/s
[19:00:10.739] [poc5-stress] 96.7 fps | frame 10.34 ms | drain 6.41 ms
[19:00:10.742] [stress] 512 tori | 1179648 tris/frame | 96.7 fps | 114.0 Mtris/s
[19:00:11.744] [poc5-stress] 96.7 fps | frame 10.35 ms | drain 6.40 ms
[19:00:11.746] [stress] 512 tori | 1179648 tris/frame | 96.7 fps | 114.0 Mtris/s
[19:00:12.747] [poc5-stress] 96.7 fps | frame 10.34 ms | drain 6.40 ms
[19:00:12.750] [stress] 512 tori | 1179648 tris/frame | 96.7 fps | 114.0 Mtris/s
[19:00:13.751] [poc5-stress] 96.6 fps | frame 10.35 ms | drain 6.39 ms
[19:00:13.752] [stress] 512 tori | 1179648 tris/frame | 96.6 fps | 114.0 Mtris/s
[19:00:14.753] [poc5-stress] 96.7 fps | frame 10.34 ms | drain 6.39 ms
[19:00:14.756] [stress] 512 tori | 1179648 tris/frame | 96.7 fps | 114.0 Mtris/s
[19:00:15.758] [poc5-stress] 96.6 fps | frame 10.35 ms | drain 6.38 ms
[19:00:15.760] [stress] 512 tori | 1179648 tris/frame | 96.6 fps | 114.0 Mtris/s
[19:00:16.761] [poc5-stress] 96.6 fps | frame 10.35 ms | drain 6.38 ms
[19:00:16.764] [stress] 512 tori | 1179648 tris/frame | 96.6 fps | 114.0 Mtris/s
[19:00:17.766] [poc5-stress] 96.6 fps | frame 10.35 ms | drain 6.37 ms
[19:00:17.769] [stress] 512 tori | 1179648 tris/frame | 96.6 fps | 114.0 Mtris/s
[19:00:18.770] [poc5-stress] 96.6 fps | frame 10.36 ms | drain 6.37 ms
[19:00:18.772] [stress] 512 tori | 1179648 tris/frame | 96.6 fps | 113.9 Mtris/s
[19:00:19.775] [poc5-stress] 96.5 fps | frame 10.37 ms | drain 6.36 ms
[19:00:19.777] [stress] 512 tori | 1179648 tris/frame | 96.5 fps | 113.8 Mtris/s
[19:00:20.781] [poc5-stress] 96.5 fps | frame 10.36 ms | drain 6.35 ms
[19:00:20.783] [stress] 512 tori | 1179648 tris/frame | 96.5 fps | 113.9 Mtris/s
[19:00:21.785] [poc5-stress] 96.5 fps | frame 10.36 ms | drain 6.35 ms
[19:00:21.788] [stress] 512 tori | 1179648 tris/frame | 96.5 fps | 113.8 Mtris/s
[19:00:22.791] [poc5-stress] 96.5 fps | frame 10.36 ms | drain 6.35 ms
[19:00:22.793] [stress] 512 tori | 1179648 tris/frame | 96.5 fps | 113.8 Mtris/s
[19:00:23.797] [poc5-stress] 96.4 fps | frame 10.38 ms | drain 6.35 ms
[19:00:23.799] [stress] 512 tori | 1179648 tris/frame | 96.4 fps | 113.7 Mtris/s
[19:00:24.804] [poc5-stress] 96.3 fps | frame 10.38 ms | drain 6.35 ms
[19:00:24.806] [stress] 512 tori | 1179648 tris/frame | 96.3 fps | 113.7 Mtris/s
[19:00:25.812] [poc5-stress] 96.3 fps | frame 10.39 ms | drain 6.34 ms
[19:00:25.814] [stress] 512 tori | 1179648 tris/frame | 96.3 fps | 113.6 Mtris/s
[19:00:26.820] [poc5-stress] 96.2 fps | frame 10.39 ms | drain 6.34 ms
[19:00:26.821] [stress] 512 tori | 1179648 tris/frame | 96.2 fps | 113.5 Mtris/s
[19:00:27.828] [poc5-stress] 96.2 fps | frame 10.40 ms | drain 6.34 ms
[19:00:27.831] [stress] 512 tori | 1179648 tris/frame | 96.2 fps | 113.5 Mtris/s
[19:00:28.836] [poc5-stress] 96.2 fps | frame 10.40 ms | drain 6.34 ms
[19:00:28.839] [stress] 512 tori | 1179648 tris/frame | 96.2 fps | 113.4 Mtris/s
[19:00:29.846] [poc5-stress] 96.1 fps | frame 10.41 ms | drain 6.34 ms
[19:00:29.848] [stress] 512 tori | 1179648 tris/frame | 96.1 fps | 113.3 Mtris/s
[19:00:30.863] [poc5-stress] 96.0 fps | frame 10.42 ms | drain 6.34 ms
[19:00:30.905] [stress] 512 tori | 1179648 tris/frame | 96.0 fps | 113.3 Mtris/s
[19:00:31.857] [poc5-stress] 96.0 fps | frame 10.42 ms | drain 6.34 ms
[19:00:31.860] [stress] 512 tori | 1179648 tris/frame | 96.0 fps | 113.2 Mtris/s
[19:00:32.859] [poc5-stress] 95.9 fps | frame 10.43 ms | drain 6.34 ms
[19:00:32.861] [stress] 512 tori | 1179648 tris/frame | 95.9 fps | 113.1 Mtris/s
[19:00:33.861] [poc5-stress] 95.8 fps | frame 10.44 ms | drain 6.34 ms
[19:00:33.862] [stress] 512 tori | 1179648 tris/frame | 95.8 fps | 113.0 Mtris/s
[19:00:34.864] [poc5-stress] 95.7 fps | frame 10.45 ms | drain 6.34 ms
[19:00:34.866] [stress] 512 tori | 1179648 tris/frame | 95.7 fps | 112.9 Mtris/s
[19:00:35.868] [poc5-stress] 95.6 fps | frame 10.46 ms | drain 6.34 ms
[19:00:35.870] [stress] 512 tori | 1179648 tris/frame | 95.6 fps | 112.8 Mtris/s
[19:00:36.873] [poc5-stress] 95.6 fps | frame 10.46 ms | drain 6.34 ms
[19:00:36.875] [stress] 512 tori | 1179648 tris/frame | 95.6 fps | 112.8 Mtris/s
[19:00:37.880] [poc5-stress] 95.4 fps | frame 10.49 ms | drain 6.35 ms
[19:00:37.881] [stress] 512 tori | 1179648 tris/frame | 95.4 fps | 112.5 Mtris/s
[19:00:38.889] [poc5-stress] 95.3 fps | frame 10.49 ms | drain 6.35 ms
[19:00:38.891] [stress] 512 tori | 1179648 tris/frame | 95.3 fps | 112.4 Mtris/s
[19:00:39.893] [poc5-stress] 95.3 fps | frame 10.50 ms | drain 6.35 ms
[19:00:39.896] [stress] 512 tori | 1179648 tris/frame | 95.3 fps | 112.4 Mtris/s
[19:00:40.902] [poc5-stress] 95.2 fps | frame 10.50 ms | drain 6.36 ms
[19:00:40.904] [stress] 512 tori | 1179648 tris/frame | 95.2 fps | 112.3 Mtris/s
[19:00:41.912] [poc5-stress] 95.1 fps | frame 10.52 ms | drain 6.36 ms
[19:00:41.913] [stress] 512 tori | 1179648 tris/frame | 95.1 fps | 112.2 Mtris/s
[19:00:42.913] [poc5-stress] 95.0 fps | frame 10.53 ms | drain 6.36 ms
[19:00:42.915] [stress] 512 tori | 1179648 tris/frame | 95.0 fps | 112.0 Mtris/s
[19:00:43.915] [poc5-stress] 94.9 fps | frame 10.54 ms | drain 6.37 ms
[19:00:43.917] [stress] 512 tori | 1179648 tris/frame | 94.9 fps | 111.9 Mtris/s
[19:00:44.916] [poc5-stress] 94.8 fps | frame 10.55 ms | drain 6.38 ms
[19:00:44.918] [stress] 512 tori | 1179648 tris/frame | 94.8 fps | 111.8 Mtris/s
[19:00:45.920] [poc5-stress] 94.6 fps | frame 10.57 ms | drain 6.38 ms
[19:00:45.922] [stress] 512 tori | 1179648 tris/frame | 94.6 fps | 111.6 Mtris/s
[19:00:46.925] [poc5-stress] 94.6 fps | frame 10.57 ms | drain 6.38 ms
[19:00:46.927] [stress] 512 tori | 1179648 tris/frame | 94.6 fps | 111.6 Mtris/s
[19:00:47.930] [poc5-stress] 94.4 fps | frame 10.59 ms | drain 6.39 ms
[19:00:47.932] [stress] 512 tori | 1179648 tris/frame | 94.4 fps | 111.4 Mtris/s
[19:00:48.937] [poc5-stress] 94.3 fps | frame 10.60 ms | drain 6.40 ms
[19:00:48.939] [stress] 512 tori | 1179648 tris/frame | 94.3 fps | 111.3 Mtris/s
[19:00:49.947] [poc5-stress] 94.3 fps | frame 10.61 ms | drain 6.40 ms
[19:00:49.949] [stress] 512 tori | 1179648 tris/frame | 94.3 fps | 111.2 Mtris/s
[19:00:50.953] [poc5-stress] 94.2 fps | frame 10.62 ms | drain 6.41 ms
[19:00:50.956] [stress] 512 tori | 1179648 tris/frame | 94.2 fps | 111.1 Mtris/s
[19:00:51.962] [poc5-stress] 94.2 fps | frame 10.62 ms | drain 6.41 ms
[19:00:51.964] [stress] 512 tori | 1179648 tris/frame | 94.2 fps | 111.1 Mtris/s
[19:00:52.972] [poc5-stress] 94.0 fps | frame 10.63 ms | drain 6.42 ms
[19:00:52.974] [stress] 512 tori | 1179648 tris/frame | 94.0 fps | 110.9 Mtris/s
[19:00:53.973] [poc5-stress] 94.0 fps | frame 10.64 ms | drain 6.42 ms
[19:00:53.974] [stress] 512 tori | 1179648 tris/frame | 94.0 fps | 110.9 Mtris/s
[19:00:54.973] [poc5-stress] 93.9 fps | frame 10.65 ms | drain 6.43 ms
[19:00:54.976] [stress] 512 tori | 1179648 tris/frame | 93.9 fps | 110.8 Mtris/s
[19:00:55.975] [poc5-stress] 93.9 fps | frame 10.65 ms | drain 6.43 ms
[19:00:55.977] [stress] 512 tori | 1179648 tris/frame | 93.9 fps | 110.7 Mtris/s
[19:00:56.977] [poc5-stress] 93.8 fps | frame 10.66 ms | drain 6.43 ms
[19:00:56.979] [stress] 512 tori | 1179648 tris/frame | 93.8 fps | 110.7 Mtris/s
[19:00:57.980] [poc5-stress] 93.8 fps | frame 10.66 ms | drain 6.43 ms
[19:00:57.982] [stress] 512 tori | 1179648 tris/frame | 93.8 fps | 110.6 Mtris/s
[19:00:58.982] [poc5-stress] 93.7 fps | frame 10.67 ms | drain 6.43 ms
[19:00:58.984] [stress] 512 tori | 1179648 tris/frame | 93.7 fps | 110.5 Mtris/s
[19:00:59.986] [poc5-stress] 93.7 fps | frame 10.68 ms | drain 6.43 ms
[19:00:59.988] [stress] 512 tori | 1179648 tris/frame | 93.7 fps | 110.5 Mtris/s
[19:01:00.990] [poc5-stress] 93.6 fps | frame 10.68 ms | drain 6.44 ms
[19:01:00.992] [stress] 512 tori | 1179648 tris/frame | 93.6 fps | 110.4 Mtris/s
[19:01:01.994] [poc5-stress] 93.6 fps | frame 10.69 ms | drain 6.44 ms
[19:01:01.997] [stress] 512 tori | 1179648 tris/frame | 93.6 fps | 110.4 Mtris/s
[19:01:02.999] [poc5-stress] 93.6 fps | frame 10.69 ms | drain 6.44 ms
[19:01:03.002] [stress] 512 tori | 1179648 tris/frame | 93.6 fps | 110.4 Mtris/s
[19:01:04.005] [poc5-stress] 93.5 fps | frame 10.69 ms | drain 6.44 ms
[19:01:04.007] [stress] 512 tori | 1179648 tris/frame | 93.5 fps | 110.3 Mtris/s
[19:01:05.010] [poc5-stress] 93.5 fps | frame 10.70 ms | drain 6.44 ms
[19:01:05.012] [stress] 512 tori | 1179648 tris/frame | 93.5 fps | 110.3 Mtris/s
[19:01:06.015] [poc5-stress] 93.5 fps | frame 10.70 ms | drain 6.43 ms
[19:01:06.017] [stress] 512 tori | 1179648 tris/frame | 93.5 fps | 110.3 Mtris/s
[19:01:07.022] [poc5-stress] 93.5 fps | frame 10.70 ms | drain 6.43 ms
[19:01:07.026] [stress] 512 tori | 1179648 tris/frame | 93.5 fps | 110.3 Mtris/s
[19:01:08.027] [poc5-stress] 93.5 fps | frame 10.70 ms | drain 6.43 ms
[19:01:08.029] [stress] 512 tori | 1179648 tris/frame | 93.5 fps | 110.3 Mtris/s
[19:01:09.033] [poc5-stress] 93.4 fps | frame 10.70 ms | drain 6.43 ms
[19:01:09.035] [stress] 512 tori | 1179648 tris/frame | 93.4 fps | 110.2 Mtris/s
[19:01:10.039] [poc5-stress] 93.4 fps | frame 10.71 ms | drain 6.43 ms
[19:01:10.042] [stress] 512 tori | 1179648 tris/frame | 93.4 fps | 110.2 Mtris/s
[19:01:11.046] [poc5-stress] 93.5 fps | frame 10.70 ms | drain 6.42 ms
[19:01:11.048] [stress] 512 tori | 1179648 tris/frame | 93.5 fps | 110.3 Mtris/s
[19:01:12.051] [poc5-stress] 93.4 fps | frame 10.71 ms | drain 6.42 ms
[19:01:12.053] [stress] 512 tori | 1179648 tris/frame | 93.4 fps | 110.2 Mtris/s
[19:01:13.057] [poc5-stress] 93.5 fps | frame 10.70 ms | drain 6.41 ms
[19:01:13.060] [stress] 512 tori | 1179648 tris/frame | 93.5 fps | 110.2 Mtris/s
[19:01:14.063] [poc5-stress] 93.4 fps | frame 10.70 ms | drain 6.41 ms
[19:01:14.065] [stress] 512 tori | 1179648 tris/frame | 93.4 fps | 110.2 Mtris/s
[19:01:15.070] [poc5-stress] 93.4 fps | frame 10.70 ms | drain 6.40 ms
[19:01:15.072] [stress] 512 tori | 1179648 tris/frame | 93.4 fps | 110.2 Mtris/s
[19:01:16.077] [poc5-stress] 93.5 fps | frame 10.69 ms | drain 6.39 ms
[19:01:16.080] [stress] 512 tori | 1179648 tris/frame | 93.5 fps | 110.3 Mtris/s
[19:01:17.080] [poc5-stress] 93.5 fps | frame 10.69 ms | drain 6.39 ms
[19:01:17.082] [stress] 512 tori | 1179648 tris/frame | 93.5 fps | 110.3 Mtris/s
[19:01:18.086] [poc5-stress] 93.5 fps | frame 10.69 ms | drain 6.38 ms
[19:01:18.089] [stress] 512 tori | 1179648 tris/frame | 93.5 fps | 110.3 Mtris/s
[19:01:19.092] [poc5-stress] 93.5 fps | frame 10.69 ms | drain 6.38 ms
[19:01:19.095] [stress] 512 tori | 1179648 tris/frame | 93.5 fps | 110.3 Mtris/s
[19:01:20.095] [poc5-stress] 93.5 fps | frame 10.69 ms | drain 6.37 ms
[19:01:20.098] [stress] 512 tori | 1179648 tris/frame | 93.5 fps | 110.3 Mtris/s
[19:01:21.099] [poc5-stress] 93.6 fps | frame 10.69 ms | drain 6.37 ms
[19:01:21.101] [stress] 512 tori | 1179648 tris/frame | 93.6 fps | 110.4 Mtris/s
[19:01:22.105] [poc5-stress] 93.6 fps | frame 10.69 ms | drain 6.36 ms
[19:01:22.107] [stress] 512 tori | 1179648 tris/frame | 93.6 fps | 110.4 Mtris/s
[19:01:23.111] [poc5-stress] 93.6 fps | frame 10.69 ms | drain 6.36 ms
[19:01:23.113] [stress] 512 tori | 1179648 tris/frame | 93.6 fps | 110.4 Mtris/s
[19:01:24.113] [poc5-stress] 93.6 fps | frame 10.69 ms | drain 6.35 ms
[19:01:24.115] [stress] 512 tori | 1179648 tris/frame | 93.6 fps | 110.4 Mtris/s
[19:01:25.118] [poc5-stress] 93.6 fps | frame 10.69 ms | drain 6.35 ms
[19:01:25.121] [stress] 512 tori | 1179648 tris/frame | 93.6 fps | 110.4 Mtris/s
[19:01:26.122] [poc5-stress] 93.6 fps | frame 10.69 ms | drain 6.35 ms
[19:01:26.126] [stress] 512 tori | 1179648 tris/frame | 93.6 fps | 110.4 Mtris/s
[19:01:27.128] [poc5-stress] 93.5 fps | frame 10.69 ms | drain 6.35 ms
[19:01:27.130] [stress] 512 tori | 1179648 tris/frame | 93.5 fps | 110.3 Mtris/s
[19:01:28.132] [poc5-stress] 93.5 fps | frame 10.69 ms | drain 6.34 ms
[19:01:28.134] [stress] 512 tori | 1179648 tris/frame | 93.5 fps | 110.3 Mtris/s
[19:01:29.138] [poc5-stress] 93.5 fps | frame 10.69 ms | drain 6.34 ms
[19:01:29.140] [stress] 512 tori | 1179648 tris/frame | 93.5 fps | 110.3 Mtris/s
[19:01:30.143] [poc5-stress] 93.5 fps | frame 10.70 ms | drain 6.34 ms
[19:01:30.146] [stress] 512 tori | 1179648 tris/frame | 93.5 fps | 110.3 Mtris/s
[19:01:31.152] [poc5-stress] 93.4 fps | frame 10.70 ms | drain 6.34 ms
[19:01:31.154] [stress] 512 tori | 1179648 tris/frame | 93.4 fps | 110.2 Mtris/s
[19:01:32.155] [poc5-stress] 93.5 fps | frame 10.70 ms | drain 6.34 ms
[19:01:32.158] [stress] 512 tori | 1179648 tris/frame | 93.5 fps | 110.2 Mtris/s
[19:01:33.162] [poc5-stress] 93.4 fps | frame 10.71 ms | drain 6.34 ms
[19:01:33.164] [stress] 512 tori | 1179648 tris/frame | 93.4 fps | 110.2 Mtris/s
[19:01:34.169] [poc5-stress] 93.4 fps | frame 10.71 ms | drain 6.34 ms
[19:01:34.171] [stress] 512 tori | 1179648 tris/frame | 93.4 fps | 110.2 Mtris/s
[19:01:35.175] [poc5-stress] 93.3 fps | frame 10.72 ms | drain 6.34 ms
[19:01:35.178] [stress] 512 tori | 1179648 tris/frame | 93.3 fps | 110.1 Mtris/s
[19:01:36.183] [poc5-stress] 93.3 fps | frame 10.72 ms | drain 6.34 ms
[19:01:36.185] [stress] 512 tori | 1179648 tris/frame | 93.3 fps | 110.1 Mtris/s
[19:01:37.191] [poc5-stress] 93.3 fps | frame 10.72 ms | drain 6.34 ms
[19:01:37.193] [stress] 512 tori | 1179648 tris/frame | 93.3 fps | 110.0 Mtris/s
[19:01:38.200] [poc5-stress] 93.2 fps | frame 10.73 ms | drain 6.34 ms
[19:01:38.202] [stress] 512 tori | 1179648 tris/frame | 93.2 fps | 110.0 Mtris/s
[19:01:39.209] [poc5-stress] 93.2 fps | frame 10.74 ms | drain 6.34 ms
[19:01:39.212] [stress] 512 tori | 1179648 tris/frame | 93.2 fps | 109.9 Mtris/s
[19:01:40.218] [poc5-stress] 93.1 fps | frame 10.74 ms | drain 6.35 ms
[19:01:40.220] [stress] 512 tori | 1179648 tris/frame | 93.1 fps | 109.8 Mtris/s
[19:01:41.228] [poc5-stress] 93.1 fps | frame 10.74 ms | drain 6.35 ms
[19:01:41.230] [stress] 512 tori | 1179648 tris/frame | 93.1 fps | 109.8 Mtris/s
[19:01:42.238] [poc5-stress] 93.0 fps | frame 10.75 ms | drain 6.35 ms
[19:01:42.241] [stress] 512 tori | 1179648 tris/frame | 93.0 fps | 109.7 Mtris/s
[19:01:43.239] [poc5-stress] 93.0 fps | frame 10.76 ms | drain 6.35 ms
[19:01:43.243] [stress] 512 tori | 1179648 tris/frame | 93.0 fps | 109.7 Mtris/s
[19:01:44.254] [poc5-stress] 92.9 fps | frame 10.77 ms | drain 6.36 ms
[19:01:44.300] [stress] 512 tori | 1179648 tris/frame | 92.9 fps | 109.6 Mtris/s
[19:01:45.242] [poc5-stress] 92.8 fps | frame 10.78 ms | drain 6.37 ms
[19:01:45.245] [stress] 512 tori | 1179648 tris/frame | 92.8 fps | 109.5 Mtris/s
[19:01:46.246] [poc5-stress] 92.7 fps | frame 10.79 ms | drain 6.37 ms
[19:01:46.248] [stress] 512 tori | 1179648 tris/frame | 92.7 fps | 109.4 Mtris/s
[19:01:47.252] [poc5-stress] 92.6 fps | frame 10.80 ms | drain 6.37 ms
[19:01:47.254] [stress] 512 tori | 1179648 tris/frame | 92.6 fps | 109.3 Mtris/s
[19:01:48.254] [poc5-stress] 92.6 fps | frame 10.80 ms | drain 6.38 ms
[19:01:48.256] [stress] 512 tori | 1179648 tris/frame | 92.6 fps | 109.2 Mtris/s
[19:01:49.259] [poc5-stress] 92.5 fps | frame 10.81 ms | drain 6.38 ms
[19:01:49.262] [stress] 512 tori | 1179648 tris/frame | 92.5 fps | 109.1 Mtris/s
[19:01:50.266] [poc5-stress] 92.4 fps | frame 10.82 ms | drain 6.39 ms
[19:01:50.268] [stress] 512 tori | 1179648 tris/frame | 92.4 fps | 109.0 Mtris/s
[19:01:51.272] [poc5-stress] 92.3 fps | frame 10.83 ms | drain 6.40 ms
[19:01:51.274] [stress] 512 tori | 1179648 tris/frame | 92.3 fps | 108.9 Mtris/s
[19:01:52.282] [poc5-stress] 92.2 fps | frame 10.84 ms | drain 6.40 ms
[19:01:52.285] [stress] 512 tori | 1179648 tris/frame | 92.2 fps | 108.8 Mtris/s
[19:01:53.290] [poc5-stress] 92.2 fps | frame 10.85 ms | drain 6.41 ms
[19:01:53.293] [stress] 512 tori | 1179648 tris/frame | 92.2 fps | 108.8 Mtris/s
[19:01:54.299] [poc5-stress] 92.1 fps | frame 10.86 ms | drain 6.41 ms
[19:01:54.301] [stress] 512 tori | 1179648 tris/frame | 92.1 fps | 108.6 Mtris/s
[19:01:55.310] [poc5-stress] 92.0 fps | frame 10.87 ms | drain 6.41 ms
[19:01:55.317] [stress] 512 tori | 1179648 tris/frame | 92.0 fps | 108.6 Mtris/s
[19:01:56.310] [poc5-stress] 91.9 fps | frame 10.88 ms | drain 6.42 ms
[19:01:56.313] [stress] 512 tori | 1179648 tris/frame | 91.9 fps | 108.5 Mtris/s
[19:01:57.312] [poc5-stress] 91.9 fps | frame 10.88 ms | drain 6.43 ms
[19:01:57.314] [stress] 512 tori | 1179648 tris/frame | 91.9 fps | 108.4 Mtris/s
[19:01:58.314] [poc5-stress] 91.8 fps | frame 10.89 ms | drain 6.43 ms
[19:01:58.316] [stress] 512 tori | 1179648 tris/frame | 91.8 fps | 108.3 Mtris/s
[19:01:59.317] [poc5-stress] 91.8 fps | frame 10.90 ms | drain 6.43 ms
[19:01:59.319] [stress] 512 tori | 1179648 tris/frame | 91.8 fps | 108.3 Mtris/s
[19:02:00.319] [poc5-stress] 91.8 fps | frame 10.90 ms | drain 6.43 ms
[19:02:00.321] [stress] 512 tori | 1179648 tris/frame | 91.8 fps | 108.2 Mtris/s
[19:02:01.323] [poc5-stress] 91.7 fps | frame 10.90 ms | drain 6.43 ms
[19:02:01.325] [stress] 512 tori | 1179648 tris/frame | 91.7 fps | 108.2 Mtris/s
[19:02:02.327] [poc5-stress] 91.6 fps | frame 10.91 ms | drain 6.43 ms
[19:02:02.329] [stress] 512 tori | 1179648 tris/frame | 91.6 fps | 108.1 Mtris/s
[19:02:03.330] [poc5-stress] 91.6 fps | frame 10.91 ms | drain 6.44 ms
[19:02:03.332] [stress] 512 tori | 1179648 tris/frame | 91.6 fps | 108.1 Mtris/s
[19:02:04.335] [poc5-stress] 91.6 fps | frame 10.92 ms | drain 6.44 ms
[19:02:04.337] [stress] 512 tori | 1179648 tris/frame | 91.6 fps | 108.0 Mtris/s
[19:02:05.340] [poc5-stress] 91.5 fps | frame 10.92 ms | drain 6.44 ms
[19:02:05.343] [stress] 512 tori | 1179648 tris/frame | 91.5 fps | 108.0 Mtris/s
[19:02:06.345] [poc5-stress] 91.5 fps | frame 10.93 ms | drain 6.44 ms
[19:02:06.347] [stress] 512 tori | 1179648 tris/frame | 91.5 fps | 107.9 Mtris/s
[19:02:07.352] [poc5-stress] 91.4 fps | frame 10.94 ms | drain 6.44 ms
[19:02:07.354] [stress] 512 tori | 1179648 tris/frame | 91.4 fps | 107.9 Mtris/s
[19:02:08.358] [poc5-stress] 91.4 fps | frame 10.94 ms | drain 6.43 ms
[19:02:08.360] [stress] 512 tori | 1179648 tris/frame | 91.4 fps | 107.9 Mtris/s
[19:02:09.364] [poc5-stress] 91.4 fps | frame 10.94 ms | drain 6.44 ms
[19:02:09.366] [stress] 512 tori | 1179648 tris/frame | 91.4 fps | 107.8 Mtris/s
[19:02:10.371] [poc5-stress] 91.4 fps | frame 10.94 ms | drain 6.43 ms
[19:02:10.372] [stress] 512 tori | 1179648 tris/frame | 91.4 fps | 107.8 Mtris/s
[19:02:11.378] [poc5-stress] 91.4 fps | frame 10.94 ms | drain 6.43 ms
[19:02:11.380] [stress] 512 tori | 1179648 tris/frame | 91.4 fps | 107.8 Mtris/s
[19:02:12.389] [poc5-stress] 91.4 fps | frame 10.94 ms | drain 6.43 ms
[19:02:12.392] [stress] 512 tori | 1179648 tris/frame | 91.4 fps | 107.8 Mtris/s
[19:02:13.390] [poc5-stress] 91.4 fps | frame 10.94 ms | drain 6.43 ms
[19:02:13.393] [stress] 512 tori | 1179648 tris/frame | 91.4 fps | 107.8 Mtris/s
[19:02:14.398] [poc5-stress] 91.4 fps | frame 10.94 ms | drain 6.42 ms
[19:02:14.400] [stress] 512 tori | 1179648 tris/frame | 91.4 fps | 107.8 Mtris/s
[19:02:15.404] [poc5-stress] 91.4 fps | frame 10.94 ms | drain 6.41 ms
[19:02:15.406] [stress] 512 tori | 1179648 tris/frame | 91.4 fps | 107.8 Mtris/s
[19:02:16.411] [poc5-stress] 91.4 fps | frame 10.94 ms | drain 6.41 ms
[19:02:16.413] [stress] 512 tori | 1179648 tris/frame | 91.4 fps | 107.8 Mtris/s
[19:02:17.417] [poc5-stress] 91.4 fps | frame 10.94 ms | drain 6.40 ms
[19:02:17.419] [stress] 512 tori | 1179648 tris/frame | 91.4 fps | 107.8 Mtris/s
[19:02:18.423] [poc5-stress] 91.4 fps | frame 10.94 ms | drain 6.40 ms
[19:02:18.425] [stress] 512 tori | 1179648 tris/frame | 91.4 fps | 107.8 Mtris/s
[19:02:19.429] [poc5-stress] 91.5 fps | frame 10.93 ms | drain 6.39 ms
[19:02:19.431] [stress] 512 tori | 1179648 tris/frame | 91.5 fps | 107.9 Mtris/s
[19:02:20.436] [poc5-stress] 91.4 fps | frame 10.94 ms | drain 6.39 ms
[19:02:20.438] [stress] 512 tori | 1179648 tris/frame | 91.4 fps | 107.9 Mtris/s
[19:02:21.450] [poc5-stress] 91.5 fps | frame 10.93 ms | drain 6.38 ms
[19:02:21.615] [stress] 512 tori | 1179648 tris/frame | 91.5 fps | 107.9 Mtris/s
[19:02:22.446] [poc5-stress] 91.5 fps | frame 10.92 ms | drain 6.37 ms
[19:02:22.449] [stress] 512 tori | 1179648 tris/frame | 91.5 fps | 108.0 Mtris/s
[19:02:23.450] [poc5-stress] 91.5 fps | frame 10.93 ms | drain 6.37 ms
[19:02:23.453] [stress] 512 tori | 1179648 tris/frame | 91.5 fps | 108.0 Mtris/s
[19:02:24.459] [poc5-stress] 91.5 fps | frame 10.93 ms | drain 6.37 ms
[19:02:24.461] [stress] 512 tori | 1179648 tris/frame | 91.5 fps | 108.0 Mtris/s
[19:02:25.461] [poc5-stress] 91.5 fps | frame 10.93 ms | drain 6.36 ms
[19:02:25.463] [stress] 512 tori | 1179648 tris/frame | 91.5 fps | 108.0 Mtris/s
[19:02:26.467] [poc5-stress] 91.5 fps | frame 10.93 ms | drain 6.36 ms
[19:02:26.470] [stress] 512 tori | 1179648 tris/frame | 91.5 fps | 108.0 Mtris/s
[19:02:27.471] [poc5-stress] 91.6 fps | frame 10.92 ms | drain 6.35 ms
[19:02:27.473] [stress] 512 tori | 1179648 tris/frame | 91.6 fps | 108.0 Mtris/s
[19:02:28.477] [poc5-stress] 91.5 fps | frame 10.93 ms | drain 6.35 ms
[19:02:28.479] [stress] 512 tori | 1179648 tris/frame | 91.5 fps | 108.0 Mtris/s
[19:02:29.482] [poc5-stress] 91.5 fps | frame 10.93 ms | drain 6.35 ms
[19:02:29.484] [stress] 512 tori | 1179648 tris/frame | 91.5 fps | 107.9 Mtris/s
[19:02:30.490] [poc5-stress] 91.5 fps | frame 10.93 ms | drain 6.34 ms
[19:02:30.492] [stress] 512 tori | 1179648 tris/frame | 91.5 fps | 107.9 Mtris/s
[19:02:31.493] [poc5-stress] 91.5 fps | frame 10.93 ms | drain 6.34 ms
[19:02:31.495] [stress] 512 tori | 1179648 tris/frame | 91.5 fps | 107.9 Mtris/s
[19:02:32.500] [poc5-stress] 91.4 fps | frame 10.94 ms | drain 6.34 ms
[19:02:32.503] [stress] 512 tori | 1179648 tris/frame | 91.4 fps | 107.8 Mtris/s
[19:02:33.507] [poc5-stress] 91.4 fps | frame 10.94 ms | drain 6.34 ms
[19:02:33.510] [stress] 512 tori | 1179648 tris/frame | 91.4 fps | 107.8 Mtris/s
[19:02:34.514] [poc5-stress] 91.4 fps | frame 10.94 ms | drain 6.34 ms
[19:02:34.516] [stress] 512 tori | 1179648 tris/frame | 91.4 fps | 107.8 Mtris/s
[19:02:35.519] [poc5-stress] 91.4 fps | frame 10.94 ms | drain 6.34 ms
[19:02:35.521] [stress] 512 tori | 1179648 tris/frame | 91.4 fps | 107.8 Mtris/s
[19:02:36.526] [poc5-stress] 91.4 fps | frame 10.94 ms | drain 6.34 ms
[19:02:36.529] [stress] 512 tori | 1179648 tris/frame | 91.4 fps | 107.8 Mtris/s
[19:02:37.534] [poc5-stress] 91.3 fps | frame 10.95 ms | drain 6.34 ms
[19:02:37.536] [stress] 512 tori | 1179648 tris/frame | 91.3 fps | 107.8 Mtris/s
[19:02:38.542] [poc5-stress] 91.3 fps | frame 10.95 ms | drain 6.34 ms
[19:02:38.544] [stress] 512 tori | 1179648 tris/frame | 91.3 fps | 107.7 Mtris/s
[19:02:39.549] [poc5-stress] 91.2 fps | frame 10.96 ms | drain 6.34 ms
[19:02:39.553] [stress] 512 tori | 1179648 tris/frame | 91.2 fps | 107.6 Mtris/s
[19:02:40.558] [poc5-stress] 91.2 fps | frame 10.96 ms | drain 6.34 ms
[19:02:40.561] [stress] 512 tori | 1179648 tris/frame | 91.2 fps | 107.6 Mtris/s
[19:02:41.568] [poc5-stress] 91.2 fps | frame 10.97 ms | drain 6.34 ms
[19:02:41.570] [stress] 512 tori | 1179648 tris/frame | 91.2 fps | 107.5 Mtris/s
[19:02:42.578] [poc5-stress] 91.1 fps | frame 10.98 ms | drain 6.34 ms
[19:02:42.580] [stress] 512 tori | 1179648 tris/frame | 91.1 fps | 107.5 Mtris/s
[19:02:43.588] [poc5-stress] 91.1 fps | frame 10.98 ms | drain 6.35 ms
[19:02:43.590] [stress] 512 tori | 1179648 tris/frame | 91.1 fps | 107.5 Mtris/s
[19:02:44.598] [poc5-stress] 91.0 fps | frame 10.99 ms | drain 6.35 ms
[19:02:44.600] [stress] 512 tori | 1179648 tris/frame | 91.0 fps | 107.4 Mtris/s
[19:02:45.598] [poc5-stress] 91.0 fps | frame 10.99 ms | drain 6.35 ms
[19:02:45.601] [stress] 512 tori | 1179648 tris/frame | 91.0 fps | 107.3 Mtris/s
[19:02:46.599] [poc5-stress] 90.9 fps | frame 11.00 ms | drain 6.36 ms
[19:02:46.602] [stress] 512 tori | 1179648 tris/frame | 90.9 fps | 107.2 Mtris/s
[19:02:47.601] [poc5-stress] 90.8 fps | frame 11.01 ms | drain 6.36 ms
[19:02:47.603] [stress] 512 tori | 1179648 tris/frame | 90.8 fps | 107.1 Mtris/s
[19:02:48.604] [poc5-stress] 90.7 fps | frame 11.02 ms | drain 6.36 ms
[19:02:48.607] [stress] 512 tori | 1179648 tris/frame | 90.7 fps | 107.0 Mtris/s
[19:02:49.607] [poc5-stress] 90.7 fps | frame 11.03 ms | drain 6.37 ms
[19:02:49.611] [stress] 512 tori | 1179648 tris/frame | 90.7 fps | 107.0 Mtris/s
[19:02:50.612] [poc5-stress] 90.6 fps | frame 11.04 ms | drain 6.37 ms
[19:02:50.614] [stress] 512 tori | 1179648 tris/frame | 90.6 fps | 106.9 Mtris/s
[19:02:51.617] [poc5-stress] 90.5 fps | frame 11.05 ms | drain 6.38 ms
[19:02:51.620] [stress] 512 tori | 1179648 tris/frame | 90.5 fps | 106.8 Mtris/s
[19:02:52.623] [poc5-stress] 90.5 fps | frame 11.05 ms | drain 6.39 ms
[19:02:52.626] [stress] 512 tori | 1179648 tris/frame | 90.5 fps | 106.7 Mtris/s
[19:02:53.630] [poc5-stress] 90.4 fps | frame 11.06 ms | drain 6.40 ms
[19:02:53.632] [stress] 512 tori | 1179648 tris/frame | 90.4 fps | 106.6 Mtris/s
[19:02:54.638] [poc5-stress] 90.3 fps | frame 11.07 ms | drain 6.40 ms
[19:02:54.640] [stress] 512 tori | 1179648 tris/frame | 90.3 fps | 106.5 Mtris/s
[19:02:55.647] [poc5-stress] 90.2 fps | frame 11.09 ms | drain 6.41 ms
[19:02:55.653] [stress] 512 tori | 1179648 tris/frame | 90.2 fps | 106.4 Mtris/s
[19:02:56.656] [poc5-stress] 90.2 fps | frame 11.09 ms | drain 6.41 ms
[19:02:56.661] [stress] 512 tori | 1179648 tris/frame | 90.2 fps | 106.4 Mtris/s
[19:02:57.667] [poc5-stress] 90.0 fps | frame 11.11 ms | drain 6.43 ms
[19:02:57.669] [stress] 512 tori | 1179648 tris/frame | 90.0 fps | 106.2 Mtris/s
[19:02:58.669] [poc5-stress] 89.9 fps | frame 11.12 ms | drain 6.44 ms
[19:02:58.671] [stress] 512 tori | 1179648 tris/frame | 89.9 fps | 106.1 Mtris/s
[19:02:59.670] [poc5-stress] 89.8 fps | frame 11.13 ms | drain 6.44 ms
[19:02:59.672] [stress] 512 tori | 1179648 tris/frame | 89.8 fps | 106.0 Mtris/s
[19:03:00.671] [poc5-stress] 89.9 fps | frame 11.13 ms | drain 6.43 ms
[19:03:00.684] [stress] 512 tori | 1179648 tris/frame | 89.9 fps | 106.0 Mtris/s
[19:03:01.673] [poc5-stress] 89.8 fps | frame 11.13 ms | drain 6.43 ms
[19:03:01.676] [stress] 512 tori | 1179648 tris/frame | 89.8 fps | 106.0 Mtris/s
[19:03:02.674] [poc5-stress] 89.9 fps | frame 11.13 ms | drain 6.43 ms
[19:03:02.678] [stress] 512 tori | 1179648 tris/frame | 89.9 fps | 106.0 Mtris/s
[19:03:03.677] [poc5-stress] 89.9 fps | frame 11.12 ms | drain 6.42 ms
[19:03:03.680] [stress] 512 tori | 1179648 tris/frame | 89.9 fps | 106.0 Mtris/s
[19:03:04.677] [poc5-stress] 89.9 fps | frame 11.12 ms | drain 6.41 ms
[19:03:04.679] [stress] 512 tori | 1179648 tris/frame | 89.9 fps | 106.0 Mtris/s
[19:03:05.678] [poc5-stress] 89.9 fps | frame 11.13 ms | drain 6.41 ms
[19:03:05.682] [stress] 512 tori | 1179648 tris/frame | 89.9 fps | 106.0 Mtris/s
[19:03:06.684] [poc5-stress] 89.6 fps | frame 11.17 ms | drain 6.45 ms
[19:03:06.687] [stress] 512 tori | 1179648 tris/frame | 89.6 fps | 105.7 Mtris/s
[19:03:07.687] [poc5-stress] 89.7 fps | frame 11.14 ms | drain 6.42 ms
[19:03:07.689] [stress] 512 tori | 1179648 tris/frame | 89.7 fps | 105.9 Mtris/s
[19:03:08.694] [poc5-stress] 89.5 fps | frame 11.17 ms | drain 6.44 ms
[19:03:08.696] [stress] 512 tori | 1179648 tris/frame | 89.5 fps | 105.6 Mtris/s
[19:03:09.696] [poc5-stress] 89.6 fps | frame 11.16 ms | drain 6.43 ms
[19:03:09.699] [stress] 512 tori | 1179648 tris/frame | 89.6 fps | 105.7 Mtris/s
[19:03:10.701] [poc5-stress] 89.6 fps | frame 11.16 ms | drain 6.42 ms
[19:03:10.703] [stress] 512 tori | 1179648 tris/frame | 89.6 fps | 105.7 Mtris/s
[19:03:11.707] [poc5-stress] 89.5 fps | frame 11.18 ms | drain 6.44 ms
[19:03:11.709] [stress] 512 tori | 1179648 tris/frame | 89.5 fps | 105.5 Mtris/s
[19:03:12.713] [poc5-stress] 89.4 fps | frame 11.18 ms | drain 6.44 ms
[19:03:12.716] [stress] 512 tori | 1179648 tris/frame | 89.4 fps | 105.5 Mtris/s
[19:03:13.718] [poc5-stress] 89.5 fps | frame 11.17 ms | drain 6.43 ms
[19:03:13.721] [stress] 512 tori | 1179648 tris/frame | 89.5 fps | 105.6 Mtris/s
[19:03:14.724] [poc5-stress] 89.5 fps | frame 11.17 ms | drain 6.42 ms
[19:03:14.726] [stress] 512 tori | 1179648 tris/frame | 89.5 fps | 105.6 Mtris/s
[19:03:15.729] [poc5-stress] 89.6 fps | frame 11.17 ms | drain 6.41 ms
[19:03:15.738] [stress] 512 tori | 1179648 tris/frame | 89.6 fps | 105.6 Mtris/s
[19:03:16.734] [poc5-stress] 89.5 fps | frame 11.17 ms | drain 6.42 ms
[19:03:16.737] [stress] 512 tori | 1179648 tris/frame | 89.5 fps | 105.6 Mtris/s
[19:03:17.741] [poc5-stress] 89.4 fps | frame 11.18 ms | drain 6.42 ms
[19:03:17.743] [stress] 512 tori | 1179648 tris/frame | 89.4 fps | 105.5 Mtris/s
[19:03:18.746] [poc5-stress] 89.5 fps | frame 11.18 ms | drain 6.41 ms
[19:03:18.749] [stress] 512 tori | 1179648 tris/frame | 89.5 fps | 105.5 Mtris/s
[19:03:19.753] [poc5-stress] 89.5 fps | frame 11.17 ms | drain 6.40 ms
[19:03:19.755] [stress] 512 tori | 1179648 tris/frame | 89.5 fps | 105.6 Mtris/s
[19:03:20.757] [poc5-stress] 89.6 fps | frame 11.16 ms | drain 6.39 ms
[19:03:20.759] [stress] 512 tori | 1179648 tris/frame | 89.6 fps | 105.7 Mtris/s
[19:03:21.760] [poc5-stress] 89.6 fps | frame 11.16 ms | drain 6.39 ms
[19:03:21.763] [stress] 512 tori | 1179648 tris/frame | 89.6 fps | 105.7 Mtris/s
[19:03:22.766] [poc5-stress] 89.5 fps | frame 11.17 ms | drain 6.39 ms
[19:03:22.768] [stress] 512 tori | 1179648 tris/frame | 89.5 fps | 105.6 Mtris/s
[19:03:23.769] [poc5-stress] 89.8 fps | frame 11.14 ms | drain 6.36 ms
[19:03:23.772] [stress] 512 tori | 1179648 tris/frame | 89.8 fps | 105.9 Mtris/s
[19:03:24.775] [poc5-stress] 89.5 fps | frame 11.17 ms | drain 6.39 ms
[19:03:24.777] [stress] 512 tori | 1179648 tris/frame | 89.5 fps | 105.6 Mtris/s
[19:03:25.780] [poc5-stress] 89.6 fps | frame 11.16 ms | drain 6.37 ms
[19:03:25.781] [stress] 512 tori | 1179648 tris/frame | 89.6 fps | 105.7 Mtris/s
[19:03:26.783] [poc5-stress] 89.7 fps | frame 11.15 ms | drain 6.36 ms
[19:03:26.788] [stress] 512 tori | 1179648 tris/frame | 89.7 fps | 105.8 Mtris/s
[19:03:27.788] [poc5-stress] 89.5 fps | frame 11.17 ms | drain 6.37 ms
[19:03:27.791] [stress] 512 tori | 1179648 tris/frame | 89.5 fps | 105.6 Mtris/s
[19:03:28.791] [poc5-stress] 89.8 fps | frame 11.14 ms | drain 6.34 ms
[19:03:28.793] [stress] 512 tori | 1179648 tris/frame | 89.8 fps | 105.9 Mtris/s
[19:03:29.796] [poc5-stress] 89.5 fps | frame 11.17 ms | drain 6.36 ms
[19:03:29.798] [stress] 512 tori | 1179648 tris/frame | 89.5 fps | 105.6 Mtris/s
[19:03:30.799] [poc5-stress] 89.8 fps | frame 11.14 ms | drain 6.33 ms
[19:03:30.801] [stress] 512 tori | 1179648 tris/frame | 89.8 fps | 105.9 Mtris/s
[19:03:31.803] [poc5-stress] 89.5 fps | frame 11.17 ms | drain 6.35 ms
[19:03:31.806] [stress] 512 tori | 1179648 tris/frame | 89.5 fps | 105.6 Mtris/s
[19:03:32.808] [poc5-stress] 89.7 fps | frame 11.15 ms | drain 6.34 ms
[19:03:32.810] [stress] 512 tori | 1179648 tris/frame | 89.7 fps | 105.8 Mtris/s
[19:03:33.812] [poc5-stress] 89.6 fps | frame 11.16 ms | drain 6.34 ms
[19:03:33.814] [stress] 512 tori | 1179648 tris/frame | 89.6 fps | 105.7 Mtris/s
[19:03:34.818] [poc5-stress] 89.4 fps | frame 11.18 ms | drain 6.35 ms
[19:03:34.822] [stress] 512 tori | 1179648 tris/frame | 89.4 fps | 105.5 Mtris/s
[19:03:35.824] [poc5-stress] 89.5 fps | frame 11.17 ms | drain 6.35 ms
[19:03:35.826] [stress] 512 tori | 1179648 tris/frame | 89.5 fps | 105.6 Mtris/s
[19:03:36.829] [poc5-stress] 89.6 fps | frame 11.17 ms | drain 6.33 ms
[19:03:36.831] [stress] 512 tori | 1179648 tris/frame | 89.6 fps | 105.6 Mtris/s
[19:03:37.834] [poc5-stress] 89.6 fps | frame 11.16 ms | drain 6.33 ms
[19:03:37.836] [stress] 512 tori | 1179648 tris/frame | 89.6 fps | 105.7 Mtris/s
[19:03:38.840] [poc5-stress] 89.4 fps | frame 11.18 ms | drain 6.34 ms
[19:03:38.843] [stress] 512 tori | 1179648 tris/frame | 89.4 fps | 105.5 Mtris/s
[19:03:39.847] [poc5-stress] 89.4 fps | frame 11.18 ms | drain 6.34 ms
[19:03:39.849] [stress] 512 tori | 1179648 tris/frame | 89.4 fps | 105.5 Mtris/s
[19:03:40.853] [poc5-stress] 89.4 fps | frame 11.19 ms | drain 6.34 ms
[19:03:40.855] [stress] 512 tori | 1179648 tris/frame | 89.4 fps | 105.5 Mtris/s
[19:03:41.861] [poc5-stress] 89.4 fps | frame 11.19 ms | drain 6.33 ms
[19:03:41.863] [stress] 512 tori | 1179648 tris/frame | 89.4 fps | 105.4 Mtris/s
[19:03:42.868] [poc5-stress] 89.3 fps | frame 11.20 ms | drain 6.34 ms
[19:03:42.870] [stress] 512 tori | 1179648 tris/frame | 89.3 fps | 105.4 Mtris/s
[19:03:43.876] [poc5-stress] 89.3 fps | frame 11.20 ms | drain 6.34 ms
[19:03:43.879] [stress] 512 tori | 1179648 tris/frame | 89.3 fps | 105.3 Mtris/s
[19:03:44.883] [poc5-stress] 89.3 fps | frame 11.20 ms | drain 6.34 ms
[19:03:44.886] [stress] 512 tori | 1179648 tris/frame | 89.3 fps | 105.3 Mtris/s
[19:03:45.894] [poc5-stress] 89.2 fps | frame 11.21 ms | drain 6.35 ms
[19:03:45.895] [stress] 512 tori | 1179648 tris/frame | 89.2 fps | 105.2 Mtris/s
[19:03:46.902] [poc5-stress] 89.2 fps | frame 11.21 ms | drain 6.34 ms
[19:03:46.905] [stress] 512 tori | 1179648 tris/frame | 89.2 fps | 105.2 Mtris/s
[19:03:47.913] [poc5-stress] 89.1 fps | frame 11.22 ms | drain 6.35 ms
[19:03:47.915] [stress] 512 tori | 1179648 tris/frame | 89.1 fps | 105.1 Mtris/s
[19:03:48.923] [poc5-stress] 89.1 fps | frame 11.22 ms | drain 6.35 ms
[19:03:48.926] [stress] 512 tori | 1179648 tris/frame | 89.1 fps | 105.1 Mtris/s
[19:03:49.926] [poc5-stress] 89.0 fps | frame 11.24 ms | drain 6.35 ms
[19:03:49.928] [stress] 512 tori | 1179648 tris/frame | 89.0 fps | 104.9 Mtris/s
[19:03:50.925] [poc5-stress] 88.9 fps | frame 11.25 ms | drain 6.36 ms
[19:03:50.927] [stress] 512 tori | 1179648 tris/frame | 88.9 fps | 104.8 Mtris/s
[19:03:51.931] [poc5-stress] 88.8 fps | frame 11.26 ms | drain 6.37 ms
[19:03:51.935] [stress] 512 tori | 1179648 tris/frame | 88.8 fps | 104.8 Mtris/s
[19:03:52.930] [poc5-stress] 88.8 fps | frame 11.26 ms | drain 6.37 ms
[19:03:52.932] [stress] 512 tori | 1179648 tris/frame | 88.8 fps | 104.7 Mtris/s
[19:03:53.932] [poc5-stress] 88.7 fps | frame 11.27 ms | drain 6.37 ms
[19:03:53.935] [stress] 512 tori | 1179648 tris/frame | 88.7 fps | 104.7 Mtris/s
[19:03:54.937] [poc5-stress] 88.6 fps | frame 11.29 ms | drain 6.38 ms
[19:03:54.939] [stress] 512 tori | 1179648 tris/frame | 88.6 fps | 104.5 Mtris/s
[19:03:55.942] [poc5-stress] 88.6 fps | frame 11.29 ms | drain 6.39 ms
[19:03:55.944] [stress] 512 tori | 1179648 tris/frame | 88.6 fps | 104.5 Mtris/s
[19:03:56.948] [poc5-stress] 88.5 fps | frame 11.30 ms | drain 6.39 ms
[19:03:56.950] [stress] 512 tori | 1179648 tris/frame | 88.5 fps | 104.4 Mtris/s
[19:03:57.955] [poc5-stress] 88.4 fps | frame 11.32 ms | drain 6.40 ms
[19:03:57.957] [stress] 512 tori | 1179648 tris/frame | 88.4 fps | 104.3 Mtris/s
[19:03:58.962] [poc5-stress] 88.3 fps | frame 11.32 ms | drain 6.40 ms
[19:03:58.964] [stress] 512 tori | 1179648 tris/frame | 88.3 fps | 104.2 Mtris/s
[19:03:59.971] [poc5-stress] 88.3 fps | frame 11.33 ms | drain 6.41 ms
[19:03:59.973] [stress] 512 tori | 1179648 tris/frame | 88.3 fps | 104.1 Mtris/s
[19:04:00.979] [poc5-stress] 88.2 fps | frame 11.34 ms | drain 6.41 ms
[19:04:00.989] [stress] 512 tori | 1179648 tris/frame | 88.2 fps | 104.1 Mtris/s
[19:04:01.991] [poc5-stress] 88.1 fps | frame 11.35 ms | drain 6.42 ms
[19:04:01.994] [stress] 512 tori | 1179648 tris/frame | 88.1 fps | 103.9 Mtris/s
[19:04:03.001] [poc5-stress] 88.1 fps | frame 11.36 ms | drain 6.42 ms
[19:04:03.004] [stress] 512 tori | 1179648 tris/frame | 88.1 fps | 103.9 Mtris/s
[19:04:04.010] [poc5-stress] 88.1 fps | frame 11.36 ms | drain 6.43 ms
[19:04:04.013] [stress] 512 tori | 1179648 tris/frame | 88.1 fps | 103.9 Mtris/s
[19:04:05.023] [poc5-stress] 88.0 fps | frame 11.36 ms | drain 6.43 ms
[19:04:05.026] [stress] 512 tori | 1179648 tris/frame | 88.0 fps | 103.9 Mtris/s
[19:04:06.036] [poc5-stress] 88.0 fps | frame 11.36 ms | drain 6.43 ms
[19:04:06.038] [stress] 512 tori | 1179648 tris/frame | 88.0 fps | 103.8 Mtris/s
[19:04:07.033] [poc5-stress] 88.0 fps | frame 11.37 ms | drain 6.43 ms
[19:04:07.036] [stress] 512 tori | 1179648 tris/frame | 88.0 fps | 103.8 Mtris/s
[19:04:08.045] [poc5-stress] 88.0 fps | frame 11.36 ms | drain 6.43 ms
[19:04:08.047] [stress] 512 tori | 1179648 tris/frame | 88.0 fps | 103.8 Mtris/s
[19:04:09.045] [poc5-stress] 88.0 fps | frame 11.36 ms | drain 6.43 ms
[19:04:09.047] [stress] 512 tori | 1179648 tris/frame | 88.0 fps | 103.8 Mtris/s
[19:04:10.056] [poc5-stress] 88.0 fps | frame 11.36 ms | drain 6.43 ms
[19:04:10.059] [stress] 512 tori | 1179648 tris/frame | 88.0 fps | 103.8 Mtris/s
[19:04:11.056] [poc5-stress] 88.0 fps | frame 11.36 ms | drain 6.43 ms
[19:04:11.059] [stress] 512 tori | 1179648 tris/frame | 88.0 fps | 103.8 Mtris/s
[19:04:12.067] [poc5-stress] 88.0 fps | frame 11.36 ms | drain 6.43 ms
[19:04:12.070] [stress] 512 tori | 1179648 tris/frame | 88.0 fps | 103.8 Mtris/s
[19:04:13.068] [poc5-stress] 88.0 fps | frame 11.37 ms | drain 6.44 ms
[19:04:13.070] [stress] 512 tori | 1179648 tris/frame | 88.0 fps | 103.8 Mtris/s
[19:04:14.069] [poc5-stress] 88.0 fps | frame 11.37 ms | drain 6.44 ms
[19:04:14.071] [stress] 512 tori | 1179648 tris/frame | 88.0 fps | 103.8 Mtris/s
[19:04:15.069] [poc5-stress] 88.0 fps | frame 11.36 ms | drain 6.43 ms
[19:04:15.071] [stress] 512 tori | 1179648 tris/frame | 88.0 fps | 103.8 Mtris/s
[19:04:16.080] [poc5-stress] 88.0 fps | frame 11.36 ms | drain 6.43 ms
[19:04:16.082] [stress] 512 tori | 1179648 tris/frame | 88.0 fps | 103.8 Mtris/s
[19:04:17.090] [poc5-stress] 88.1 fps | frame 11.36 ms | drain 6.43 ms
[19:04:17.092] [stress] 512 tori | 1179648 tris/frame | 88.1 fps | 103.9 Mtris/s
[19:04:18.101] [poc5-stress] 88.1 fps | frame 11.35 ms | drain 6.42 ms
[19:04:18.103] [stress] 512 tori | 1179648 tris/frame | 88.1 fps | 103.9 Mtris/s
[19:04:19.111] [poc5-stress] 88.1 fps | frame 11.35 ms | drain 6.42 ms
[19:04:19.113] [stress] 512 tori | 1179648 tris/frame | 88.1 fps | 103.9 Mtris/s
[19:04:20.120] [poc5-stress] 88.1 fps | frame 11.35 ms | drain 6.42 ms
[19:04:20.122] [stress] 512 tori | 1179648 tris/frame | 88.1 fps | 104.0 Mtris/s
[19:04:21.130] [poc5-stress] 88.2 fps | frame 11.34 ms | drain 6.41 ms
[19:04:21.132] [stress] 512 tori | 1179648 tris/frame | 88.2 fps | 104.0 Mtris/s
[19:04:22.139] [poc5-stress] 88.2 fps | frame 11.33 ms | drain 6.40 ms
[19:04:22.141] [stress] 512 tori | 1179648 tris/frame | 88.2 fps | 104.1 Mtris/s
[19:04:23.147] [poc5-stress] 88.2 fps | frame 11.33 ms | drain 6.40 ms
[19:04:23.150] [stress] 512 tori | 1179648 tris/frame | 88.2 fps | 104.1 Mtris/s
[19:04:24.156] [poc5-stress] 88.3 fps | frame 11.33 ms | drain 6.40 ms
[19:04:24.158] [stress] 512 tori | 1179648 tris/frame | 88.3 fps | 104.2 Mtris/s
[19:04:25.162] [poc5-stress] 88.3 fps | frame 11.32 ms | drain 6.39 ms
[19:04:25.894] [stress] 512 tori | 1179648 tris/frame | 88.3 fps | 104.2 Mtris/s
[19:04:26.170] [poc5-stress] 88.4 fps | frame 11.32 ms | drain 6.38 ms
[19:04:26.172] [stress] 512 tori | 1179648 tris/frame | 88.4 fps | 104.2 Mtris/s
[19:04:27.176] [poc5-stress] 88.4 fps | frame 11.31 ms | drain 6.38 ms
[19:04:27.179] [stress] 512 tori | 1179648 tris/frame | 88.4 fps | 104.3 Mtris/s
[19:04:28.183] [poc5-stress] 88.4 fps | frame 11.31 ms | drain 6.37 ms
[19:04:28.186] [stress] 512 tori | 1179648 tris/frame | 88.4 fps | 104.3 Mtris/s
[19:04:29.191] [poc5-stress] 88.5 fps | frame 11.30 ms | drain 6.37 ms
[19:04:29.193] [stress] 512 tori | 1179648 tris/frame | 88.5 fps | 104.4 Mtris/s
[19:04:30.198] [poc5-stress] 88.5 fps | frame 11.30 ms | drain 6.37 ms
[19:04:30.201] [stress] 512 tori | 1179648 tris/frame | 88.5 fps | 104.4 Mtris/s
[19:04:31.199] [poc5-stress] 88.6 fps | frame 11.29 ms | drain 6.36 ms
[19:04:31.201] [stress] 512 tori | 1179648 tris/frame | 88.6 fps | 104.5 Mtris/s
[19:04:32.204] [poc5-stress] 88.6 fps | frame 11.29 ms | drain 6.35 ms
[19:04:32.206] [stress] 512 tori | 1179648 tris/frame | 88.6 fps | 104.5 Mtris/s
[19:04:33.208] [poc5-stress] 88.6 fps | frame 11.28 ms | drain 6.35 ms
[19:04:33.210] [stress] 512 tori | 1179648 tris/frame | 88.6 fps | 104.5 Mtris/s
[19:04:34.212] [poc5-stress] 88.7 fps | frame 11.27 ms | drain 6.34 ms
[19:04:34.213] [stress] 512 tori | 1179648 tris/frame | 88.7 fps | 104.6 Mtris/s
[19:04:35.217] [poc5-stress] 88.6 fps | frame 11.28 ms | drain 6.35 ms
[19:04:35.219] [stress] 512 tori | 1179648 tris/frame | 88.6 fps | 104.6 Mtris/s
[19:04:36.218] [poc5-stress] 88.7 fps | frame 11.27 ms | drain 6.34 ms
[19:04:36.221] [stress] 512 tori | 1179648 tris/frame | 88.7 fps | 104.7 Mtris/s
[19:04:37.222] [poc5-stress] 88.7 fps | frame 11.27 ms | drain 6.34 ms
[19:04:37.224] [stress] 512 tori | 1179648 tris/frame | 88.7 fps | 104.6 Mtris/s
[19:04:38.225] [poc5-stress] 88.7 fps | frame 11.27 ms | drain 6.35 ms
[19:04:38.227] [stress] 512 tori | 1179648 tris/frame | 88.7 fps | 104.6 Mtris/s
[19:04:39.229] [poc5-stress] 88.7 fps | frame 11.27 ms | drain 6.34 ms
[19:04:39.231] [stress] 512 tori | 1179648 tris/frame | 88.7 fps | 104.7 Mtris/s
[19:04:40.231] [poc5-stress] 88.7 fps | frame 11.27 ms | drain 6.34 ms
[19:04:40.233] [stress] 512 tori | 1179648 tris/frame | 88.7 fps | 104.7 Mtris/s
[19:04:41.234] [poc5-stress] 88.7 fps | frame 11.27 ms | drain 6.34 ms
[19:04:41.236] [stress] 512 tori | 1179648 tris/frame | 88.7 fps | 104.7 Mtris/s
[19:04:42.237] [poc5-stress] 88.8 fps | frame 11.27 ms | drain 6.34 ms
[19:04:42.239] [stress] 512 tori | 1179648 tris/frame | 88.8 fps | 104.7 Mtris/s
[19:04:43.240] [poc5-stress] 88.7 fps | frame 11.27 ms | drain 6.34 ms
[19:04:43.243] [stress] 512 tori | 1179648 tris/frame | 88.7 fps | 104.7 Mtris/s
[19:04:44.243] [poc5-stress] 88.7 fps | frame 11.27 ms | drain 6.34 ms
[19:04:44.245] [stress] 512 tori | 1179648 tris/frame | 88.7 fps | 104.7 Mtris/s
[19:04:45.246] [poc5-stress] 88.7 fps | frame 11.27 ms | drain 6.34 ms
[19:04:45.249] [stress] 512 tori | 1179648 tris/frame | 88.7 fps | 104.6 Mtris/s
[19:04:46.249] [poc5-stress] 88.7 fps | frame 11.27 ms | drain 6.34 ms
[19:04:46.252] [stress] 512 tori | 1179648 tris/frame | 88.7 fps | 104.7 Mtris/s
[19:04:47.252] [poc5-stress] 88.7 fps | frame 11.27 ms | drain 6.34 ms
[19:04:47.254] [stress] 512 tori | 1179648 tris/frame | 88.7 fps | 104.7 Mtris/s
[19:04:48.256] [poc5-stress] 88.7 fps | frame 11.28 ms | drain 6.34 ms
[19:04:48.257] [stress] 512 tori | 1179648 tris/frame | 88.7 fps | 104.6 Mtris/s
[19:04:49.260] [poc5-stress] 88.6 fps | frame 11.28 ms | drain 6.35 ms
[19:04:49.264] [stress] 512 tori | 1179648 tris/frame | 88.6 fps | 104.6 Mtris/s
[19:04:50.264] [poc5-stress] 88.6 fps | frame 11.28 ms | drain 6.35 ms
[19:04:50.267] [stress] 512 tori | 1179648 tris/frame | 88.6 fps | 104.6 Mtris/s
[19:04:51.268] [poc5-stress] 88.7 fps | frame 11.28 ms | drain 6.35 ms
[19:04:51.270] [stress] 512 tori | 1179648 tris/frame | 88.7 fps | 104.6 Mtris/s
[19:04:52.272] [poc5-stress] 88.6 fps | frame 11.29 ms | drain 6.35 ms
[19:04:52.275] [stress] 512 tori | 1179648 tris/frame | 88.6 fps | 104.5 Mtris/s
[19:04:53.277] [poc5-stress] 88.6 fps | frame 11.29 ms | drain 6.36 ms
[19:04:53.279] [stress] 512 tori | 1179648 tris/frame | 88.6 fps | 104.5 Mtris/s
[19:04:54.282] [poc5-stress] 88.6 fps | frame 11.29 ms | drain 6.36 ms
[19:04:54.285] [stress] 512 tori | 1179648 tris/frame | 88.6 fps | 104.5 Mtris/s
[19:04:55.288] [poc5-stress] 88.5 fps | frame 11.30 ms | drain 6.37 ms
[19:04:55.293] [stress] 512 tori | 1179648 tris/frame | 88.5 fps | 104.4 Mtris/s
[19:04:56.295] [poc5-stress] 88.4 fps | frame 11.31 ms | drain 6.37 ms
[19:04:56.297] [stress] 512 tori | 1179648 tris/frame | 88.4 fps | 104.3 Mtris/s
[19:04:57.303] [poc5-stress] 88.4 fps | frame 11.31 ms | drain 6.38 ms
[19:04:57.305] [stress] 512 tori | 1179648 tris/frame | 88.4 fps | 104.3 Mtris/s
[19:04:58.309] [poc5-stress] 88.3 fps | frame 11.32 ms | drain 6.38 ms
[19:04:58.354] [stress] 512 tori | 1179648 tris/frame | 88.3 fps | 104.2 Mtris/s
[19:04:59.317] [poc5-stress] 88.3 fps | frame 11.32 ms | drain 6.39 ms
[19:04:59.319] [stress] 512 tori | 1179648 tris/frame | 88.3 fps | 104.2 Mtris/s
[19:05:00.326] [poc5-stress] 88.3 fps | frame 11.33 ms | drain 6.40 ms
[19:05:00.328] [stress] 512 tori | 1179648 tris/frame | 88.3 fps | 104.1 Mtris/s
[19:05:01.333] [poc5-stress] 88.2 fps | frame 11.33 ms | drain 6.40 ms
[19:05:01.335] [stress] 512 tori | 1179648 tris/frame | 88.2 fps | 104.1 Mtris/s
[19:05:02.343] [poc5-stress] 88.2 fps | frame 11.34 ms | drain 6.41 ms
[19:05:02.345] [stress] 512 tori | 1179648 tris/frame | 88.2 fps | 104.0 Mtris/s
[19:05:03.352] [poc5-stress] 88.1 fps | frame 11.35 ms | drain 6.41 ms
[19:05:03.355] [stress] 512 tori | 1179648 tris/frame | 88.1 fps | 104.0 Mtris/s
[19:05:04.363] [poc5-stress] 88.1 fps | frame 11.35 ms | drain 6.42 ms
[19:05:04.365] [stress] 512 tori | 1179648 tris/frame | 88.1 fps | 103.9 Mtris/s
[19:05:05.374] [poc5-stress] 88.0 fps | frame 11.36 ms | drain 6.42 ms
[19:05:05.376] [stress] 512 tori | 1179648 tris/frame | 88.0 fps | 103.9 Mtris/s
[19:05:06.384] [poc5-stress] 88.0 fps | frame 11.36 ms | drain 6.43 ms
[19:05:06.386] [stress] 512 tori | 1179648 tris/frame | 88.0 fps | 103.9 Mtris/s
[19:05:07.395] [poc5-stress] 88.0 fps | frame 11.36 ms | drain 6.43 ms
[19:05:07.397] [stress] 512 tori | 1179648 tris/frame | 88.0 fps | 103.8 Mtris/s
[19:05:08.407] [poc5-stress] 88.0 fps | frame 11.36 ms | drain 6.43 ms
[19:05:08.409] [stress] 512 tori | 1179648 tris/frame | 88.0 fps | 103.8 Mtris/s
[19:05:09.406] [poc5-stress] 88.0 fps | frame 11.37 ms | drain 6.43 ms
[19:05:09.408] [stress] 512 tori | 1179648 tris/frame | 88.0 fps | 103.8 Mtris/s
[19:05:10.407] [poc5-stress] 88.0 fps | frame 11.36 ms | drain 6.43 ms
[19:05:10.410] [stress] 512 tori | 1179648 tris/frame | 88.0 fps | 103.8 Mtris/s
[19:05:11.407] [poc5-stress] 88.0 fps | frame 11.37 ms | drain 6.44 ms
[19:05:11.409] [stress] 512 tori | 1179648 tris/frame | 88.0 fps | 103.8 Mtris/s
[19:05:12.407] [poc5-stress] 88.0 fps | frame 11.37 ms | drain 6.44 ms
[19:05:12.410] [stress] 512 tori | 1179648 tris/frame | 88.0 fps | 103.8 Mtris/s
[19:05:13.408] [poc5-stress] 88.0 fps | frame 11.37 ms | drain 6.44 ms
[19:05:13.410] [stress] 512 tori | 1179648 tris/frame | 88.0 fps | 103.8 Mtris/s
[19:05:14.408] [poc5-stress] 88.0 fps | frame 11.36 ms | drain 6.43 ms
[19:05:14.410] [stress] 512 tori | 1179648 tris/frame | 88.0 fps | 103.8 Mtris/s
[19:05:15.420] [poc5-stress] 88.0 fps | frame 11.36 ms | drain 6.43 ms
[19:05:15.422] [stress] 512 tori | 1179648 tris/frame | 88.0 fps | 103.8 Mtris/s
[19:05:16.419] [poc5-stress] 88.0 fps | frame 11.37 ms | drain 6.43 ms
[19:05:16.422] [stress] 512 tori | 1179648 tris/frame | 88.0 fps | 103.8 Mtris/s
[19:05:17.420] [poc5-stress] 88.0 fps | frame 11.37 ms | drain 6.44 ms
[19:05:17.423] [stress] 512 tori | 1179648 tris/frame | 88.0 fps | 103.8 Mtris/s
[19:05:18.420] [poc5-stress] 88.0 fps | frame 11.37 ms | drain 6.43 ms
[19:05:18.427] [stress] 512 tori | 1179648 tris/frame | 88.0 fps | 103.8 Mtris/s
[19:05:19.431] [poc5-stress] 88.0 fps | frame 11.36 ms | drain 6.43 ms
[19:05:19.433] [stress] 512 tori | 1179648 tris/frame | 88.0 fps | 103.8 Mtris/s
[19:05:20.442] [poc5-stress] 88.1 fps | frame 11.35 ms | drain 6.42 ms
[19:05:20.443] [stress] 512 tori | 1179648 tris/frame | 88.1 fps | 103.9 Mtris/s
[19:05:21.451] [poc5-stress] 88.1 fps | frame 11.35 ms | drain 6.42 ms
[19:05:21.454] [stress] 512 tori | 1179648 tris/frame | 88.1 fps | 103.9 Mtris/s
[19:05:22.463] [poc5-stress] 88.0 fps | frame 11.36 ms | drain 6.42 ms
[19:05:22.465] [stress] 512 tori | 1179648 tris/frame | 88.0 fps | 103.9 Mtris/s
[19:05:23.473] [poc5-stress] 88.1 fps | frame 11.34 ms | drain 6.41 ms
[19:05:23.474] [stress] 512 tori | 1179648 tris/frame | 88.1 fps | 104.0 Mtris/s
[19:05:24.481] [poc5-stress] 88.2 fps | frame 11.34 ms | drain 6.41 ms
[19:05:24.483] [stress] 512 tori | 1179648 tris/frame | 88.2 fps | 104.0 Mtris/s
[19:05:25.492] [poc5-stress] 88.2 fps | frame 11.33 ms | drain 6.40 ms
[19:05:25.495] [stress] 512 tori | 1179648 tris/frame | 88.2 fps | 104.1 Mtris/s
[19:05:26.500] [poc5-stress] 88.1 fps | frame 11.35 ms | drain 6.40 ms
[19:05:26.502] [stress] 512 tori | 1179648 tris/frame | 88.1 fps | 104.0 Mtris/s
[19:05:27.511] [poc5-stress] 88.3 fps | frame 11.32 ms | drain 6.39 ms
[19:05:27.513] [stress] 512 tori | 1179648 tris/frame | 88.3 fps | 104.2 Mtris/s
[19:05:28.516] [poc5-stress] 88.3 fps | frame 11.32 ms | drain 6.39 ms
[19:05:28.518] [stress] 512 tori | 1179648 tris/frame | 88.3 fps | 104.2 Mtris/s
[19:05:29.523] [poc5-stress] 88.4 fps | frame 11.31 ms | drain 6.38 ms
[19:05:29.524] [stress] 512 tori | 1179648 tris/frame | 88.4 fps | 104.3 Mtris/s
[19:05:30.529] [poc5-stress] 88.5 fps | frame 11.30 ms | drain 6.37 ms
[19:05:30.530] [stress] 512 tori | 1179648 tris/frame | 88.5 fps | 104.4 Mtris/s
[19:05:31.537] [poc5-stress] 88.4 fps | frame 11.31 ms | drain 6.37 ms
[19:05:31.540] [stress] 512 tori | 1179648 tris/frame | 88.4 fps | 104.3 Mtris/s
[19:05:32.540] [poc5-stress] 88.5 fps | frame 11.30 ms | drain 6.36 ms
[19:05:32.543] [stress] 512 tori | 1179648 tris/frame | 88.5 fps | 104.4 Mtris/s
[19:05:33.546] [poc5-stress] 88.5 fps | frame 11.30 ms | drain 6.36 ms
[19:05:33.548] [stress] 512 tori | 1179648 tris/frame | 88.5 fps | 104.4 Mtris/s
[19:05:34.551] [poc5-stress] 88.6 fps | frame 11.29 ms | drain 6.35 ms
[19:05:34.552] [stress] 512 tori | 1179648 tris/frame | 88.6 fps | 104.5 Mtris/s
[19:05:35.555] [poc5-stress] 88.6 fps | frame 11.28 ms | drain 6.35 ms
[19:05:35.557] [stress] 512 tori | 1179648 tris/frame | 88.6 fps | 104.5 Mtris/s
[19:05:36.559] [poc5-stress] 88.6 fps | frame 11.29 ms | drain 6.35 ms
[19:05:36.561] [stress] 512 tori | 1179648 tris/frame | 88.6 fps | 104.5 Mtris/s
[19:05:37.563] [poc5-stress] 88.7 fps | frame 11.28 ms | drain 6.34 ms
[19:05:37.564] [stress] 512 tori | 1179648 tris/frame | 88.7 fps | 104.6 Mtris/s
[19:05:38.570] [poc5-stress] 88.6 fps | frame 11.28 ms | drain 6.35 ms
[19:05:38.572] [stress] 512 tori | 1179648 tris/frame | 88.6 fps | 104.6 Mtris/s
[19:05:39.570] [poc5-stress] 88.7 fps | frame 11.27 ms | drain 6.34 ms
[19:05:39.572] [stress] 512 tori | 1179648 tris/frame | 88.7 fps | 104.6 Mtris/s
[19:05:40.574] [poc5-stress] 88.7 fps | frame 11.28 ms | drain 6.34 ms
[19:05:40.577] [stress] 512 tori | 1179648 tris/frame | 88.7 fps | 104.6 Mtris/s
[19:05:41.577] [poc5-stress] 88.7 fps | frame 11.27 ms | drain 6.34 ms
[19:05:41.579] [stress] 512 tori | 1179648 tris/frame | 88.7 fps | 104.7 Mtris/s
[19:05:42.580] [poc5-stress] 88.7 fps | frame 11.27 ms | drain 6.34 ms
[19:05:42.583] [stress] 512 tori | 1179648 tris/frame | 88.7 fps | 104.7 Mtris/s
[19:05:43.584] [poc5-stress] 88.7 fps | frame 11.27 ms | drain 6.34 ms
[19:05:43.586] [stress] 512 tori | 1179648 tris/frame | 88.7 fps | 104.7 Mtris/s
[19:05:44.586] [poc5-stress] 88.7 fps | frame 11.27 ms | drain 6.34 ms
[19:05:44.589] [stress] 512 tori | 1179648 tris/frame | 88.7 fps | 104.7 Mtris/s
[19:05:45.592] [poc5-stress] 88.7 fps | frame 11.28 ms | drain 6.34 ms
[19:05:45.594] [stress] 512 tori | 1179648 tris/frame | 88.7 fps | 104.6 Mtris/s
[19:05:46.593] [poc5-stress] 88.7 fps | frame 11.27 ms | drain 6.34 ms
[19:05:46.595] [stress] 512 tori | 1179648 tris/frame | 88.7 fps | 104.7 Mtris/s
[19:05:47.596] [poc5-stress] 88.7 fps | frame 11.27 ms | drain 6.34 ms
[19:05:47.598] [stress] 512 tori | 1179648 tris/frame | 88.7 fps | 104.7 Mtris/s
[19:05:48.599] [poc5-stress] 88.7 fps | frame 11.27 ms | drain 6.34 ms
[19:05:48.603] [stress] 512 tori | 1179648 tris/frame | 88.7 fps | 104.7 Mtris/s
[19:05:49.602] [poc5-stress] 88.7 fps | frame 11.27 ms | drain 6.34 ms
[19:05:49.604] [stress] 512 tori | 1179648 tris/frame | 88.7 fps | 104.7 Mtris/s
[19:05:50.606] [poc5-stress] 88.7 fps | frame 11.28 ms | drain 6.34 ms
[19:05:50.608] [stress] 512 tori | 1179648 tris/frame | 88.7 fps | 104.6 Mtris/s
[19:05:51.609] [poc5-stress] 88.7 fps | frame 11.27 ms | drain 6.34 ms
[19:05:51.611] [stress] 512 tori | 1179648 tris/frame | 88.7 fps | 104.7 Mtris/s
[19:05:52.613] [poc5-stress] 88.6 fps | frame 11.28 ms | drain 6.35 ms
[19:05:52.616] [stress] 512 tori | 1179648 tris/frame | 88.6 fps | 104.5 Mtris/s
[19:05:53.617] [poc5-stress] 88.7 fps | frame 11.28 ms | drain 6.35 ms
[19:05:53.619] [stress] 512 tori | 1179648 tris/frame | 88.7 fps | 104.6 Mtris/s
[19:05:54.622] [poc5-stress] 88.6 fps | frame 11.29 ms | drain 6.35 ms
[19:05:54.624] [stress] 512 tori | 1179648 tris/frame | 88.6 fps | 104.5 Mtris/s
[19:05:55.626] [poc5-stress] 88.6 fps | frame 11.29 ms | drain 6.35 ms
[19:05:55.629] [stress] 512 tori | 1179648 tris/frame | 88.6 fps | 104.5 Mtris/s
[19:05:56.631] [poc5-stress] 88.5 fps | frame 11.30 ms | drain 6.36 ms
[19:05:56.633] [stress] 512 tori | 1179648 tris/frame | 88.5 fps | 104.4 Mtris/s
[19:05:57.636] [poc5-stress] 88.5 fps | frame 11.30 ms | drain 6.37 ms
[19:05:57.638] [stress] 512 tori | 1179648 tris/frame | 88.5 fps | 104.4 Mtris/s
[19:05:58.643] [poc5-stress] 88.4 fps | frame 11.31 ms | drain 6.37 ms
[19:05:58.645] [stress] 512 tori | 1179648 tris/frame | 88.4 fps | 104.3 Mtris/s
[19:05:59.649] [poc5-stress] 88.4 fps | frame 11.31 ms | drain 6.38 ms
[19:05:59.651] [stress] 512 tori | 1179648 tris/frame | 88.4 fps | 104.3 Mtris/s
[19:06:00.657] [poc5-stress] 88.4 fps | frame 11.31 ms | drain 6.38 ms
[19:06:00.658] [stress] 512 tori | 1179648 tris/frame | 88.4 fps | 104.3 Mtris/s
[19:06:01.665] [poc5-stress] 88.3 fps | frame 11.32 ms | drain 6.39 ms
[19:06:01.674] [stress] 512 tori | 1179648 tris/frame | 88.3 fps | 104.2 Mtris/s
[19:06:02.672] [poc5-stress] 88.2 fps | frame 11.33 ms | drain 6.40 ms
[19:06:02.674] [stress] 512 tori | 1179648 tris/frame | 88.2 fps | 104.1 Mtris/s
[19:06:03.681] [poc5-stress] 88.2 fps | frame 11.33 ms | drain 6.40 ms
[19:06:03.683] [stress] 512 tori | 1179648 tris/frame | 88.2 fps | 104.1 Mtris/s
[19:06:04.691] [poc5-stress] 88.2 fps | frame 11.34 ms | drain 6.40 ms
[19:06:04.692] [stress] 512 tori | 1179648 tris/frame | 88.2 fps | 104.1 Mtris/s
[19:06:05.700] [poc5-stress] 88.1 fps | frame 11.35 ms | drain 6.41 ms
[19:06:05.703] [stress] 512 tori | 1179648 tris/frame | 88.1 fps | 104.0 Mtris/s
[19:06:06.712] [poc5-stress] 88.1 fps | frame 11.35 ms | drain 6.42 ms
[19:06:06.714] [stress] 512 tori | 1179648 tris/frame | 88.1 fps | 103.9 Mtris/s
[19:06:07.721] [poc5-stress] 88.1 fps | frame 11.35 ms | drain 6.42 ms
[19:06:07.723] [stress] 512 tori | 1179648 tris/frame | 88.1 fps | 103.9 Mtris/s
[19:06:08.732] [poc5-stress] 88.0 fps | frame 11.36 ms | drain 6.42 ms
[19:06:08.734] [stress] 512 tori | 1179648 tris/frame | 88.0 fps | 103.8 Mtris/s
[19:06:09.731] [poc5-stress] 88.0 fps | frame 11.36 ms | drain 6.43 ms
[19:06:09.734] [stress] 512 tori | 1179648 tris/frame | 88.0 fps | 103.8 Mtris/s
[19:06:10.742] [poc5-stress] 88.0 fps | frame 11.36 ms | drain 6.43 ms
[19:06:10.745] [stress] 512 tori | 1179648 tris/frame | 88.0 fps | 103.8 Mtris/s
[19:06:11.754] [poc5-stress] 88.0 fps | frame 11.36 ms | drain 6.43 ms
[19:06:11.756] [stress] 512 tori | 1179648 tris/frame | 88.0 fps | 103.8 Mtris/s
[19:06:12.754] [poc5-stress] 88.0 fps | frame 11.37 ms | drain 6.43 ms
[19:06:12.756] [stress] 512 tori | 1179648 tris/frame | 88.0 fps | 103.8 Mtris/s
[19:06:13.755] [poc5-stress] 88.0 fps | frame 11.37 ms | drain 6.43 ms
[19:06:13.757] [stress] 512 tori | 1179648 tris/frame | 88.0 fps | 103.8 Mtris/s
[19:06:14.756] [poc5-stress] 87.9 fps | frame 11.37 ms | drain 6.43 ms
[19:06:14.758] [stress] 512 tori | 1179648 tris/frame | 87.9 fps | 103.7 Mtris/s
[19:06:15.756] [poc5-stress] 87.9 fps | frame 11.38 ms | drain 6.44 ms
[19:06:15.758] [stress] 512 tori | 1179648 tris/frame | 87.9 fps | 103.7 Mtris/s
[19:06:16.756] [poc5-stress] 87.9 fps | frame 11.37 ms | drain 6.44 ms
[19:06:16.758] [stress] 512 tori | 1179648 tris/frame | 87.9 fps | 103.7 Mtris/s
[19:06:17.757] [poc5-stress] 87.9 fps | frame 11.37 ms | drain 6.43 ms
[19:06:17.759] [stress] 512 tori | 1179648 tris/frame | 87.9 fps | 103.7 Mtris/s
[19:06:18.758] [poc5-stress] 87.9 fps | frame 11.37 ms | drain 6.44 ms
[19:06:18.760] [stress] 512 tori | 1179648 tris/frame | 87.9 fps | 103.7 Mtris/s
[19:06:19.759] [poc5-stress] 88.0 fps | frame 11.37 ms | drain 6.43 ms
[19:06:19.761] [stress] 512 tori | 1179648 tris/frame | 88.0 fps | 103.8 Mtris/s
[19:06:20.758] [poc5-stress] 88.0 fps | frame 11.37 ms | drain 6.43 ms
[19:06:20.761] [stress] 512 tori | 1179648 tris/frame | 88.0 fps | 103.8 Mtris/s
[19:06:21.770] [poc5-stress] 88.0 fps | frame 11.36 ms | drain 6.43 ms
[19:06:21.772] [stress] 512 tori | 1179648 tris/frame | 88.0 fps | 103.8 Mtris/s
[19:06:22.781] [poc5-stress] 88.0 fps | frame 11.36 ms | drain 6.43 ms
[19:06:22.783] [stress] 512 tori | 1179648 tris/frame | 88.0 fps | 103.8 Mtris/s
[19:06:23.792] [poc5-stress] 88.1 fps | frame 11.36 ms | drain 6.42 ms
[19:06:23.795] [stress] 512 tori | 1179648 tris/frame | 88.1 fps | 103.9 Mtris/s
[19:06:24.803] [poc5-stress] 88.0 fps | frame 11.36 ms | drain 6.42 ms
[19:06:24.806] [stress] 512 tori | 1179648 tris/frame | 88.0 fps | 103.9 Mtris/s
[19:06:25.814] [poc5-stress] 88.1 fps | frame 11.35 ms | drain 6.42 ms
[19:06:25.817] [stress] 512 tori | 1179648 tris/frame | 88.1 fps | 103.9 Mtris/s
[19:06:26.823] [poc5-stress] 88.1 fps | frame 11.34 ms | drain 6.41 ms
[19:06:26.826] [stress] 512 tori | 1179648 tris/frame | 88.1 fps | 104.0 Mtris/s
[19:06:27.832] [poc5-stress] 88.2 fps | frame 11.34 ms | drain 6.41 ms
[19:06:27.834] [stress] 512 tori | 1179648 tris/frame | 88.2 fps | 104.0 Mtris/s
[19:06:28.840] [poc5-stress] 88.2 fps | frame 11.33 ms | drain 6.40 ms
[19:06:28.843] [stress] 512 tori | 1179648 tris/frame | 88.2 fps | 104.1 Mtris/s
[19:06:29.848] [poc5-stress] 88.3 fps | frame 11.33 ms | drain 6.40 ms
[19:06:29.850] [stress] 512 tori | 1179648 tris/frame | 88.3 fps | 104.1 Mtris/s
[19:06:30.856] [poc5-stress] 88.3 fps | frame 11.32 ms | drain 6.39 ms
[19:06:30.858] [stress] 512 tori | 1179648 tris/frame | 88.3 fps | 104.2 Mtris/s
[19:06:31.864] [poc5-stress] 88.4 fps | frame 11.31 ms | drain 6.38 ms
[19:06:31.867] [stress] 512 tori | 1179648 tris/frame | 88.4 fps | 104.3 Mtris/s
[19:06:32.870] [poc5-stress] 88.4 fps | frame 11.31 ms | drain 6.38 ms
[19:06:32.872] [stress] 512 tori | 1179648 tris/frame | 88.4 fps | 104.3 Mtris/s
[19:06:33.876] [poc5-stress] 88.4 fps | frame 11.31 ms | drain 6.37 ms
[19:06:33.879] [stress] 512 tori | 1179648 tris/frame | 88.4 fps | 104.3 Mtris/s
[19:06:34.883] [poc5-stress] 88.5 fps | frame 11.30 ms | drain 6.37 ms
[19:06:34.885] [stress] 512 tori | 1179648 tris/frame | 88.5 fps | 104.4 Mtris/s
[19:06:35.888] [poc5-stress] 88.5 fps | frame 11.30 ms | drain 6.36 ms
[19:06:35.890] [stress] 512 tori | 1179648 tris/frame | 88.5 fps | 104.4 Mtris/s
[19:06:36.893] [poc5-stress] 88.5 fps | frame 11.30 ms | drain 6.36 ms
[19:06:36.895] [stress] 512 tori | 1179648 tris/frame | 88.5 fps | 104.4 Mtris/s
[19:06:37.900] [poc5-stress] 88.5 fps | frame 11.30 ms | drain 6.36 ms
[19:06:37.902] [stress] 512 tori | 1179648 tris/frame | 88.5 fps | 104.4 Mtris/s
[19:06:38.903] [poc5-stress] 88.6 fps | frame 11.28 ms | drain 6.35 ms
[19:06:38.905] [stress] 512 tori | 1179648 tris/frame | 88.6 fps | 104.6 Mtris/s
[19:06:39.907] [poc5-stress] 88.6 fps | frame 11.28 ms | drain 6.35 ms
[19:06:39.909] [stress] 512 tori | 1179648 tris/frame | 88.6 fps | 104.6 Mtris/s
[19:06:40.910] [poc5-stress] 88.7 fps | frame 11.28 ms | drain 6.35 ms
[19:06:40.913] [stress] 512 tori | 1179648 tris/frame | 88.7 fps | 104.6 Mtris/s
[19:06:41.914] [poc5-stress] 88.7 fps | frame 11.27 ms | drain 6.34 ms
[19:06:41.916] [stress] 512 tori | 1179648 tris/frame | 88.7 fps | 104.7 Mtris/s
[19:06:42.917] [poc5-stress] 88.7 fps | frame 11.27 ms | drain 6.34 ms
[19:06:42.919] [stress] 512 tori | 1179648 tris/frame | 88.7 fps | 104.6 Mtris/s
[19:06:43.921] [poc5-stress] 88.7 fps | frame 11.28 ms | drain 6.34 ms
[19:06:43.923] [stress] 512 tori | 1179648 tris/frame | 88.7 fps | 104.6 Mtris/s
[19:06:44.925] [poc5-stress] 88.7 fps | frame 11.27 ms | drain 6.34 ms
[19:06:44.927] [stress] 512 tori | 1179648 tris/frame | 88.7 fps | 104.7 Mtris/s
[19:06:45.927] [poc5-stress] 88.7 fps | frame 11.27 ms | drain 6.34 ms
[19:06:45.930] [stress] 512 tori | 1179648 tris/frame | 88.7 fps | 104.6 Mtris/s
[19:06:46.931] [poc5-stress] 88.7 fps | frame 11.27 ms | drain 6.34 ms
[19:06:46.932] [stress] 512 tori | 1179648 tris/frame | 88.7 fps | 104.7 Mtris/s
[19:06:47.934] [poc5-stress] 88.7 fps | frame 11.27 ms | drain 6.34 ms
[19:06:47.936] [stress] 512 tori | 1179648 tris/frame | 88.7 fps | 104.7 Mtris/s
[19:06:48.938] [poc5-stress] 88.7 fps | frame 11.27 ms | drain 6.33 ms
[19:06:48.940] [stress] 512 tori | 1179648 tris/frame | 88.7 fps | 104.7 Mtris/s
[19:06:49.941] [poc5-stress] 88.7 fps | frame 11.27 ms | drain 6.34 ms
[19:06:49.943] [stress] 512 tori | 1179648 tris/frame | 88.7 fps | 104.7 Mtris/s
[19:06:50.943] [poc5-stress] 88.7 fps | frame 11.28 ms | drain 6.34 ms
[19:06:50.945] [stress] 512 tori | 1179648 tris/frame | 88.7 fps | 104.6 Mtris/s
[19:06:51.946] [poc5-stress] 88.7 fps | frame 11.27 ms | drain 6.34 ms
[19:06:51.948] [stress] 512 tori | 1179648 tris/frame | 88.7 fps | 104.6 Mtris/s
[19:06:52.950] [poc5-stress] 88.7 fps | frame 11.27 ms | drain 6.34 ms
[19:06:52.952] [stress] 512 tori | 1179648 tris/frame | 88.7 fps | 104.7 Mtris/s
[19:06:53.953] [poc5-stress] 88.7 fps | frame 11.28 ms | drain 6.34 ms
[19:06:53.955] [stress] 512 tori | 1179648 tris/frame | 88.7 fps | 104.6 Mtris/s
[19:06:54.960] [poc5-stress] 88.7 fps | frame 11.28 ms | drain 6.35 ms
[19:06:54.961] [stress] 512 tori | 1179648 tris/frame | 88.7 fps | 104.6 Mtris/s
[19:06:55.960] [poc5-stress] 88.6 fps | frame 11.28 ms | drain 6.35 ms
[19:06:55.963] [stress] 512 tori | 1179648 tris/frame | 88.6 fps | 104.6 Mtris/s
[19:06:56.964] [poc5-stress] 88.6 fps | frame 11.28 ms | drain 6.35 ms
[19:06:56.967] [stress] 512 tori | 1179648 tris/frame | 88.6 fps | 104.6 Mtris/s
[19:06:57.970] [poc5-stress] 88.6 fps | frame 11.29 ms | drain 6.35 ms
[19:06:57.973] [stress] 512 tori | 1179648 tris/frame | 88.6 fps | 104.5 Mtris/s
[19:06:58.975] [poc5-stress] 88.5 fps | frame 11.30 ms | drain 6.36 ms
[19:06:58.977] [stress] 512 tori | 1179648 tris/frame | 88.5 fps | 104.4 Mtris/s
[19:06:59.981] [poc5-stress] 88.5 fps | frame 11.30 ms | drain 6.37 ms
[19:06:59.984] [stress] 512 tori | 1179648 tris/frame | 88.5 fps | 104.4 Mtris/s
[19:07:00.987] [poc5-stress] 88.5 fps | frame 11.30 ms | drain 6.37 ms
[19:07:00.990] [stress] 512 tori | 1179648 tris/frame | 88.5 fps | 104.3 Mtris/s
[19:07:01.994] [poc5-stress] 88.4 fps | frame 11.31 ms | drain 6.38 ms
[19:07:01.996] [stress] 512 tori | 1179648 tris/frame | 88.4 fps | 104.3 Mtris/s
[19:07:03.001] [poc5-stress] 88.4 fps | frame 11.32 ms | drain 6.38 ms
[19:07:03.004] [stress] 512 tori | 1179648 tris/frame | 88.4 fps | 104.2 Mtris/s
[19:07:04.009] [poc5-stress] 88.4 fps | frame 11.32 ms | drain 6.38 ms
[19:07:04.011] [stress] 512 tori | 1179648 tris/frame | 88.4 fps | 104.2 Mtris/s
[19:07:05.016] [poc5-stress] 88.3 fps | frame 11.32 ms | drain 6.39 ms
[19:07:05.018] [stress] 512 tori | 1179648 tris/frame | 88.3 fps | 104.2 Mtris/s
[19:07:06.025] [poc5-stress] 88.2 fps | frame 11.34 ms | drain 6.40 ms
[19:07:06.027] [stress] 512 tori | 1179648 tris/frame | 88.2 fps | 104.0 Mtris/s
[19:07:07.035] [poc5-stress] 88.2 fps | frame 11.34 ms | drain 6.40 ms
[19:07:07.037] [stress] 512 tori | 1179648 tris/frame | 88.2 fps | 104.0 Mtris/s
[19:07:08.043] [poc5-stress] 88.1 fps | frame 11.35 ms | drain 6.41 ms
[19:07:08.046] [stress] 512 tori | 1179648 tris/frame | 88.1 fps | 104.0 Mtris/s
[19:07:09.054] [poc5-stress] 88.1 fps | frame 11.35 ms | drain 6.41 ms
[19:07:09.056] [stress] 512 tori | 1179648 tris/frame | 88.1 fps | 104.0 Mtris/s
[19:07:10.063] [poc5-stress] 88.1 fps | frame 11.35 ms | drain 6.42 ms
[19:07:10.067] [stress] 512 tori | 1179648 tris/frame | 88.1 fps | 103.9 Mtris/s
[19:07:11.076] [poc5-stress] 88.0 fps | frame 11.36 ms | drain 6.42 ms
[19:07:11.078] [stress] 512 tori | 1179648 tris/frame | 88.0 fps | 103.8 Mtris/s
[19:07:12.086] [poc5-stress] 88.0 fps | frame 11.36 ms | drain 6.43 ms
[19:07:12.089] [stress] 512 tori | 1179648 tris/frame | 88.0 fps | 103.8 Mtris/s
[19:07:13.098] [poc5-stress] 88.0 fps | frame 11.36 ms | drain 6.43 ms
[19:07:13.099] [stress] 512 tori | 1179648 tris/frame | 88.0 fps | 103.8 Mtris/s
[19:07:14.108] [poc5-stress] 88.0 fps | frame 11.36 ms | drain 6.43 ms
[19:07:14.111] [stress] 512 tori | 1179648 tris/frame | 88.0 fps | 103.8 Mtris/s
[19:07:15.120] [poc5-stress] 88.0 fps | frame 11.36 ms | drain 6.43 ms
[19:07:15.122] [stress] 512 tori | 1179648 tris/frame | 88.0 fps | 103.8 Mtris/s
[19:07:16.120] [poc5-stress] 88.0 fps | frame 11.37 ms | drain 6.43 ms
[19:07:16.122] [stress] 512 tori | 1179648 tris/frame | 88.0 fps | 103.8 Mtris/s
[19:07:17.120] [poc5-stress] 87.9 fps | frame 11.37 ms | drain 6.44 ms
[19:07:17.123] [stress] 512 tori | 1179648 tris/frame | 87.9 fps | 103.7 Mtris/s
[19:07:18.122] [poc5-stress] 87.9 fps | frame 11.37 ms | drain 6.44 ms
[19:07:18.124] [stress] 512 tori | 1179648 tris/frame | 87.9 fps | 103.7 Mtris/s
[19:07:19.125] [poc5-stress] 87.9 fps | frame 11.37 ms | drain 6.44 ms
[19:07:19.127] [stress] 512 tori | 1179648 tris/frame | 87.9 fps | 103.7 Mtris/s
[19:07:20.123] [poc5-stress] 88.0 fps | frame 11.37 ms | drain 6.44 ms
[19:07:20.125] [stress] 512 tori | 1179648 tris/frame | 88.0 fps | 103.8 Mtris/s
[19:07:21.124] [poc5-stress] 88.0 fps | frame 11.37 ms | drain 6.43 ms
[19:07:21.126] [stress] 512 tori | 1179648 tris/frame | 88.0 fps | 103.8 Mtris/s
[19:07:22.124] [poc5-stress] 87.9 fps | frame 11.37 ms | drain 6.43 ms
[19:07:22.127] [stress] 512 tori | 1179648 tris/frame | 87.9 fps | 103.7 Mtris/s
[19:07:23.124] [poc5-stress] 88.0 fps | frame 11.37 ms | drain 6.43 ms
[19:07:23.127] [stress] 512 tori | 1179648 tris/frame | 88.0 fps | 103.8 Mtris/s
[19:07:24.136] [poc5-stress] 88.0 fps | frame 11.36 ms | drain 6.43 ms
[19:07:24.138] [stress] 512 tori | 1179648 tris/frame | 88.0 fps | 103.8 Mtris/s
[19:07:25.150] [poc5-stress] 88.0 fps | frame 11.36 ms | drain 6.43 ms
[19:07:25.153] [stress] 512 tori | 1179648 tris/frame | 88.0 fps | 103.8 Mtris/s
[19:07:26.148] [poc5-stress] 88.0 fps | frame 11.36 ms | drain 6.43 ms
[19:07:26.149] [stress] 512 tori | 1179648 tris/frame | 88.0 fps | 103.8 Mtris/s
[19:07:27.158] [poc5-stress] 88.0 fps | frame 11.36 ms | drain 6.43 ms
[19:07:27.160] [stress] 512 tori | 1179648 tris/frame | 88.0 fps | 103.8 Mtris/s
[19:07:28.168] [poc5-stress] 88.1 fps | frame 11.36 ms | drain 6.42 ms
[19:07:28.170] [stress] 512 tori | 1179648 tris/frame | 88.1 fps | 103.9 Mtris/s
[19:07:29.179] [poc5-stress] 88.1 fps | frame 11.35 ms | drain 6.41 ms
[19:07:29.181] [stress] 512 tori | 1179648 tris/frame | 88.1 fps | 104.0 Mtris/s
[19:07:30.188] [poc5-stress] 88.1 fps | frame 11.35 ms | drain 6.41 ms
[19:07:30.192] [stress] 512 tori | 1179648 tris/frame | 88.1 fps | 104.0 Mtris/s
[19:07:31.197] [poc5-stress] 88.2 fps | frame 11.33 ms | drain 6.40 ms
[19:07:31.199] [stress] 512 tori | 1179648 tris/frame | 88.2 fps | 104.1 Mtris/s
[19:07:32.207] [poc5-stress] 88.2 fps | frame 11.34 ms | drain 6.40 ms
[19:07:32.210] [stress] 512 tori | 1179648 tris/frame | 88.2 fps | 104.1 Mtris/s
[19:07:33.214] [poc5-stress] 88.3 fps | frame 11.33 ms | drain 6.39 ms
[19:07:33.216] [stress] 512 tori | 1179648 tris/frame | 88.3 fps | 104.2 Mtris/s
[19:07:34.224] [poc5-stress] 88.4 fps | frame 11.32 ms | drain 6.38 ms
[19:07:34.227] [stress] 512 tori | 1179648 tris/frame | 88.4 fps | 104.2 Mtris/s
[19:07:35.231] [poc5-stress] 88.3 fps | frame 11.32 ms | drain 6.38 ms
[19:07:35.234] [stress] 512 tori | 1179648 tris/frame | 88.3 fps | 104.2 Mtris/s
[19:07:36.236] [poc5-stress] 88.4 fps | frame 11.31 ms | drain 6.38 ms
[19:07:36.238] [stress] 512 tori | 1179648 tris/frame | 88.4 fps | 104.3 Mtris/s
[19:07:37.242] [poc5-stress] 88.4 fps | frame 11.31 ms | drain 6.37 ms
[19:07:37.245] [stress] 512 tori | 1179648 tris/frame | 88.4 fps | 104.3 Mtris/s
[19:07:38.247] [poc5-stress] 88.5 fps | frame 11.30 ms | drain 6.36 ms
[19:07:38.250] [stress] 512 tori | 1179648 tris/frame | 88.5 fps | 104.4 Mtris/s
[19:07:39.253] [poc5-stress] 88.5 fps | frame 11.30 ms | drain 6.36 ms
[19:07:39.908] [stress] 512 tori | 1179648 tris/frame | 88.5 fps | 104.4 Mtris/s
[19:07:40.258] [poc5-stress] 88.6 fps | frame 11.29 ms | drain 6.36 ms
[19:07:40.260] [stress] 512 tori | 1179648 tris/frame | 88.6 fps | 104.5 Mtris/s
[19:07:41.262] [poc5-stress] 88.6 fps | frame 11.28 ms | drain 6.35 ms
[19:07:41.264] [stress] 512 tori | 1179648 tris/frame | 88.6 fps | 104.5 Mtris/s
[19:07:42.267] [poc5-stress] 88.6 fps | frame 11.29 ms | drain 6.35 ms
[19:07:42.270] [stress] 512 tori | 1179648 tris/frame | 88.6 fps | 104.5 Mtris/s
[19:07:43.271] [poc5-stress] 88.7 fps | frame 11.28 ms | drain 6.35 ms
[19:07:43.273] [stress] 512 tori | 1179648 tris/frame | 88.7 fps | 104.6 Mtris/s
[19:07:44.275] [poc5-stress] 88.7 fps | frame 11.28 ms | drain 6.34 ms
[19:07:44.280] [stress] 512 tori | 1179648 tris/frame | 88.7 fps | 104.6 Mtris/s
[19:07:45.278] [poc5-stress] 88.7 fps | frame 11.28 ms | drain 6.34 ms
[19:07:45.280] [stress] 512 tori | 1179648 tris/frame | 88.7 fps | 104.6 Mtris/s
[19:07:46.282] [poc5-stress] 88.7 fps | frame 11.28 ms | drain 6.34 ms
[19:07:46.284] [stress] 512 tori | 1179648 tris/frame | 88.7 fps | 104.6 Mtris/s
[19:07:47.286] [poc5-stress] 88.7 fps | frame 11.27 ms | drain 6.34 ms
[19:07:47.288] [stress] 512 tori | 1179648 tris/frame | 88.7 fps | 104.6 Mtris/s
[19:07:48.288] [poc5-stress] 88.7 fps | frame 11.28 ms | drain 6.34 ms
[19:07:48.291] [stress] 512 tori | 1179648 tris/frame | 88.7 fps | 104.6 Mtris/s
[19:07:49.292] [poc5-stress] 88.7 fps | frame 11.27 ms | drain 6.34 ms
[19:07:49.294] [stress] 512 tori | 1179648 tris/frame | 88.7 fps | 104.7 Mtris/s
[19:07:50.296] [poc5-stress] 88.7 fps | frame 11.28 ms | drain 6.34 ms
[19:07:50.298] [stress] 512 tori | 1179648 tris/frame | 88.7 fps | 104.6 Mtris/s
[19:07:51.298] [poc5-stress] 88.7 fps | frame 11.27 ms | drain 6.34 ms
[19:07:51.302] [stress] 512 tori | 1179648 tris/frame | 88.7 fps | 104.7 Mtris/s
[19:07:52.302] [poc5-stress] 88.7 fps | frame 11.27 ms | drain 6.33 ms
[19:07:52.308] [stress] 512 tori | 1179648 tris/frame | 88.7 fps | 104.7 Mtris/s
[19:07:53.306] [poc5-stress] 88.7 fps | frame 11.28 ms | drain 6.34 ms
[19:07:53.308] [stress] 512 tori | 1179648 tris/frame | 88.7 fps | 104.6 Mtris/s
[19:07:54.308] [poc5-stress] 88.7 fps | frame 11.27 ms | drain 6.34 ms
[19:07:54.311] [stress] 512 tori | 1179648 tris/frame | 88.7 fps | 104.7 Mtris/s
[19:07:55.312] [poc5-stress] 88.7 fps | frame 11.28 ms | drain 6.34 ms
[19:07:55.313] [stress] 512 tori | 1179648 tris/frame | 88.7 fps | 104.6 Mtris/s
[19:07:56.315] [poc5-stress] 88.7 fps | frame 11.27 ms | drain 6.34 ms
[19:07:56.317] [stress] 512 tori | 1179648 tris/frame | 88.7 fps | 104.6 Mtris/s
[19:07:57.321] [poc5-stress] 88.7 fps | frame 11.28 ms | drain 6.34 ms
[19:07:57.323] [stress] 512 tori | 1179648 tris/frame | 88.7 fps | 104.6 Mtris/s
[19:07:58.322] [poc5-stress] 88.7 fps | frame 11.28 ms | drain 6.34 ms
[19:07:58.324] [stress] 512 tori | 1179648 tris/frame | 88.7 fps | 104.6 Mtris/s
[19:07:59.327] [poc5-stress] 88.6 fps | frame 11.29 ms | drain 6.35 ms
[19:07:59.330] [stress] 512 tori | 1179648 tris/frame | 88.6 fps | 104.5 Mtris/s
[19:08:00.332] [poc5-stress] 88.6 fps | frame 11.29 ms | drain 6.35 ms
[19:08:00.334] [stress] 512 tori | 1179648 tris/frame | 88.6 fps | 104.5 Mtris/s
[19:08:01.337] [poc5-stress] 88.5 fps | frame 11.30 ms | drain 6.36 ms
[19:08:01.339] [stress] 512 tori | 1179648 tris/frame | 88.5 fps | 104.4 Mtris/s
[19:08:02.342] [poc5-stress] 88.5 fps | frame 11.30 ms | drain 6.36 ms
[19:08:02.347] [stress] 512 tori | 1179648 tris/frame | 88.5 fps | 104.4 Mtris/s
[19:08:03.348] [poc5-stress] 88.5 fps | frame 11.30 ms | drain 6.37 ms
[19:08:03.351] [stress] 512 tori | 1179648 tris/frame | 88.5 fps | 104.4 Mtris/s
[19:08:04.354] [poc5-stress] 88.5 fps | frame 11.31 ms | drain 6.37 ms
[19:08:04.357] [stress] 512 tori | 1179648 tris/frame | 88.5 fps | 104.3 Mtris/s
[19:08:05.362] [poc5-stress] 88.4 fps | frame 11.31 ms | drain 6.38 ms
[19:08:05.364] [stress] 512 tori | 1179648 tris/frame | 88.4 fps | 104.3 Mtris/s
[19:08:06.370] [poc5-stress] 88.4 fps | frame 11.32 ms | drain 6.38 ms
[19:08:06.380] [stress] 512 tori | 1179648 tris/frame | 88.4 fps | 104.3 Mtris/s
[19:08:07.376] [poc5-stress] 88.3 fps | frame 11.32 ms | drain 6.39 ms
[19:08:07.378] [stress] 512 tori | 1179648 tris/frame | 88.3 fps | 104.2 Mtris/s
[19:08:08.384] [poc5-stress] 88.3 fps | frame 11.33 ms | drain 6.39 ms
[19:08:08.386] [stress] 512 tori | 1179648 tris/frame | 88.3 fps | 104.1 Mtris/s
[19:08:09.394] [poc5-stress] 88.2 fps | frame 11.34 ms | drain 6.40 ms
[19:08:09.397] [stress] 512 tori | 1179648 tris/frame | 88.2 fps | 104.0 Mtris/s
[19:08:10.403] [poc5-stress] 88.2 fps | frame 11.34 ms | drain 6.41 ms
[19:08:10.404] [stress] 512 tori | 1179648 tris/frame | 88.2 fps | 104.0 Mtris/s
[19:08:11.413] [poc5-stress] 88.1 fps | frame 11.35 ms | drain 6.41 ms
[19:08:11.415] [stress] 512 tori | 1179648 tris/frame | 88.1 fps | 103.9 Mtris/s
[19:08:12.423] [poc5-stress] 88.1 fps | frame 11.35 ms | drain 6.41 ms
[19:08:12.425] [stress] 512 tori | 1179648 tris/frame | 88.1 fps | 103.9 Mtris/s
[19:08:13.433] [poc5-stress] 88.1 fps | frame 11.35 ms | drain 6.42 ms
[19:08:13.435] [stress] 512 tori | 1179648 tris/frame | 88.1 fps | 103.9 Mtris/s
[19:08:14.444] [poc5-stress] 88.0 fps | frame 11.36 ms | drain 6.42 ms
[19:08:14.447] [stress] 512 tori | 1179648 tris/frame | 88.0 fps | 103.8 Mtris/s
[19:08:15.456] [poc5-stress] 88.0 fps | frame 11.36 ms | drain 6.43 ms
[19:08:15.458] [stress] 512 tori | 1179648 tris/frame | 88.0 fps | 103.8 Mtris/s
[19:08:16.456] [poc5-stress] 88.0 fps | frame 11.37 ms | drain 6.43 ms
[19:08:16.458] [stress] 512 tori | 1179648 tris/frame | 88.0 fps | 103.8 Mtris/s
[19:08:17.467] [poc5-stress] 88.0 fps | frame 11.36 ms | drain 6.43 ms
[19:08:17.469] [stress] 512 tori | 1179648 tris/frame | 88.0 fps | 103.8 Mtris/s
[19:08:18.467] [poc5-stress] 88.0 fps | frame 11.36 ms | drain 6.43 ms
[19:08:18.469] [stress] 512 tori | 1179648 tris/frame | 88.0 fps | 103.8 Mtris/s
[19:08:19.467] [poc5-stress] 88.0 fps | frame 11.37 ms | drain 6.43 ms
[19:08:19.470] [stress] 512 tori | 1179648 tris/frame | 88.0 fps | 103.8 Mtris/s
[19:08:20.468] [poc5-stress] 87.9 fps | frame 11.37 ms | drain 6.43 ms
[19:08:20.470] [stress] 512 tori | 1179648 tris/frame | 87.9 fps | 103.7 Mtris/s
[19:08:21.469] [poc5-stress] 87.9 fps | frame 11.38 ms | drain 6.44 ms
[19:08:21.471] [stress] 512 tori | 1179648 tris/frame | 87.9 fps | 103.7 Mtris/s
[19:08:22.469] [poc5-stress] 87.9 fps | frame 11.37 ms | drain 6.43 ms
[19:08:22.471] [stress] 512 tori | 1179648 tris/frame | 87.9 fps | 103.7 Mtris/s
[19:08:23.469] [poc5-stress] 88.0 fps | frame 11.37 ms | drain 6.44 ms
[19:08:23.471] [stress] 512 tori | 1179648 tris/frame | 88.0 fps | 103.8 Mtris/s
[19:08:24.470] [poc5-stress] 87.9 fps | frame 11.37 ms | drain 6.44 ms
[19:08:24.473] [stress] 512 tori | 1179648 tris/frame | 87.9 fps | 103.7 Mtris/s
[19:08:25.471] [poc5-stress] 88.0 fps | frame 11.37 ms | drain 6.43 ms
[19:08:25.473] [stress] 512 tori | 1179648 tris/frame | 88.0 fps | 103.8 Mtris/s
[19:08:26.472] [poc5-stress] 88.0 fps | frame 11.37 ms | drain 6.43 ms
[19:08:26.473] [stress] 512 tori | 1179648 tris/frame | 88.0 fps | 103.8 Mtris/s
[19:08:27.483] [poc5-stress] 88.0 fps | frame 11.36 ms | drain 6.43 ms
[19:08:27.485] [stress] 512 tori | 1179648 tris/frame | 88.0 fps | 103.8 Mtris/s
[19:08:28.493] [poc5-stress] 88.0 fps | frame 11.36 ms | drain 6.43 ms
[19:08:28.495] [stress] 512 tori | 1179648 tris/frame | 88.0 fps | 103.8 Mtris/s
[19:08:29.504] [poc5-stress] 88.0 fps | frame 11.36 ms | drain 6.42 ms
[19:08:29.506] [stress] 512 tori | 1179648 tris/frame | 88.0 fps | 103.8 Mtris/s
[19:08:30.516] [poc5-stress] 88.1 fps | frame 11.36 ms | drain 6.42 ms
[19:08:30.518] [stress] 512 tori | 1179648 tris/frame | 88.1 fps | 103.9 Mtris/s
[19:08:31.526] [poc5-stress] 88.1 fps | frame 11.35 ms | drain 6.42 ms
[19:08:31.528] [stress] 512 tori | 1179648 tris/frame | 88.1 fps | 103.9 Mtris/s
[19:08:32.535] [poc5-stress] 88.1 fps | frame 11.35 ms | drain 6.41 ms
[19:08:32.538] [stress] 512 tori | 1179648 tris/frame | 88.1 fps | 104.0 Mtris/s
[19:08:33.545] [poc5-stress] 88.2 fps | frame 11.34 ms | drain 6.40 ms
[19:08:33.547] [stress] 512 tori | 1179648 tris/frame | 88.2 fps | 104.0 Mtris/s
[19:08:34.553] [poc5-stress] 88.2 fps | frame 11.33 ms | drain 6.40 ms
[19:08:34.555] [stress] 512 tori | 1179648 tris/frame | 88.2 fps | 104.1 Mtris/s
[19:08:35.562] [poc5-stress] 88.3 fps | frame 11.33 ms | drain 6.40 ms
[19:08:35.564] [stress] 512 tori | 1179648 tris/frame | 88.3 fps | 104.1 Mtris/s
[19:08:36.569] [poc5-stress] 88.3 fps | frame 11.32 ms | drain 6.39 ms
[19:08:36.572] [stress] 512 tori | 1179648 tris/frame | 88.3 fps | 104.2 Mtris/s
[19:08:37.578] [poc5-stress] 88.4 fps | frame 11.32 ms | drain 6.38 ms
[19:08:37.580] [stress] 512 tori | 1179648 tris/frame | 88.4 fps | 104.2 Mtris/s
[19:08:38.583] [poc5-stress] 88.4 fps | frame 11.31 ms | drain 6.38 ms
[19:08:38.586] [stress] 512 tori | 1179648 tris/frame | 88.4 fps | 104.3 Mtris/s
[19:08:39.589] [poc5-stress] 88.4 fps | frame 11.31 ms | drain 6.37 ms
[19:08:39.591] [stress] 512 tori | 1179648 tris/frame | 88.4 fps | 104.3 Mtris/s
[19:08:40.595] [poc5-stress] 88.5 fps | frame 11.30 ms | drain 6.37 ms
[19:08:40.598] [stress] 512 tori | 1179648 tris/frame | 88.5 fps | 104.4 Mtris/s
[19:08:41.600] [poc5-stress] 88.5 fps | frame 11.30 ms | drain 6.36 ms
[19:08:41.603] [stress] 512 tori | 1179648 tris/frame | 88.5 fps | 104.4 Mtris/s
[19:08:42.607] [poc5-stress] 88.5 fps | frame 11.29 ms | drain 6.36 ms
[19:08:42.609] [stress] 512 tori | 1179648 tris/frame | 88.5 fps | 104.5 Mtris/s
[19:08:43.611] [poc5-stress] 88.6 fps | frame 11.29 ms | drain 6.36 ms
[19:08:43.613] [stress] 512 tori | 1179648 tris/frame | 88.6 fps | 104.5 Mtris/s
[19:08:44.615] [poc5-stress] 88.6 fps | frame 11.28 ms | drain 6.35 ms
[19:08:44.617] [stress] 512 tori | 1179648 tris/frame | 88.6 fps | 104.5 Mtris/s
[19:08:45.619] [poc5-stress] 88.6 fps | frame 11.28 ms | drain 6.35 ms
[19:08:45.623] [stress] 512 tori | 1179648 tris/frame | 88.6 fps | 104.6 Mtris/s
[19:08:46.623] [poc5-stress] 88.7 fps | frame 11.28 ms | drain 6.34 ms
[19:08:46.625] [stress] 512 tori | 1179648 tris/frame | 88.7 fps | 104.6 Mtris/s
[19:08:47.626] [poc5-stress] 88.7 fps | frame 11.27 ms | drain 6.34 ms
[19:08:47.628] [stress] 512 tori | 1179648 tris/frame | 88.7 fps | 104.6 Mtris/s
[19:08:48.630] [poc5-stress] 88.7 fps | frame 11.27 ms | drain 6.34 ms
[19:08:48.632] [stress] 512 tori | 1179648 tris/frame | 88.7 fps | 104.6 Mtris/s
[19:08:49.632] [poc5-stress] 88.7 fps | frame 11.28 ms | drain 6.34 ms
[19:08:49.635] [stress] 512 tori | 1179648 tris/frame | 88.7 fps | 104.6 Mtris/s
[19:08:50.636] [poc5-stress] 88.7 fps | frame 11.27 ms | drain 6.34 ms
[19:08:50.638] [stress] 512 tori | 1179648 tris/frame | 88.7 fps | 104.6 Mtris/s
[19:08:51.639] [poc5-stress] 88.7 fps | frame 11.28 ms | drain 6.34 ms
[19:08:51.642] [stress] 512 tori | 1179648 tris/frame | 88.7 fps | 104.6 Mtris/s
[19:08:52.643] [poc5-stress] 88.7 fps | frame 11.27 ms | drain 6.34 ms
[19:08:52.645] [stress] 512 tori | 1179648 tris/frame | 88.7 fps | 104.7 Mtris/s
[19:08:53.646] [poc5-stress] 88.7 fps | frame 11.27 ms | drain 6.34 ms
[19:08:53.649] [stress] 512 tori | 1179648 tris/frame | 88.7 fps | 104.7 Mtris/s
[19:08:54.649] [poc5-stress] 88.7 fps | frame 11.27 ms | drain 6.34 ms
[19:08:54.652] [stress] 512 tori | 1179648 tris/frame | 88.7 fps | 104.7 Mtris/s
[19:08:55.654] [poc5-stress] 88.7 fps | frame 11.27 ms | drain 6.34 ms
[19:08:55.656] [stress] 512 tori | 1179648 tris/frame | 88.7 fps | 104.7 Mtris/s
[19:08:56.656] [poc5-stress] 88.7 fps | frame 11.28 ms | drain 6.34 ms
[19:08:56.658] [stress] 512 tori | 1179648 tris/frame | 88.7 fps | 104.6 Mtris/s
[19:08:57.659] [poc5-stress] 88.7 fps | frame 11.27 ms | drain 6.34 ms
[19:08:57.662] [stress] 512 tori | 1179648 tris/frame | 88.7 fps | 104.6 Mtris/s
[19:08:58.663] [poc5-stress] 88.7 fps | frame 11.28 ms | drain 6.34 ms
[19:08:58.665] [stress] 512 tori | 1179648 tris/frame | 88.7 fps | 104.6 Mtris/s
[19:08:59.667] [poc5-stress] 88.7 fps | frame 11.28 ms | drain 6.34 ms
[19:08:59.668] [stress] 512 tori | 1179648 tris/frame | 88.7 fps | 104.6 Mtris/s
[19:09:00.670] [poc5-stress] 88.7 fps | frame 11.28 ms | drain 6.35 ms
[19:09:00.672] [stress] 512 tori | 1179648 tris/frame | 88.7 fps | 104.6 Mtris/s
[19:09:01.675] [poc5-stress] 88.6 fps | frame 11.28 ms | drain 6.35 ms
[19:09:01.677] [stress] 512 tori | 1179648 tris/frame | 88.6 fps | 104.6 Mtris/s
[19:09:02.678] [poc5-stress] 88.6 fps | frame 11.28 ms | drain 6.35 ms
[19:09:02.681] [stress] 512 tori | 1179648 tris/frame | 88.6 fps | 104.5 Mtris/s
[19:09:03.683] [poc5-stress] 88.6 fps | frame 11.29 ms | drain 6.35 ms
[19:09:03.686] [stress] 512 tori | 1179648 tris/frame | 88.6 fps | 104.5 Mtris/s
[19:09:04.688] [poc5-stress] 88.5 fps | frame 11.30 ms | drain 6.36 ms
[19:09:04.691] [stress] 512 tori | 1179648 tris/frame | 88.5 fps | 104.4 Mtris/s
[19:09:05.694] [poc5-stress] 88.5 fps | frame 11.30 ms | drain 6.37 ms
[19:09:05.696] [stress] 512 tori | 1179648 tris/frame | 88.5 fps | 104.4 Mtris/s
[19:09:06.701] [poc5-stress] 88.4 fps | frame 11.31 ms | drain 6.37 ms
[19:09:06.704] [stress] 512 tori | 1179648 tris/frame | 88.4 fps | 104.3 Mtris/s
[19:09:07.708] [poc5-stress] 88.4 fps | frame 11.31 ms | drain 6.38 ms
[19:09:07.710] [stress] 512 tori | 1179648 tris/frame | 88.4 fps | 104.3 Mtris/s
[19:09:08.715] [poc5-stress] 88.4 fps | frame 11.32 ms | drain 6.38 ms
[19:09:08.717] [stress] 512 tori | 1179648 tris/frame | 88.4 fps | 104.2 Mtris/s
[19:09:09.722] [poc5-stress] 88.3 fps | frame 11.32 ms | drain 6.38 ms
[19:09:09.724] [stress] 512 tori | 1179648 tris/frame | 88.3 fps | 104.2 Mtris/s
[19:09:10.731] [poc5-stress] 88.3 fps | frame 11.33 ms | drain 6.39 ms
[19:09:10.732] [stress] 512 tori | 1179648 tris/frame | 88.3 fps | 104.1 Mtris/s
[19:09:11.739] [poc5-stress] 88.2 fps | frame 11.33 ms | drain 6.40 ms
[19:09:11.742] [stress] 512 tori | 1179648 tris/frame | 88.2 fps | 104.1 Mtris/s
[19:09:12.749] [poc5-stress] 88.2 fps | frame 11.34 ms | drain 6.40 ms
[19:09:12.750] [stress] 512 tori | 1179648 tris/frame | 88.2 fps | 104.0 Mtris/s
[19:09:13.758] [poc5-stress] 88.1 fps | frame 11.34 ms | drain 6.41 ms
[19:09:13.760] [stress] 512 tori | 1179648 tris/frame | 88.1 fps | 104.0 Mtris/s
[19:09:14.768] [poc5-stress] 88.1 fps | frame 11.35 ms | drain 6.41 ms
[19:09:14.771] [stress] 512 tori | 1179648 tris/frame | 88.1 fps | 103.9 Mtris/s
[19:09:15.779] [poc5-stress] 88.1 fps | frame 11.35 ms | drain 6.42 ms
[19:09:15.781] [stress] 512 tori | 1179648 tris/frame | 88.1 fps | 103.9 Mtris/s
[19:09:16.790] [poc5-stress] 88.0 fps | frame 11.36 ms | drain 6.42 ms
[19:09:16.792] [stress] 512 tori | 1179648 tris/frame | 88.0 fps | 103.8 Mtris/s
[19:09:17.789] [poc5-stress] 88.0 fps | frame 11.37 ms | drain 6.42 ms
[19:09:17.792] [stress] 512 tori | 1179648 tris/frame | 88.0 fps | 103.8 Mtris/s
[19:09:18.790] [poc5-stress] 88.0 fps | frame 11.37 ms | drain 6.43 ms
[19:09:18.792] [stress] 512 tori | 1179648 tris/frame | 88.0 fps | 103.8 Mtris/s
[19:09:19.790] [poc5-stress] 88.0 fps | frame 11.37 ms | drain 6.43 ms
[19:09:19.791] [stress] 512 tori | 1179648 tris/frame | 88.0 fps | 103.8 Mtris/s
[19:09:20.790] [poc5-stress] 88.0 fps | frame 11.37 ms | drain 6.43 ms
[19:09:20.792] [stress] 512 tori | 1179648 tris/frame | 88.0 fps | 103.8 Mtris/s
[19:09:21.790] [poc5-stress] 88.0 fps | frame 11.37 ms | drain 6.43 ms
[19:09:21.792] [stress] 512 tori | 1179648 tris/frame | 88.0 fps | 103.8 Mtris/s
[19:09:22.791] [poc5-stress] 88.0 fps | frame 11.37 ms | drain 6.43 ms
[19:09:22.793] [stress] 512 tori | 1179648 tris/frame | 88.0 fps | 103.8 Mtris/s
[19:09:23.791] [poc5-stress] 87.9 fps | frame 11.37 ms | drain 6.43 ms
[19:09:23.794] [stress] 512 tori | 1179648 tris/frame | 87.9 fps | 103.7 Mtris/s
[19:09:24.795] [poc5-stress] 87.9 fps | frame 11.37 ms | drain 6.44 ms
[19:09:24.797] [stress] 512 tori | 1179648 tris/frame | 87.9 fps | 103.7 Mtris/s
[19:09:25.793] [poc5-stress] 87.9 fps | frame 11.37 ms | drain 6.43 ms
[19:09:25.795] [stress] 512 tori | 1179648 tris/frame | 87.9 fps | 103.7 Mtris/s
[19:09:26.794] [poc5-stress] 87.9 fps | frame 11.37 ms | drain 6.43 ms
[19:09:26.796] [stress] 512 tori | 1179648 tris/frame | 87.9 fps | 103.7 Mtris/s
[19:09:27.795] [poc5-stress] 87.9 fps | frame 11.38 ms | drain 6.44 ms
[19:09:27.798] [stress] 512 tori | 1179648 tris/frame | 87.9 fps | 103.7 Mtris/s
[19:09:28.796] [poc5-stress] 87.9 fps | frame 11.37 ms | drain 6.44 ms
[19:09:28.798] [stress] 512 tori | 1179648 tris/frame | 87.9 fps | 103.7 Mtris/s
[19:09:29.797] [poc5-stress] 87.9 fps | frame 11.37 ms | drain 6.43 ms
[19:09:29.799] [stress] 512 tori | 1179648 tris/frame | 87.9 fps | 103.7 Mtris/s
[19:09:30.796] [poc5-stress] 88.0 fps | frame 11.36 ms | drain 6.43 ms
[19:09:30.798] [stress] 512 tori | 1179648 tris/frame | 88.0 fps | 103.8 Mtris/s
[19:09:31.807] [poc5-stress] 88.0 fps | frame 11.36 ms | drain 6.43 ms
[19:09:31.810] [stress] 512 tori | 1179648 tris/frame | 88.0 fps | 103.8 Mtris/s
[19:09:32.820] [poc5-stress] 88.0 fps | frame 11.36 ms | drain 6.42 ms
[19:09:32.822] [stress] 512 tori | 1179648 tris/frame | 88.0 fps | 103.8 Mtris/s
[19:09:33.829] [poc5-stress] 88.1 fps | frame 11.35 ms | drain 6.42 ms
[19:09:33.831] [stress] 512 tori | 1179648 tris/frame | 88.1 fps | 103.9 Mtris/s
[19:09:34.840] [poc5-stress] 88.1 fps | frame 11.35 ms | drain 6.41 ms
[19:09:34.842] [stress] 512 tori | 1179648 tris/frame | 88.1 fps | 103.9 Mtris/s
[19:09:35.849] [poc5-stress] 88.2 fps | frame 11.34 ms | drain 6.41 ms
[19:09:35.851] [stress] 512 tori | 1179648 tris/frame | 88.2 fps | 104.0 Mtris/s
[19:09:36.858] [poc5-stress] 88.2 fps | frame 11.34 ms | drain 6.40 ms
[19:09:36.861] [stress] 512 tori | 1179648 tris/frame | 88.2 fps | 104.0 Mtris/s
[19:09:37.867] [poc5-stress] 88.2 fps | frame 11.33 ms | drain 6.40 ms
[19:09:37.869] [stress] 512 tori | 1179648 tris/frame | 88.2 fps | 104.1 Mtris/s
[19:09:38.875] [poc5-stress] 88.3 fps | frame 11.33 ms | drain 6.39 ms
[19:09:38.877] [stress] 512 tori | 1179648 tris/frame | 88.3 fps | 104.1 Mtris/s
[19:09:39.883] [poc5-stress] 88.3 fps | frame 11.32 ms | drain 6.39 ms
[19:09:39.885] [stress] 512 tori | 1179648 tris/frame | 88.3 fps | 104.2 Mtris/s
[19:09:40.891] [poc5-stress] 88.4 fps | frame 11.31 ms | drain 6.38 ms
[19:09:40.893] [stress] 512 tori | 1179648 tris/frame | 88.4 fps | 104.3 Mtris/s
[19:09:41.897] [poc5-stress] 88.4 fps | frame 11.31 ms | drain 6.38 ms
[19:09:41.898] [stress] 512 tori | 1179648 tris/frame | 88.4 fps | 104.3 Mtris/s
[19:09:42.902] [poc5-stress] 88.5 fps | frame 11.30 ms | drain 6.37 ms
[19:09:42.905] [stress] 512 tori | 1179648 tris/frame | 88.5 fps | 104.4 Mtris/s
[19:09:43.908] [poc5-stress] 88.5 fps | frame 11.30 ms | drain 6.36 ms
[19:09:43.910] [stress] 512 tori | 1179648 tris/frame | 88.5 fps | 104.4 Mtris/s
[19:09:44.913] [poc5-stress] 88.6 fps | frame 11.29 ms | drain 6.36 ms
[19:09:44.915] [stress] 512 tori | 1179648 tris/frame | 88.6 fps | 104.5 Mtris/s
[19:09:45.918] [poc5-stress] 88.6 fps | frame 11.29 ms | drain 6.36 ms
[19:09:45.921] [stress] 512 tori | 1179648 tris/frame | 88.6 fps | 104.5 Mtris/s
[19:09:46.923] [poc5-stress] 88.6 fps | frame 11.29 ms | drain 6.35 ms
[19:09:46.925] [stress] 512 tori | 1179648 tris/frame | 88.6 fps | 104.5 Mtris/s
[19:09:47.927] [poc5-stress] 88.6 fps | frame 11.28 ms | drain 6.35 ms
[19:09:47.929] [stress] 512 tori | 1179648 tris/frame | 88.6 fps | 104.6 Mtris/s
[19:09:48.934] [poc5-stress] 88.6 fps | frame 11.28 ms | drain 6.35 ms
[19:09:48.937] [stress] 512 tori | 1179648 tris/frame | 88.6 fps | 104.5 Mtris/s
[19:09:49.936] [poc5-stress] 88.7 fps | frame 11.28 ms | drain 6.34 ms
[19:09:49.937] [stress] 512 tori | 1179648 tris/frame | 88.7 fps | 104.6 Mtris/s
[19:09:50.940] [poc5-stress] 88.7 fps | frame 11.28 ms | drain 6.34 ms
[19:09:50.942] [stress] 512 tori | 1179648 tris/frame | 88.7 fps | 104.6 Mtris/s
[19:09:51.943] [poc5-stress] 88.7 fps | frame 11.28 ms | drain 6.34 ms
[19:09:51.945] [stress] 512 tori | 1179648 tris/frame | 88.7 fps | 104.6 Mtris/s
[19:09:52.948] [poc5-stress] 88.7 fps | frame 11.28 ms | drain 6.34 ms
[19:09:52.950] [stress] 512 tori | 1179648 tris/frame | 88.7 fps | 104.6 Mtris/s
[19:09:53.952] [poc5-stress] 88.7 fps | frame 11.28 ms | drain 6.34 ms
[19:09:53.954] [stress] 512 tori | 1179648 tris/frame | 88.7 fps | 104.6 Mtris/s
[19:09:54.966] [poc5-stress] 88.7 fps | frame 11.28 ms | drain 6.34 ms
[19:09:54.969] [stress] 512 tori | 1179648 tris/frame | 88.7 fps | 104.6 Mtris/s
[19:09:55.958] [poc5-stress] 88.7 fps | frame 11.27 ms | drain 6.34 ms
[19:09:55.960] [stress] 512 tori | 1179648 tris/frame | 88.7 fps | 104.7 Mtris/s
[19:09:56.960] [poc5-stress] 88.7 fps | frame 11.27 ms | drain 6.34 ms
[19:09:56.963] [stress] 512 tori | 1179648 tris/frame | 88.7 fps | 104.6 Mtris/s
[19:09:57.964] [poc5-stress] 88.7 fps | frame 11.27 ms | drain 6.33 ms
[19:09:57.966] [stress] 512 tori | 1179648 tris/frame | 88.7 fps | 104.7 Mtris/s
[19:09:58.970] [poc5-stress] 88.7 fps | frame 11.28 ms | drain 6.34 ms
[19:09:58.972] [stress] 512 tori | 1179648 tris/frame | 88.7 fps | 104.6 Mtris/s
[19:09:59.970] [poc5-stress] 88.7 fps | frame 11.27 ms | drain 6.34 ms
[19:09:59.973] [stress] 512 tori | 1179648 tris/frame | 88.7 fps | 104.7 Mtris/s
[19:10:00.974] [poc5-stress] 88.7 fps | frame 11.27 ms | drain 6.34 ms
[19:10:00.977] [stress] 512 tori | 1179648 tris/frame | 88.7 fps | 104.6 Mtris/s
[19:10:01.978] [poc5-stress] 88.7 fps | frame 11.28 ms | drain 6.34 ms
[19:10:01.980] [stress] 512 tori | 1179648 tris/frame | 88.7 fps | 104.6 Mtris/s
[19:10:02.981] [poc5-stress] 88.7 fps | frame 11.28 ms | drain 6.34 ms
[19:10:02.984] [stress] 512 tori | 1179648 tris/frame | 88.7 fps | 104.6 Mtris/s
[19:10:03.987] [poc5-stress] 88.7 fps | frame 11.28 ms | drain 6.34 ms
[19:10:03.989] [stress] 512 tori | 1179648 tris/frame | 88.7 fps | 104.6 Mtris/s
[19:10:04.990] [poc5-stress] 88.6 fps | frame 11.28 ms | drain 6.35 ms
[19:10:04.991] [stress] 512 tori | 1179648 tris/frame | 88.6 fps | 104.5 Mtris/s
[19:10:05.995] [poc5-stress] 88.6 fps | frame 11.29 ms | drain 6.35 ms
[19:10:05.997] [stress] 512 tori | 1179648 tris/frame | 88.6 fps | 104.5 Mtris/s
[19:10:06.999] [poc5-stress] 88.5 fps | frame 11.29 ms | drain 6.36 ms
[19:10:07.001] [stress] 512 tori | 1179648 tris/frame | 88.5 fps | 104.4 Mtris/s
[19:10:08.007] [poc5-stress] 88.5 fps | frame 11.30 ms | drain 6.36 ms
[19:10:08.009] [stress] 512 tori | 1179648 tris/frame | 88.5 fps | 104.4 Mtris/s
[19:10:09.011] [poc5-stress] 88.5 fps | frame 11.30 ms | drain 6.37 ms
[19:10:09.015] [stress] 512 tori | 1179648 tris/frame | 88.5 fps | 104.4 Mtris/s
[19:10:10.017] [poc5-stress] 88.4 fps | frame 11.31 ms | drain 6.37 ms
[19:10:10.020] [stress] 512 tori | 1179648 tris/frame | 88.4 fps | 104.3 Mtris/s
[19:10:11.025] [poc5-stress] 88.4 fps | frame 11.31 ms | drain 6.38 ms
[19:10:11.027] [stress] 512 tori | 1179648 tris/frame | 88.4 fps | 104.3 Mtris/s
[19:10:12.032] [poc5-stress] 88.4 fps | frame 11.32 ms | drain 6.38 ms
[19:10:12.034] [stress] 512 tori | 1179648 tris/frame | 88.4 fps | 104.2 Mtris/s
[19:10:13.039] [poc5-stress] 88.3 fps | frame 11.32 ms | drain 6.39 ms
[19:10:13.042] [stress] 512 tori | 1179648 tris/frame | 88.3 fps | 104.2 Mtris/s
[19:10:14.048] [poc5-stress] 88.2 fps | frame 11.34 ms | drain 6.40 ms
[19:10:14.050] [stress] 512 tori | 1179648 tris/frame | 88.2 fps | 104.0 Mtris/s
[19:10:15.057] [poc5-stress] 88.2 fps | frame 11.34 ms | drain 6.40 ms
[19:10:15.060] [stress] 512 tori | 1179648 tris/frame | 88.2 fps | 104.1 Mtris/s
[19:10:16.066] [poc5-stress] 88.2 fps | frame 11.34 ms | drain 6.41 ms
[19:10:16.068] [stress] 512 tori | 1179648 tris/frame | 88.2 fps | 104.0 Mtris/s
[19:10:17.077] [poc5-stress] 88.1 fps | frame 11.35 ms | drain 6.41 ms
[19:10:17.080] [stress] 512 tori | 1179648 tris/frame | 88.1 fps | 104.0 Mtris/s
[19:10:18.087] [poc5-stress] 88.1 fps | frame 11.35 ms | drain 6.42 ms
[19:10:18.089] [stress] 512 tori | 1179648 tris/frame | 88.1 fps | 103.9 Mtris/s
[19:10:19.097] [poc5-stress] 88.1 fps | frame 11.35 ms | drain 6.42 ms
[19:10:19.099] [stress] 512 tori | 1179648 tris/frame | 88.1 fps | 103.9 Mtris/s
[19:10:20.108] [poc5-stress] 88.0 fps | frame 11.36 ms | drain 6.42 ms
[19:10:20.110] [stress] 512 tori | 1179648 tris/frame | 88.0 fps | 103.9 Mtris/s
[19:10:21.119] [poc5-stress] 88.0 fps | frame 11.36 ms | drain 6.43 ms
[19:10:21.121] [stress] 512 tori | 1179648 tris/frame | 88.0 fps | 103.8 Mtris/s
[19:10:22.119] [poc5-stress] 88.0 fps | frame 11.37 ms | drain 6.43 ms
[19:10:22.121] [stress] 512 tori | 1179648 tris/frame | 88.0 fps | 103.8 Mtris/s
[19:10:23.119] [poc5-stress] 88.0 fps | frame 11.37 ms | drain 6.43 ms
[19:10:23.121] [stress] 512 tori | 1179648 tris/frame | 88.0 fps | 103.8 Mtris/s
[19:10:24.120] [poc5-stress] 88.0 fps | frame 11.37 ms | drain 6.43 ms
[19:10:24.123] [stress] 512 tori | 1179648 tris/frame | 88.0 fps | 103.8 Mtris/s
[19:10:25.120] [poc5-stress] 88.0 fps | frame 11.37 ms | drain 6.43 ms
[19:10:25.122] [stress] 512 tori | 1179648 tris/frame | 88.0 fps | 103.8 Mtris/s
[19:10:26.120] [poc5-stress] 88.0 fps | frame 11.37 ms | drain 6.43 ms
[19:10:26.123] [stress] 512 tori | 1179648 tris/frame | 88.0 fps | 103.8 Mtris/s
[19:10:27.121] [poc5-stress] 87.9 fps | frame 11.37 ms | drain 6.44 ms
[19:10:27.123] [stress] 512 tori | 1179648 tris/frame | 87.9 fps | 103.7 Mtris/s
[19:10:28.122] [poc5-stress] 88.0 fps | frame 11.37 ms | drain 6.43 ms
[19:10:28.124] [stress] 512 tori | 1179648 tris/frame | 88.0 fps | 103.8 Mtris/s
[19:10:29.123] [poc5-stress] 87.9 fps | frame 11.37 ms | drain 6.43 ms
[19:10:29.124] [stress] 512 tori | 1179648 tris/frame | 87.9 fps | 103.7 Mtris/s
[19:10:30.124] [poc5-stress] 87.9 fps | frame 11.38 ms | drain 6.44 ms
[19:10:30.127] [stress] 512 tori | 1179648 tris/frame | 87.9 fps | 103.7 Mtris/s
[19:10:31.125] [poc5-stress] 87.9 fps | frame 11.37 ms | drain 6.43 ms
[19:10:31.127] [stress] 512 tori | 1179648 tris/frame | 87.9 fps | 103.7 Mtris/s
[19:10:32.125] [poc5-stress] 87.9 fps | frame 11.37 ms | drain 6.43 ms
[19:10:32.126] [stress] 512 tori | 1179648 tris/frame | 87.9 fps | 103.7 Mtris/s
[19:10:33.125] [poc5-stress] 87.9 fps | frame 11.37 ms | drain 6.43 ms
[19:10:33.127] [stress] 512 tori | 1179648 tris/frame | 87.9 fps | 103.7 Mtris/s
[19:10:34.129] [poc5-stress] 88.0 fps | frame 11.37 ms | drain 6.43 ms
[19:10:34.131] [stress] 512 tori | 1179648 tris/frame | 88.0 fps | 103.8 Mtris/s
[19:10:35.137] [poc5-stress] 88.0 fps | frame 11.36 ms | drain 6.42 ms
[19:10:35.142] [stress] 512 tori | 1179648 tris/frame | 88.0 fps | 103.8 Mtris/s
[19:10:36.148] [poc5-stress] 88.1 fps | frame 11.36 ms | drain 6.42 ms
[19:10:36.150] [stress] 512 tori | 1179648 tris/frame | 88.1 fps | 103.9 Mtris/s
[19:10:37.158] [poc5-stress] 88.1 fps | frame 11.35 ms | drain 6.41 ms
[19:10:37.159] [stress] 512 tori | 1179648 tris/frame | 88.1 fps | 103.9 Mtris/s
[19:10:38.168] [poc5-stress] 88.1 fps | frame 11.35 ms | drain 6.42 ms
[19:10:38.170] [stress] 512 tori | 1179648 tris/frame | 88.1 fps | 103.9 Mtris/s
[19:10:39.178] [poc5-stress] 88.2 fps | frame 11.34 ms | drain 6.40 ms
[19:10:39.181] [stress] 512 tori | 1179648 tris/frame | 88.2 fps | 104.0 Mtris/s
[19:10:40.187] [poc5-stress] 88.2 fps | frame 11.34 ms | drain 6.40 ms
[19:10:40.189] [stress] 512 tori | 1179648 tris/frame | 88.2 fps | 104.0 Mtris/s
[19:10:41.196] [poc5-stress] 88.2 fps | frame 11.33 ms | drain 6.39 ms
[19:10:41.198] [stress] 512 tori | 1179648 tris/frame | 88.2 fps | 104.1 Mtris/s
[19:10:42.207] [poc5-stress] 88.3 fps | frame 11.33 ms | drain 6.39 ms
[19:10:42.209] [stress] 512 tori | 1179648 tris/frame | 88.3 fps | 104.1 Mtris/s
[19:10:43.211] [poc5-stress] 88.3 fps | frame 11.32 ms | drain 6.38 ms
[19:10:43.213] [stress] 512 tori | 1179648 tris/frame | 88.3 fps | 104.2 Mtris/s
[19:10:44.218] [poc5-stress] 88.4 fps | frame 11.31 ms | drain 6.38 ms
[19:10:44.221] [stress] 512 tori | 1179648 tris/frame | 88.4 fps | 104.3 Mtris/s
[19:10:45.225] [poc5-stress] 88.4 fps | frame 11.31 ms | drain 6.37 ms
[19:10:45.226] [stress] 512 tori | 1179648 tris/frame | 88.4 fps | 104.3 Mtris/s
[19:10:46.231] [poc5-stress] 88.4 fps | frame 11.31 ms | drain 6.37 ms
[19:10:46.234] [stress] 512 tori | 1179648 tris/frame | 88.4 fps | 104.3 Mtris/s
[19:10:47.237] [poc5-stress] 88.5 fps | frame 11.30 ms | drain 6.36 ms
[19:10:47.239] [stress] 512 tori | 1179648 tris/frame | 88.5 fps | 104.4 Mtris/s
[19:10:48.243] [poc5-stress] 88.5 fps | frame 11.29 ms | drain 6.36 ms
[19:10:48.245] [stress] 512 tori | 1179648 tris/frame | 88.5 fps | 104.4 Mtris/s
[19:10:49.247] [poc5-stress] 88.5 fps | frame 11.30 ms | drain 6.36 ms
[19:10:49.249] [stress] 512 tori | 1179648 tris/frame | 88.5 fps | 104.4 Mtris/s
[19:10:50.252] [poc5-stress] 88.6 fps | frame 11.29 ms | drain 6.35 ms
[19:10:50.254] [stress] 512 tori | 1179648 tris/frame | 88.6 fps | 104.5 Mtris/s
[19:10:51.256] [poc5-stress] 88.6 fps | frame 11.28 ms | drain 6.34 ms
[19:10:51.258] [stress] 512 tori | 1179648 tris/frame | 88.6 fps | 104.5 Mtris/s
[19:10:52.261] [poc5-stress] 88.6 fps | frame 11.28 ms | drain 6.35 ms
[19:10:52.264] [stress] 512 tori | 1179648 tris/frame | 88.6 fps | 104.5 Mtris/s
[19:10:53.266] [poc5-stress] 88.7 fps | frame 11.28 ms | drain 6.34 ms
[19:10:53.268] [stress] 512 tori | 1179648 tris/frame | 88.7 fps | 104.6 Mtris/s
[19:10:54.268] [poc5-stress] 88.7 fps | frame 11.28 ms | drain 6.34 ms
[19:10:54.270] [stress] 512 tori | 1179648 tris/frame | 88.7 fps | 104.6 Mtris/s
[19:10:55.272] [poc5-stress] 88.6 fps | frame 11.28 ms | drain 6.34 ms
[19:10:55.274] [stress] 512 tori | 1179648 tris/frame | 88.6 fps | 104.6 Mtris/s
[19:10:56.276] [poc5-stress] 88.7 fps | frame 11.28 ms | drain 6.34 ms
[19:10:56.278] [stress] 512 tori | 1179648 tris/frame | 88.7 fps | 104.6 Mtris/s
[19:10:57.281] [poc5-stress] 88.7 fps | frame 11.28 ms | drain 6.34 ms
[19:10:57.283] [stress] 512 tori | 1179648 tris/frame | 88.7 fps | 104.6 Mtris/s
[19:10:58.284] [poc5-stress] 88.7 fps | frame 11.27 ms | drain 6.34 ms
[19:10:58.286] [stress] 512 tori | 1179648 tris/frame | 88.7 fps | 104.6 Mtris/s
[19:10:59.286] [poc5-stress] 88.7 fps | frame 11.27 ms | drain 6.33 ms
[19:10:59.288] [stress] 512 tori | 1179648 tris/frame | 88.7 fps | 104.7 Mtris/s
[19:11:00.290] [poc5-stress] 88.6 fps | frame 11.28 ms | drain 6.34 ms
[19:11:00.292] [stress] 512 tori | 1179648 tris/frame | 88.6 fps | 104.6 Mtris/s
[19:11:01.294] [poc5-stress] 88.7 fps | frame 11.27 ms | drain 6.34 ms
[19:11:01.296] [stress] 512 tori | 1179648 tris/frame | 88.7 fps | 104.6 Mtris/s
[19:11:02.298] [poc5-stress] 88.6 fps | frame 11.29 ms | drain 6.34 ms
[19:11:02.301] [stress] 512 tori | 1179648 tris/frame | 88.6 fps | 104.5 Mtris/s
[19:11:03.302] [poc5-stress] 88.6 fps | frame 11.28 ms | drain 6.34 ms
[19:11:03.304] [stress] 512 tori | 1179648 tris/frame | 88.6 fps | 104.6 Mtris/s
[19:11:04.305] [poc5-stress] 88.7 fps | frame 11.28 ms | drain 6.34 ms
[19:11:04.308] [stress] 512 tori | 1179648 tris/frame | 88.7 fps | 104.6 Mtris/s
[19:11:05.309] [poc5-stress] 88.7 fps | frame 11.28 ms | drain 6.34 ms
[19:11:05.312] [stress] 512 tori | 1179648 tris/frame | 88.7 fps | 104.6 Mtris/s
[19:11:06.314] [poc5-stress] 88.6 fps | frame 11.28 ms | drain 6.35 ms
[19:11:06.316] [stress] 512 tori | 1179648 tris/frame | 88.6 fps | 104.5 Mtris/s
[19:11:07.318] [poc5-stress] 88.6 fps | frame 11.29 ms | drain 6.35 ms
[19:11:07.320] [stress] 512 tori | 1179648 tris/frame | 88.6 fps | 104.5 Mtris/s
[19:11:08.323] [poc5-stress] 88.6 fps | frame 11.29 ms | drain 6.35 ms
[19:11:08.325] [stress] 512 tori | 1179648 tris/frame | 88.6 fps | 104.5 Mtris/s
[19:11:09.328] [poc5-stress] 88.5 fps | frame 11.30 ms | drain 6.36 ms
[19:11:09.330] [stress] 512 tori | 1179648 tris/frame | 88.5 fps | 104.4 Mtris/s
[19:11:10.334] [poc5-stress] 88.5 fps | frame 11.30 ms | drain 6.36 ms
[19:11:10.336] [stress] 512 tori | 1179648 tris/frame | 88.5 fps | 104.4 Mtris/s
[19:11:11.339] [poc5-stress] 88.5 fps | frame 11.30 ms | drain 6.36 ms
[19:11:11.341] [stress] 512 tori | 1179648 tris/frame | 88.5 fps | 104.4 Mtris/s
[19:11:12.346] [poc5-stress] 88.4 fps | frame 11.31 ms | drain 6.37 ms
[19:11:12.348] [stress] 512 tori | 1179648 tris/frame | 88.4 fps | 104.3 Mtris/s
[19:11:13.353] [poc5-stress] 88.4 fps | frame 11.32 ms | drain 6.38 ms
[19:11:13.355] [stress] 512 tori | 1179648 tris/frame | 88.4 fps | 104.2 Mtris/s
[19:11:14.361] [poc5-stress] 88.4 fps | frame 11.32 ms | drain 6.38 ms
[19:11:14.363] [stress] 512 tori | 1179648 tris/frame | 88.4 fps | 104.2 Mtris/s
[19:11:15.368] [poc5-stress] 88.3 fps | frame 11.33 ms | drain 6.39 ms
[19:11:15.370] [stress] 512 tori | 1179648 tris/frame | 88.3 fps | 104.2 Mtris/s
[19:11:16.377] [poc5-stress] 88.2 fps | frame 11.33 ms | drain 6.39 ms
[19:11:16.379] [stress] 512 tori | 1179648 tris/frame | 88.2 fps | 104.1 Mtris/s
[19:11:17.386] [poc5-stress] 88.2 fps | frame 11.34 ms | drain 6.40 ms
[19:11:17.389] [stress] 512 tori | 1179648 tris/frame | 88.2 fps | 104.0 Mtris/s
[19:11:18.395] [poc5-stress] 88.2 fps | frame 11.34 ms | drain 6.40 ms
[19:11:18.397] [stress] 512 tori | 1179648 tris/frame | 88.2 fps | 104.0 Mtris/s
[19:11:19.406] [poc5-stress] 88.1 fps | frame 11.35 ms | drain 6.41 ms
[19:11:19.408] [stress] 512 tori | 1179648 tris/frame | 88.1 fps | 104.0 Mtris/s
[19:11:20.416] [poc5-stress] 88.1 fps | frame 11.35 ms | drain 6.41 ms
[19:11:20.418] [stress] 512 tori | 1179648 tris/frame | 88.1 fps | 103.9 Mtris/s
[19:11:21.427] [poc5-stress] 88.0 fps | frame 11.36 ms | drain 6.42 ms
[19:11:21.429] [stress] 512 tori | 1179648 tris/frame | 88.0 fps | 103.9 Mtris/s
[19:11:22.439] [poc5-stress] 88.0 fps | frame 11.36 ms | drain 6.42 ms
[19:11:22.441] [stress] 512 tori | 1179648 tris/frame | 88.0 fps | 103.8 Mtris/s
[19:11:23.438] [poc5-stress] 88.0 fps | frame 11.37 ms | drain 6.42 ms
[19:11:23.442] [stress] 512 tori | 1179648 tris/frame | 88.0 fps | 103.8 Mtris/s
[19:11:24.439] [poc5-stress] 88.0 fps | frame 11.37 ms | drain 6.43 ms
[19:11:24.442] [stress] 512 tori | 1179648 tris/frame | 88.0 fps | 103.8 Mtris/s
[19:11:25.440] [poc5-stress] 88.0 fps | frame 11.37 ms | drain 6.43 ms
[19:11:25.442] [stress] 512 tori | 1179648 tris/frame | 88.0 fps | 103.8 Mtris/s
[19:11:26.442] [poc5-stress] 87.9 fps | frame 11.37 ms | drain 6.43 ms
[19:11:26.444] [stress] 512 tori | 1179648 tris/frame | 87.9 fps | 103.7 Mtris/s
[19:11:27.441] [poc5-stress] 87.9 fps | frame 11.37 ms | drain 6.43 ms
[19:11:27.444] [stress] 512 tori | 1179648 tris/frame | 87.9 fps | 103.7 Mtris/s
[19:11:28.442] [poc5-stress] 87.9 fps | frame 11.38 ms | drain 6.43 ms
[19:11:28.445] [stress] 512 tori | 1179648 tris/frame | 87.9 fps | 103.7 Mtris/s
[19:11:29.444] [poc5-stress] 87.9 fps | frame 11.38 ms | drain 6.44 ms
[19:11:29.447] [stress] 512 tori | 1179648 tris/frame | 87.9 fps | 103.6 Mtris/s
[19:11:30.444] [poc5-stress] 87.9 fps | frame 11.37 ms | drain 6.44 ms
[19:11:30.446] [stress] 512 tori | 1179648 tris/frame | 87.9 fps | 103.7 Mtris/s
[19:11:31.446] [poc5-stress] 87.9 fps | frame 11.38 ms | drain 6.43 ms
[19:11:31.448] [stress] 512 tori | 1179648 tris/frame | 87.9 fps | 103.7 Mtris/s
[19:11:32.446] [poc5-stress] 87.9 fps | frame 11.37 ms | drain 6.43 ms
[19:11:32.448] [stress] 512 tori | 1179648 tris/frame | 87.9 fps | 103.7 Mtris/s
[19:11:33.447] [poc5-stress] 87.9 fps | frame 11.38 ms | drain 6.43 ms
[19:11:33.449] [stress] 512 tori | 1179648 tris/frame | 87.9 fps | 103.7 Mtris/s
[19:11:34.449] [poc5-stress] 87.9 fps | frame 11.37 ms | drain 6.43 ms
[19:11:34.451] [stress] 512 tori | 1179648 tris/frame | 87.9 fps | 103.7 Mtris/s
[19:11:35.449] [poc5-stress] 87.9 fps | frame 11.37 ms | drain 6.43 ms
[19:11:35.452] [stress] 512 tori | 1179648 tris/frame | 87.9 fps | 103.7 Mtris/s
[19:11:36.450] [poc5-stress] 88.0 fps | frame 11.37 ms | drain 6.43 ms
[19:11:36.453] [stress] 512 tori | 1179648 tris/frame | 88.0 fps | 103.8 Mtris/s
[19:11:37.449] [poc5-stress] 87.9 fps | frame 11.37 ms | drain 6.43 ms
[19:11:37.451] [stress] 512 tori | 1179648 tris/frame | 87.9 fps | 103.7 Mtris/s
[19:11:38.451] [poc5-stress] 88.0 fps | frame 11.37 ms | drain 6.42 ms
[19:11:38.453] [stress] 512 tori | 1179648 tris/frame | 88.0 fps | 103.8 Mtris/s
[19:11:39.461] [poc5-stress] 88.1 fps | frame 11.36 ms | drain 6.42 ms
[19:11:39.464] [stress] 512 tori | 1179648 tris/frame | 88.1 fps | 103.9 Mtris/s
[19:11:40.471] [poc5-stress] 88.1 fps | frame 11.35 ms | drain 6.41 ms
[19:11:40.474] [stress] 512 tori | 1179648 tris/frame | 88.1 fps | 103.9 Mtris/s
[19:11:41.482] [poc5-stress] 88.1 fps | frame 11.35 ms | drain 6.41 ms
[19:11:41.484] [stress] 512 tori | 1179648 tris/frame | 88.1 fps | 103.9 Mtris/s
[19:11:42.491] [poc5-stress] 88.2 fps | frame 11.34 ms | drain 6.40 ms
[19:11:42.493] [stress] 512 tori | 1179648 tris/frame | 88.2 fps | 104.0 Mtris/s
[19:11:43.500] [poc5-stress] 88.2 fps | frame 11.34 ms | drain 6.40 ms
[19:11:43.502] [stress] 512 tori | 1179648 tris/frame | 88.2 fps | 104.0 Mtris/s
[19:11:44.508] [poc5-stress] 88.3 fps | frame 11.33 ms | drain 6.39 ms
[19:11:44.510] [stress] 512 tori | 1179648 tris/frame | 88.3 fps | 104.1 Mtris/s
[19:11:45.517] [poc5-stress] 88.3 fps | frame 11.33 ms | drain 6.39 ms
[19:11:45.518] [stress] 512 tori | 1179648 tris/frame | 88.3 fps | 104.1 Mtris/s
[19:11:46.524] [poc5-stress] 88.3 fps | frame 11.32 ms | drain 6.38 ms
[19:11:46.526] [stress] 512 tori | 1179648 tris/frame | 88.3 fps | 104.2 Mtris/s
[19:11:47.531] [poc5-stress] 88.4 fps | frame 11.32 ms | drain 6.38 ms
[19:11:47.533] [stress] 512 tori | 1179648 tris/frame | 88.4 fps | 104.2 Mtris/s
[19:11:48.538] [poc5-stress] 88.4 fps | frame 11.31 ms | drain 6.37 ms
[19:11:48.540] [stress] 512 tori | 1179648 tris/frame | 88.4 fps | 104.3 Mtris/s
[19:11:49.545] [poc5-stress] 88.4 fps | frame 11.31 ms | drain 6.37 ms
[19:11:49.547] [stress] 512 tori | 1179648 tris/frame | 88.4 fps | 104.3 Mtris/s
[19:11:50.550] [poc5-stress] 88.5 fps | frame 11.30 ms | drain 6.36 ms
[19:11:50.552] [stress] 512 tori | 1179648 tris/frame | 88.5 fps | 104.4 Mtris/s
[19:11:51.556] [poc5-stress] 88.5 fps | frame 11.30 ms | drain 6.36 ms
[19:11:51.558] [stress] 512 tori | 1179648 tris/frame | 88.5 fps | 104.4 Mtris/s
[19:11:52.561] [poc5-stress] 88.6 fps | frame 11.29 ms | drain 6.35 ms
[19:11:52.564] [stress] 512 tori | 1179648 tris/frame | 88.6 fps | 104.5 Mtris/s
[19:11:53.566] [poc5-stress] 88.5 fps | frame 11.29 ms | drain 6.35 ms
[19:11:53.568] [stress] 512 tori | 1179648 tris/frame | 88.5 fps | 104.4 Mtris/s
[19:11:54.571] [poc5-stress] 88.6 fps | frame 11.29 ms | drain 6.35 ms
[19:11:54.573] [stress] 512 tori | 1179648 tris/frame | 88.6 fps | 104.5 Mtris/s
[19:11:55.576] [poc5-stress] 88.6 fps | frame 11.28 ms | drain 6.34 ms
[19:11:55.581] [stress] 512 tori | 1179648 tris/frame | 88.6 fps | 104.6 Mtris/s
[19:11:56.579] [poc5-stress] 88.6 fps | frame 11.29 ms | drain 6.35 ms
[19:11:56.581] [stress] 512 tori | 1179648 tris/frame | 88.6 fps | 104.5 Mtris/s
[19:11:57.588] [poc5-stress] 88.6 fps | frame 11.29 ms | drain 6.34 ms
[19:11:57.591] [stress] 512 tori | 1179648 tris/frame | 88.6 fps | 104.5 Mtris/s
[19:11:58.588] [poc5-stress] 88.7 fps | frame 11.28 ms | drain 6.34 ms
[19:11:58.590] [stress] 512 tori | 1179648 tris/frame | 88.7 fps | 104.6 Mtris/s
[19:11:59.591] [poc5-stress] 88.6 fps | frame 11.28 ms | drain 6.34 ms
[19:11:59.595] [stress] 512 tori | 1179648 tris/frame | 88.6 fps | 104.6 Mtris/s
[19:12:00.596] [poc5-stress] 88.7 fps | frame 11.28 ms | drain 6.34 ms
[19:12:00.598] [stress] 512 tori | 1179648 tris/frame | 88.7 fps | 104.6 Mtris/s
[19:12:01.599] [poc5-stress] 88.7 fps | frame 11.28 ms | drain 6.34 ms
[19:12:01.601] [stress] 512 tori | 1179648 tris/frame | 88.7 fps | 104.6 Mtris/s
[19:12:02.603] [poc5-stress] 88.7 fps | frame 11.28 ms | drain 6.34 ms
[19:12:02.605] [stress] 512 tori | 1179648 tris/frame | 88.7 fps | 104.6 Mtris/s
[19:12:03.606] [poc5-stress] 88.6 fps | frame 11.28 ms | drain 6.34 ms
[19:12:03.609] [stress] 512 tori | 1179648 tris/frame | 88.6 fps | 104.6 Mtris/s
[19:12:04.613] [poc5-stress] 88.7 fps | frame 11.28 ms | drain 6.34 ms
[19:12:04.615] [stress] 512 tori | 1179648 tris/frame | 88.7 fps | 104.6 Mtris/s
[19:12:05.615] [poc5-stress] 88.6 fps | frame 11.28 ms | drain 6.34 ms
[19:12:05.617] [stress] 512 tori | 1179648 tris/frame | 88.6 fps | 104.5 Mtris/s
[19:12:06.619] [poc5-stress] 88.7 fps | frame 11.28 ms | drain 6.34 ms
[19:12:06.621] [stress] 512 tori | 1179648 tris/frame | 88.7 fps | 104.6 Mtris/s
[19:12:07.623] [poc5-stress] 88.6 fps | frame 11.28 ms | drain 6.34 ms
[19:12:07.625] [stress] 512 tori | 1179648 tris/frame | 88.6 fps | 104.6 Mtris/s
[19:12:08.627] [poc5-stress] 88.6 fps | frame 11.28 ms | drain 6.34 ms
[19:12:08.629] [stress] 512 tori | 1179648 tris/frame | 88.6 fps | 104.6 Mtris/s
[19:12:09.631] [poc5-stress] 88.6 fps | frame 11.29 ms | drain 6.35 ms
[19:12:09.633] [stress] 512 tori | 1179648 tris/frame | 88.6 fps | 104.5 Mtris/s
[19:12:10.636] [poc5-stress] 88.6 fps | frame 11.29 ms | drain 6.35 ms
[19:12:10.638] [stress] 512 tori | 1179648 tris/frame | 88.6 fps | 104.5 Mtris/s
[19:12:11.641] [poc5-stress] 88.6 fps | frame 11.29 ms | drain 6.35 ms
[19:12:11.643] [stress] 512 tori | 1179648 tris/frame | 88.6 fps | 104.5 Mtris/s
[19:12:12.647] [poc5-stress] 88.5 fps | frame 11.30 ms | drain 6.36 ms
[19:12:12.649] [stress] 512 tori | 1179648 tris/frame | 88.5 fps | 104.4 Mtris/s
[19:12:13.653] [poc5-stress] 88.5 fps | frame 11.30 ms | drain 6.36 ms
[19:12:13.655] [stress] 512 tori | 1179648 tris/frame | 88.5 fps | 104.4 Mtris/s
[19:12:14.659] [poc5-stress] 88.4 fps | frame 11.31 ms | drain 6.37 ms
[19:12:14.661] [stress] 512 tori | 1179648 tris/frame | 88.4 fps | 104.3 Mtris/s
[19:12:15.666] [poc5-stress] 88.4 fps | frame 11.32 ms | drain 6.37 ms
[19:12:15.670] [stress] 512 tori | 1179648 tris/frame | 88.4 fps | 104.2 Mtris/s
[19:12:16.675] [poc5-stress] 88.3 fps | frame 11.32 ms | drain 6.38 ms
[19:12:16.677] [stress] 512 tori | 1179648 tris/frame | 88.3 fps | 104.2 Mtris/s
[19:12:17.682] [poc5-stress] 88.3 fps | frame 11.32 ms | drain 6.38 ms
[19:12:17.684] [stress] 512 tori | 1179648 tris/frame | 88.3 fps | 104.2 Mtris/s
[19:12:18.691] [poc5-stress] 88.3 fps | frame 11.33 ms | drain 6.39 ms
[19:12:18.694] [stress] 512 tori | 1179648 tris/frame | 88.3 fps | 104.1 Mtris/s
[19:12:19.702] [poc5-stress] 88.2 fps | frame 11.34 ms | drain 6.40 ms
[19:12:19.706] [stress] 512 tori | 1179648 tris/frame | 88.2 fps | 104.0 Mtris/s
[19:12:20.713] [poc5-stress] 88.2 fps | frame 11.34 ms | drain 6.40 ms
[19:12:20.715] [stress] 512 tori | 1179648 tris/frame | 88.2 fps | 104.0 Mtris/s
[19:12:21.720] [poc5-stress] 88.1 fps | frame 11.35 ms | drain 6.41 ms
[19:12:21.723] [stress] 512 tori | 1179648 tris/frame | 88.1 fps | 103.9 Mtris/s
[19:12:22.730] [poc5-stress] 88.1 fps | frame 11.35 ms | drain 6.41 ms
[19:12:22.732] [stress] 512 tori | 1179648 tris/frame | 88.1 fps | 103.9 Mtris/s
[19:12:23.741] [poc5-stress] 88.0 fps | frame 11.36 ms | drain 6.42 ms
[19:12:23.744] [stress] 512 tori | 1179648 tris/frame | 88.0 fps | 103.8 Mtris/s
[19:12:24.742] [poc5-stress] 88.0 fps | frame 11.37 ms | drain 6.42 ms
[19:12:24.743] [stress] 512 tori | 1179648 tris/frame | 88.0 fps | 103.8 Mtris/s
[19:12:25.745] [poc5-stress] 87.9 fps | frame 11.37 ms | drain 6.43 ms
[19:12:25.748] [stress] 512 tori | 1179648 tris/frame | 87.9 fps | 103.7 Mtris/s
[19:12:26.743] [poc5-stress] 87.9 fps | frame 11.37 ms | drain 6.43 ms
[19:12:26.745] [stress] 512 tori | 1179648 tris/frame | 87.9 fps | 103.7 Mtris/s
[19:12:27.743] [poc5-stress] 87.9 fps | frame 11.37 ms | drain 6.43 ms
[19:12:27.746] [stress] 512 tori | 1179648 tris/frame | 87.9 fps | 103.7 Mtris/s
[19:12:28.744] [poc5-stress] 87.9 fps | frame 11.37 ms | drain 6.43 ms
[19:12:28.746] [stress] 512 tori | 1179648 tris/frame | 87.9 fps | 103.7 Mtris/s
[19:12:29.746] [poc5-stress] 87.9 fps | frame 11.37 ms | drain 6.43 ms
[19:12:29.748] [stress] 512 tori | 1179648 tris/frame | 87.9 fps | 103.7 Mtris/s
[19:12:30.746] [poc5-stress] 87.9 fps | frame 11.38 ms | drain 6.43 ms
[19:12:30.749] [stress] 512 tori | 1179648 tris/frame | 87.9 fps | 103.7 Mtris/s
[19:12:31.748] [poc5-stress] 87.9 fps | frame 11.38 ms | drain 6.44 ms
[19:12:31.751] [stress] 512 tori | 1179648 tris/frame | 87.9 fps | 103.7 Mtris/s
[19:12:32.749] [poc5-stress] 87.9 fps | frame 11.38 ms | drain 6.44 ms
[19:12:32.751] [stress] 512 tori | 1179648 tris/frame | 87.9 fps | 103.7 Mtris/s
[19:12:33.751] [poc5-stress] 87.9 fps | frame 11.38 ms | drain 6.44 ms
[19:12:33.753] [stress] 512 tori | 1179648 tris/frame | 87.9 fps | 103.7 Mtris/s
[19:12:34.752] [poc5-stress] 87.9 fps | frame 11.38 ms | drain 6.43 ms
[19:12:34.753] [stress] 512 tori | 1179648 tris/frame | 87.9 fps | 103.7 Mtris/s
[19:12:35.754] [poc5-stress] 87.9 fps | frame 11.38 ms | drain 6.44 ms
[19:12:35.756] [stress] 512 tori | 1179648 tris/frame | 87.9 fps | 103.7 Mtris/s
[19:12:36.755] [poc5-stress] 87.9 fps | frame 11.38 ms | drain 6.43 ms
[19:12:36.757] [stress] 512 tori | 1179648 tris/frame | 87.9 fps | 103.6 Mtris/s
[19:12:37.756] [poc5-stress] 87.9 fps | frame 11.37 ms | drain 6.43 ms
[19:12:37.758] [stress] 512 tori | 1179648 tris/frame | 87.9 fps | 103.7 Mtris/s
[19:12:38.757] [poc5-stress] 87.9 fps | frame 11.37 ms | drain 6.43 ms
[19:12:38.759] [stress] 512 tori | 1179648 tris/frame | 87.9 fps | 103.7 Mtris/s
[19:12:39.758] [poc5-stress] 87.9 fps | frame 11.37 ms | drain 6.43 ms
[19:12:39.760] [stress] 512 tori | 1179648 tris/frame | 87.9 fps | 103.7 Mtris/s
[19:12:40.760] [poc5-stress] 87.9 fps | frame 11.37 ms | drain 6.43 ms
[19:12:40.762] [stress] 512 tori | 1179648 tris/frame | 87.9 fps | 103.7 Mtris/s
[19:12:41.761] [poc5-stress] 88.0 fps | frame 11.37 ms | drain 6.42 ms
[19:12:41.763] [stress] 512 tori | 1179648 tris/frame | 88.0 fps | 103.8 Mtris/s
[19:12:42.769] [poc5-stress] 88.0 fps | frame 11.36 ms | drain 6.42 ms
[19:12:42.771] [stress] 512 tori | 1179648 tris/frame | 88.0 fps | 103.8 Mtris/s
[19:12:43.780] [poc5-stress] 88.1 fps | frame 11.35 ms | drain 6.41 ms
[19:12:43.782] [stress] 512 tori | 1179648 tris/frame | 88.1 fps | 103.9 Mtris/s
[19:12:44.789] [poc5-stress] 88.1 fps | frame 11.35 ms | drain 6.40 ms
[19:12:44.793] [stress] 512 tori | 1179648 tris/frame | 88.1 fps | 104.0 Mtris/s
[19:12:45.800] [poc5-stress] 88.1 fps | frame 11.35 ms | drain 6.40 ms
[19:12:45.801] [stress] 512 tori | 1179648 tris/frame | 88.1 fps | 104.0 Mtris/s
[19:12:46.809] [poc5-stress] 88.2 fps | frame 11.34 ms | drain 6.40 ms
[19:12:46.811] [stress] 512 tori | 1179648 tris/frame | 88.2 fps | 104.0 Mtris/s
[19:12:47.818] [poc5-stress] 88.2 fps | frame 11.34 ms | drain 6.39 ms
[19:12:47.821] [stress] 512 tori | 1179648 tris/frame | 88.2 fps | 104.1 Mtris/s
[19:12:48.825] [poc5-stress] 88.3 fps | frame 11.33 ms | drain 6.39 ms
[19:12:48.827] [stress] 512 tori | 1179648 tris/frame | 88.3 fps | 104.1 Mtris/s
[19:12:49.833] [poc5-stress] 88.3 fps | frame 11.32 ms | drain 6.38 ms
[19:12:49.835] [stress] 512 tori | 1179648 tris/frame | 88.3 fps | 104.2 Mtris/s
[19:12:50.841] [poc5-stress] 88.3 fps | frame 11.32 ms | drain 6.38 ms
[19:12:50.843] [stress] 512 tori | 1179648 tris/frame | 88.3 fps | 104.2 Mtris/s
[19:12:51.847] [poc5-stress] 88.4 fps | frame 11.31 ms | drain 6.37 ms
[19:12:51.849] [stress] 512 tori | 1179648 tris/frame | 88.4 fps | 104.3 Mtris/s
[19:12:52.854] [poc5-stress] 88.4 fps | frame 11.31 ms | drain 6.36 ms
[19:12:52.856] [stress] 512 tori | 1179648 tris/frame | 88.4 fps | 104.3 Mtris/s
[19:12:53.860] [poc5-stress] 88.4 fps | frame 11.31 ms | drain 6.36 ms
[19:12:53.862] [stress] 512 tori | 1179648 tris/frame | 88.4 fps | 104.3 Mtris/s
[19:12:54.866] [poc5-stress] 88.5 fps | frame 11.30 ms | drain 6.35 ms
[19:12:54.868] [stress] 512 tori | 1179648 tris/frame | 88.5 fps | 104.4 Mtris/s
[19:12:55.871] [poc5-stress] 88.5 fps | frame 11.30 ms | drain 6.35 ms
[19:12:55.874] [stress] 512 tori | 1179648 tris/frame | 88.5 fps | 104.4 Mtris/s
[19:12:56.877] [poc5-stress] 88.6 fps | frame 11.29 ms | drain 6.35 ms
[19:12:56.879] [stress] 512 tori | 1179648 tris/frame | 88.6 fps | 104.5 Mtris/s
[19:12:57.883] [poc5-stress] 88.6 fps | frame 11.29 ms | drain 6.34 ms
[19:12:57.885] [stress] 512 tori | 1179648 tris/frame | 88.6 fps | 104.5 Mtris/s
[19:12:58.885] [poc5-stress] 88.6 fps | frame 11.29 ms | drain 6.34 ms
[19:12:58.888] [stress] 512 tori | 1179648 tris/frame | 88.6 fps | 104.5 Mtris/s
[19:12:59.890] [poc5-stress] 88.6 fps | frame 11.29 ms | drain 6.34 ms
[19:12:59.893] [stress] 512 tori | 1179648 tris/frame | 88.6 fps | 104.5 Mtris/s
[19:13:00.894] [poc5-stress] 88.6 fps | frame 11.28 ms | drain 6.34 ms
[19:13:00.896] [stress] 512 tori | 1179648 tris/frame | 88.6 fps | 104.6 Mtris/s
[19:13:01.899] [poc5-stress] 88.6 fps | frame 11.29 ms | drain 6.34 ms
[19:13:01.902] [stress] 512 tori | 1179648 tris/frame | 88.6 fps | 104.5 Mtris/s
[19:13:02.904] [poc5-stress] 88.6 fps | frame 11.28 ms | drain 6.34 ms
[19:13:02.905] [stress] 512 tori | 1179648 tris/frame | 88.6 fps | 104.6 Mtris/s
[19:13:03.907] [poc5-stress] 88.6 fps | frame 11.28 ms | drain 6.34 ms
[19:13:03.909] [stress] 512 tori | 1179648 tris/frame | 88.6 fps | 104.6 Mtris/s
[19:13:04.911] [poc5-stress] 88.6 fps | frame 11.28 ms | drain 6.34 ms
[19:13:04.914] [stress] 512 tori | 1179648 tris/frame | 88.6 fps | 104.6 Mtris/s
[19:13:05.915] [poc5-stress] 88.7 fps | frame 11.28 ms | drain 6.34 ms
[19:13:05.918] [stress] 512 tori | 1179648 tris/frame | 88.7 fps | 104.6 Mtris/s
[19:13:06.920] [poc5-stress] 88.6 fps | frame 11.28 ms | drain 6.34 ms
[19:13:06.922] [stress] 512 tori | 1179648 tris/frame | 88.6 fps | 104.6 Mtris/s
[19:13:07.924] [poc5-stress] 88.6 fps | frame 11.28 ms | drain 6.34 ms
[19:13:07.926] [stress] 512 tori | 1179648 tris/frame | 88.6 fps | 104.6 Mtris/s
[19:13:08.928] [poc5-stress] 88.6 fps | frame 11.29 ms | drain 6.34 ms
[19:13:08.931] [stress] 512 tori | 1179648 tris/frame | 88.6 fps | 104.5 Mtris/s
[19:13:09.932] [poc5-stress] 88.6 fps | frame 11.28 ms | drain 6.34 ms
[19:13:09.934] [stress] 512 tori | 1179648 tris/frame | 88.6 fps | 104.5 Mtris/s
[19:13:10.937] [poc5-stress] 88.6 fps | frame 11.29 ms | drain 6.34 ms
[19:13:10.940] [stress] 512 tori | 1179648 tris/frame | 88.6 fps | 104.5 Mtris/s
[19:13:11.941] [poc5-stress] 88.5 fps | frame 11.29 ms | drain 6.35 ms
[19:13:11.944] [stress] 512 tori | 1179648 tris/frame | 88.5 fps | 104.5 Mtris/s
[19:13:12.947] [poc5-stress] 88.6 fps | frame 11.29 ms | drain 6.34 ms
[19:13:12.949] [stress] 512 tori | 1179648 tris/frame | 88.6 fps | 104.5 Mtris/s
[19:13:13.952] [poc5-stress] 88.5 fps | frame 11.29 ms | drain 6.35 ms
[19:13:13.954] [stress] 512 tori | 1179648 tris/frame | 88.5 fps | 104.4 Mtris/s
[19:13:14.958] [poc5-stress] 88.5 fps | frame 11.30 ms | drain 6.36 ms
[19:13:14.961] [stress] 512 tori | 1179648 tris/frame | 88.5 fps | 104.4 Mtris/s
[19:13:15.964] [poc5-stress] 88.5 fps | frame 11.30 ms | drain 6.36 ms
[19:13:15.966] [stress] 512 tori | 1179648 tris/frame | 88.5 fps | 104.4 Mtris/s
[19:13:16.971] [poc5-stress] 88.4 fps | frame 11.31 ms | drain 6.37 ms
[19:13:16.973] [stress] 512 tori | 1179648 tris/frame | 88.4 fps | 104.3 Mtris/s
[19:13:17.978] [poc5-stress] 88.4 fps | frame 11.32 ms | drain 6.37 ms
[19:13:17.981] [stress] 512 tori | 1179648 tris/frame | 88.4 fps | 104.3 Mtris/s
[19:13:18.985] [poc5-stress] 88.3 fps | frame 11.32 ms | drain 6.37 ms
[19:13:18.987] [stress] 512 tori | 1179648 tris/frame | 88.3 fps | 104.2 Mtris/s
[19:13:19.993] [poc5-stress] 88.3 fps | frame 11.33 ms | drain 6.38 ms
[19:13:19.995] [stress] 512 tori | 1179648 tris/frame | 88.3 fps | 104.1 Mtris/s
[19:13:21.002] [poc5-stress] 88.2 fps | frame 11.33 ms | drain 6.39 ms
[19:13:21.005] [stress] 512 tori | 1179648 tris/frame | 88.2 fps | 104.1 Mtris/s
[19:13:22.011] [poc5-stress] 88.2 fps | frame 11.34 ms | drain 6.39 ms
[19:13:22.013] [stress] 512 tori | 1179648 tris/frame | 88.2 fps | 104.1 Mtris/s
[19:13:23.021] [poc5-stress] 88.1 fps | frame 11.35 ms | drain 6.40 ms
[19:13:23.022] [stress] 512 tori | 1179648 tris/frame | 88.1 fps | 104.0 Mtris/s
[19:13:24.031] [poc5-stress] 88.1 fps | frame 11.35 ms | drain 6.40 ms
[19:13:24.033] [stress] 512 tori | 1179648 tris/frame | 88.1 fps | 103.9 Mtris/s
[19:13:25.042] [poc5-stress] 88.1 fps | frame 11.35 ms | drain 6.41 ms
[19:13:25.044] [stress] 512 tori | 1179648 tris/frame | 88.1 fps | 103.9 Mtris/s
[19:13:26.052] [poc5-stress] 88.1 fps | frame 11.36 ms | drain 6.41 ms
[19:13:26.055] [stress] 512 tori | 1179648 tris/frame | 88.1 fps | 103.9 Mtris/s
[19:13:27.052] [poc5-stress] 88.0 fps | frame 11.37 ms | drain 6.42 ms
[19:13:27.054] [stress] 512 tori | 1179648 tris/frame | 88.0 fps | 103.8 Mtris/s
[19:13:28.052] [poc5-stress] 88.0 fps | frame 11.37 ms | drain 6.42 ms
[19:13:28.054] [stress] 512 tori | 1179648 tris/frame | 88.0 fps | 103.8 Mtris/s
[19:13:29.053] [poc5-stress] 87.9 fps | frame 11.37 ms | drain 6.43 ms
[19:13:29.055] [stress] 512 tori | 1179648 tris/frame | 87.9 fps | 103.7 Mtris/s
[19:13:30.055] [poc5-stress] 87.9 fps | frame 11.37 ms | drain 6.43 ms
[19:13:30.057] [stress] 512 tori | 1179648 tris/frame | 87.9 fps | 103.7 Mtris/s
[19:13:31.058] [poc5-stress] 87.9 fps | frame 11.38 ms | drain 6.43 ms
[19:13:31.060] [stress] 512 tori | 1179648 tris/frame | 87.9 fps | 103.7 Mtris/s
[19:13:32.056] [poc5-stress] 87.9 fps | frame 11.38 ms | drain 6.43 ms
[19:13:32.058] [stress] 512 tori | 1179648 tris/frame | 87.9 fps | 103.7 Mtris/s
[19:13:33.057] [poc5-stress] 87.9 fps | frame 11.38 ms | drain 6.43 ms
[19:13:33.060] [stress] 512 tori | 1179648 tris/frame | 87.9 fps | 103.7 Mtris/s
[19:13:34.059] [poc5-stress] 87.9 fps | frame 11.38 ms | drain 6.44 ms
[19:13:34.061] [stress] 512 tori | 1179648 tris/frame | 87.9 fps | 103.7 Mtris/s
[19:13:35.061] [poc5-stress] 87.9 fps | frame 11.38 ms | drain 6.44 ms
[19:13:35.062] [stress] 512 tori | 1179648 tris/frame | 87.9 fps | 103.6 Mtris/s
[19:13:36.062] [poc5-stress] 87.9 fps | frame 11.38 ms | drain 6.44 ms
[19:13:36.065] [stress] 512 tori | 1179648 tris/frame | 87.9 fps | 103.6 Mtris/s
[19:13:37.064] [poc5-stress] 87.8 fps | frame 11.38 ms | drain 6.44 ms
[19:13:37.066] [stress] 512 tori | 1179648 tris/frame | 87.8 fps | 103.6 Mtris/s
[19:13:38.065] [poc5-stress] 87.9 fps | frame 11.38 ms | drain 6.43 ms
[19:13:38.067] [stress] 512 tori | 1179648 tris/frame | 87.9 fps | 103.7 Mtris/s
[19:13:39.067] [poc5-stress] 87.8 fps | frame 11.38 ms | drain 6.44 ms
[19:13:39.070] [stress] 512 tori | 1179648 tris/frame | 87.8 fps | 103.6 Mtris/s
[19:13:40.069] [poc5-stress] 87.9 fps | frame 11.38 ms | drain 6.43 ms
[19:13:40.072] [stress] 512 tori | 1179648 tris/frame | 87.9 fps | 103.7 Mtris/s
[19:13:41.072] [poc5-stress] 87.9 fps | frame 11.38 ms | drain 6.43 ms
[19:13:41.075] [stress] 512 tori | 1179648 tris/frame | 87.9 fps | 103.7 Mtris/s
[19:13:42.071] [poc5-stress] 87.9 fps | frame 11.37 ms | drain 6.43 ms
[19:13:42.073] [stress] 512 tori | 1179648 tris/frame | 87.9 fps | 103.7 Mtris/s
[19:13:43.071] [poc5-stress] 87.9 fps | frame 11.37 ms | drain 6.43 ms
[19:13:43.073] [stress] 512 tori | 1179648 tris/frame | 87.9 fps | 103.7 Mtris/s
[19:13:44.071] [poc5-stress] 87.9 fps | frame 11.37 ms | drain 6.43 ms
[19:13:44.075] [stress] 512 tori | 1179648 tris/frame | 87.9 fps | 103.7 Mtris/s
[19:13:45.083] [poc5-stress] 88.0 fps | frame 11.36 ms | drain 6.42 ms
[19:13:45.086] [stress] 512 tori | 1179648 tris/frame | 88.0 fps | 103.8 Mtris/s
[19:13:46.094] [poc5-stress] 88.0 fps | frame 11.36 ms | drain 6.41 ms
[19:13:46.097] [stress] 512 tori | 1179648 tris/frame | 88.0 fps | 103.9 Mtris/s
[19:13:47.104] [poc5-stress] 88.1 fps | frame 11.35 ms | drain 6.41 ms
[19:13:47.106] [stress] 512 tori | 1179648 tris/frame | 88.1 fps | 103.9 Mtris/s
[19:13:48.115] [poc5-stress] 88.1 fps | frame 11.35 ms | drain 6.40 ms
[19:13:48.117] [stress] 512 tori | 1179648 tris/frame | 88.1 fps | 103.9 Mtris/s
[19:13:49.124] [poc5-stress] 88.2 fps | frame 11.34 ms | drain 6.40 ms
[19:13:49.127] [stress] 512 tori | 1179648 tris/frame | 88.2 fps | 104.0 Mtris/s
[19:13:50.133] [poc5-stress] 88.2 fps | frame 11.34 ms | drain 6.39 ms
[19:13:50.136] [stress] 512 tori | 1179648 tris/frame | 88.2 fps | 104.0 Mtris/s
[19:13:51.142] [poc5-stress] 88.2 fps | frame 11.33 ms | drain 6.39 ms
[19:13:51.144] [stress] 512 tori | 1179648 tris/frame | 88.2 fps | 104.1 Mtris/s
[19:13:52.152] [poc5-stress] 88.3 fps | frame 11.32 ms | drain 6.38 ms
[19:13:52.154] [stress] 512 tori | 1179648 tris/frame | 88.3 fps | 104.2 Mtris/s
[19:13:53.158] [poc5-stress] 88.3 fps | frame 11.32 ms | drain 6.38 ms
[19:13:53.160] [stress] 512 tori | 1179648 tris/frame | 88.3 fps | 104.2 Mtris/s
[19:13:54.166] [poc5-stress] 88.3 fps | frame 11.32 ms | drain 6.37 ms
[19:13:54.168] [stress] 512 tori | 1179648 tris/frame | 88.3 fps | 104.2 Mtris/s
[19:13:55.172] [poc5-stress] 88.4 fps | frame 11.31 ms | drain 6.36 ms
[19:13:56.425] [stress] 512 tori | 1179648 tris/frame | 88.4 fps | 104.3 Mtris/s
[19:13:56.427] [poc5-stress] 88.4 fps | frame 11.31 ms | drain 6.36 ms
[19:13:56.429] [stress] 512 tori | 1179648 tris/frame | 88.4 fps | 104.3 Mtris/s
[19:13:57.185] [poc5-stress] 88.5 fps | frame 11.30 ms | drain 6.36 ms
[19:13:57.187] [stress] 512 tori | 1179648 tris/frame | 88.5 fps | 104.4 Mtris/s
[19:13:58.193] [poc5-stress] 88.5 fps | frame 11.30 ms | drain 6.35 ms
[19:13:58.195] [stress] 512 tori | 1179648 tris/frame | 88.5 fps | 104.4 Mtris/s
[19:13:59.197] [poc5-stress] 88.5 fps | frame 11.30 ms | drain 6.35 ms
[19:13:59.199] [stress] 512 tori | 1179648 tris/frame | 88.5 fps | 104.4 Mtris/s
[19:14:00.202] [poc5-stress] 88.5 fps | frame 11.30 ms | drain 6.35 ms
[19:14:00.204] [stress] 512 tori | 1179648 tris/frame | 88.5 fps | 104.4 Mtris/s
[19:14:01.207] [poc5-stress] 88.5 fps | frame 11.29 ms | drain 6.34 ms
[19:14:01.209] [stress] 512 tori | 1179648 tris/frame | 88.5 fps | 104.4 Mtris/s
[19:14:02.211] [poc5-stress] 88.6 fps | frame 11.29 ms | drain 6.34 ms
[19:14:02.213] [stress] 512 tori | 1179648 tris/frame | 88.6 fps | 104.5 Mtris/s
[19:14:03.216] [poc5-stress] 88.6 fps | frame 11.29 ms | drain 6.34 ms
[19:14:03.218] [stress] 512 tori | 1179648 tris/frame | 88.6 fps | 104.5 Mtris/s
[19:14:04.221] [poc5-stress] 88.6 fps | frame 11.29 ms | drain 6.34 ms
[19:14:04.222] [stress] 512 tori | 1179648 tris/frame | 88.6 fps | 104.5 Mtris/s
[19:14:05.225] [poc5-stress] 88.6 fps | frame 11.28 ms | drain 6.34 ms
[19:14:05.227] [stress] 512 tori | 1179648 tris/frame | 88.6 fps | 104.5 Mtris/s
[19:14:06.230] [poc5-stress] 88.6 fps | frame 11.29 ms | drain 6.34 ms
[19:14:06.232] [stress] 512 tori | 1179648 tris/frame | 88.6 fps | 104.5 Mtris/s
[19:14:07.235] [poc5-stress] 88.6 fps | frame 11.29 ms | drain 6.34 ms
[19:14:07.236] [stress] 512 tori | 1179648 tris/frame | 88.6 fps | 104.5 Mtris/s
[19:14:08.239] [poc5-stress] 88.6 fps | frame 11.28 ms | drain 6.34 ms
[19:14:08.241] [stress] 512 tori | 1179648 tris/frame | 88.6 fps | 104.6 Mtris/s
[19:14:09.243] [poc5-stress] 88.6 fps | frame 11.29 ms | drain 6.34 ms
[19:14:09.245] [stress] 512 tori | 1179648 tris/frame | 88.6 fps | 104.5 Mtris/s
[19:14:10.247] [poc5-stress] 88.6 fps | frame 11.28 ms | drain 6.34 ms
[19:14:10.250] [stress] 512 tori | 1179648 tris/frame | 88.6 fps | 104.5 Mtris/s
[19:14:11.252] [poc5-stress] 88.6 fps | frame 11.28 ms | drain 6.34 ms
[19:14:11.254] [stress] 512 tori | 1179648 tris/frame | 88.6 fps | 104.5 Mtris/s
[19:14:12.256] [poc5-stress] 88.6 fps | frame 11.29 ms | drain 6.34 ms
[19:14:12.259] [stress] 512 tori | 1179648 tris/frame | 88.6 fps | 104.5 Mtris/s
[19:14:13.261] [poc5-stress] 88.6 fps | frame 11.29 ms | drain 6.34 ms
[19:14:13.264] [stress] 512 tori | 1179648 tris/frame | 88.6 fps | 104.5 Mtris/s
[19:14:14.267] [poc5-stress] 88.5 fps | frame 11.29 ms | drain 6.34 ms
[19:14:14.270] [stress] 512 tori | 1179648 tris/frame | 88.5 fps | 104.5 Mtris/s
[19:14:15.274] [poc5-stress] 88.5 fps | frame 11.30 ms | drain 6.35 ms
[19:14:15.276] [stress] 512 tori | 1179648 tris/frame | 88.5 fps | 104.4 Mtris/s
[19:14:16.279] [poc5-stress] 88.5 fps | frame 11.30 ms | drain 6.35 ms
[19:14:16.280] [stress] 512 tori | 1179648 tris/frame | 88.5 fps | 104.4 Mtris/s
[19:14:17.282] [poc5-stress] 88.5 fps | frame 11.30 ms | drain 6.35 ms
[19:14:17.284] [stress] 512 tori | 1179648 tris/frame | 88.5 fps | 104.4 Mtris/s
[19:14:18.289] [poc5-stress] 88.5 fps | frame 11.30 ms | drain 6.36 ms
[19:14:18.292] [stress] 512 tori | 1179648 tris/frame | 88.5 fps | 104.4 Mtris/s
[19:14:19.296] [poc5-stress] 88.4 fps | frame 11.31 ms | drain 6.36 ms
[19:14:19.298] [stress] 512 tori | 1179648 tris/frame | 88.4 fps | 104.3 Mtris/s
[19:14:20.303] [poc5-stress] 88.4 fps | frame 11.32 ms | drain 6.37 ms
[19:14:20.305] [stress] 512 tori | 1179648 tris/frame | 88.4 fps | 104.2 Mtris/s
[19:14:21.310] [poc5-stress] 88.3 fps | frame 11.32 ms | drain 6.37 ms
[19:14:21.313] [stress] 512 tori | 1179648 tris/frame | 88.3 fps | 104.2 Mtris/s
[19:14:22.319] [poc5-stress] 88.3 fps | frame 11.33 ms | drain 6.38 ms
[19:14:22.321] [stress] 512 tori | 1179648 tris/frame | 88.3 fps | 104.1 Mtris/s
[19:14:23.327] [poc5-stress] 88.3 fps | frame 11.33 ms | drain 6.38 ms
[19:14:23.329] [stress] 512 tori | 1179648 tris/frame | 88.3 fps | 104.1 Mtris/s
[19:14:24.336] [poc5-stress] 88.2 fps | frame 11.34 ms | drain 6.39 ms
[19:14:24.338] [stress] 512 tori | 1179648 tris/frame | 88.2 fps | 104.1 Mtris/s
[19:14:25.345] [poc5-stress] 88.2 fps | frame 11.34 ms | drain 6.40 ms
[19:14:25.347] [stress] 512 tori | 1179648 tris/frame | 88.2 fps | 104.0 Mtris/s
[19:14:26.355] [poc5-stress] 88.1 fps | frame 11.35 ms | drain 6.40 ms
[19:14:26.358] [stress] 512 tori | 1179648 tris/frame | 88.1 fps | 103.9 Mtris/s
[19:14:27.366] [poc5-stress] 88.1 fps | frame 11.35 ms | drain 6.41 ms
[19:14:27.368] [stress] 512 tori | 1179648 tris/frame | 88.1 fps | 103.9 Mtris/s
[19:14:28.377] [poc5-stress] 88.0 fps | frame 11.36 ms | drain 6.41 ms
[19:14:28.381] [stress] 512 tori | 1179648 tris/frame | 88.0 fps | 103.9 Mtris/s
[19:14:29.389] [poc5-stress] 88.0 fps | frame 11.36 ms | drain 6.41 ms
[19:14:29.391] [stress] 512 tori | 1179648 tris/frame | 88.0 fps | 103.8 Mtris/s
[19:14:30.388] [poc5-stress] 87.9 fps | frame 11.37 ms | drain 6.42 ms
[19:14:30.391] [stress] 512 tori | 1179648 tris/frame | 87.9 fps | 103.7 Mtris/s
[19:14:31.391] [poc5-stress] 87.9 fps | frame 11.38 ms | drain 6.42 ms
[19:14:31.393] [stress] 512 tori | 1179648 tris/frame | 87.9 fps | 103.7 Mtris/s
[19:14:32.394] [poc5-stress] 87.9 fps | frame 11.38 ms | drain 6.42 ms
[19:14:32.396] [stress] 512 tori | 1179648 tris/frame | 87.9 fps | 103.7 Mtris/s
[19:14:33.393] [poc5-stress] 87.9 fps | frame 11.38 ms | drain 6.43 ms
[19:14:33.394] [stress] 512 tori | 1179648 tris/frame | 87.9 fps | 103.7 Mtris/s
[19:14:34.394] [poc5-stress] 87.9 fps | frame 11.38 ms | drain 6.43 ms
[19:14:34.395] [stress] 512 tori | 1179648 tris/frame | 87.9 fps | 103.7 Mtris/s
[19:14:35.395] [poc5-stress] 87.9 fps | frame 11.38 ms | drain 6.43 ms
[19:14:35.397] [stress] 512 tori | 1179648 tris/frame | 87.9 fps | 103.7 Mtris/s
[19:14:36.397] [poc5-stress] 87.8 fps | frame 11.38 ms | drain 6.43 ms
[19:14:36.399] [stress] 512 tori | 1179648 tris/frame | 87.8 fps | 103.6 Mtris/s
[19:14:37.399] [poc5-stress] 87.9 fps | frame 11.38 ms | drain 6.43 ms
[19:14:37.400] [stress] 512 tori | 1179648 tris/frame | 87.9 fps | 103.6 Mtris/s
[19:14:38.400] [poc5-stress] 87.8 fps | frame 11.38 ms | drain 6.44 ms
[19:14:38.402] [stress] 512 tori | 1179648 tris/frame | 87.8 fps | 103.6 Mtris/s
[19:14:39.402] [poc5-stress] 87.9 fps | frame 11.38 ms | drain 6.43 ms
[19:14:39.404] [stress] 512 tori | 1179648 tris/frame | 87.9 fps | 103.7 Mtris/s
[19:14:40.404] [poc5-stress] 87.8 fps | frame 11.38 ms | drain 6.43 ms
[19:14:40.406] [stress] 512 tori | 1179648 tris/frame | 87.8 fps | 103.6 Mtris/s
[19:14:41.405] [poc5-stress] 87.8 fps | frame 11.39 ms | drain 6.44 ms
[19:14:41.408] [stress] 512 tori | 1179648 tris/frame | 87.8 fps | 103.6 Mtris/s
[19:14:42.410] [poc5-stress] 87.9 fps | frame 11.38 ms | drain 6.43 ms
[19:14:42.411] [stress] 512 tori | 1179648 tris/frame | 87.9 fps | 103.7 Mtris/s
[19:14:43.410] [poc5-stress] 87.9 fps | frame 11.38 ms | drain 6.43 ms
[19:14:43.412] [stress] 512 tori | 1179648 tris/frame | 87.9 fps | 103.7 Mtris/s
[19:14:44.410] [poc5-stress] 87.9 fps | frame 11.38 ms | drain 6.43 ms
[19:14:44.412] [stress] 512 tori | 1179648 tris/frame | 87.9 fps | 103.7 Mtris/s
[19:14:45.411] [poc5-stress] 87.9 fps | frame 11.38 ms | drain 6.43 ms
[19:14:45.413] [stress] 512 tori | 1179648 tris/frame | 87.9 fps | 103.7 Mtris/s
[19:14:46.413] [poc5-stress] 87.9 fps | frame 11.38 ms | drain 6.43 ms
[19:14:46.414] [stress] 512 tori | 1179648 tris/frame | 87.9 fps | 103.7 Mtris/s
[19:14:47.413] [poc5-stress] 87.9 fps | frame 11.37 ms | drain 6.42 ms
[19:14:47.415] [stress] 512 tori | 1179648 tris/frame | 87.9 fps | 103.7 Mtris/s
[19:14:48.413] [poc5-stress] 88.0 fps | frame 11.37 ms | drain 6.42 ms
[19:14:48.416] [stress] 512 tori | 1179648 tris/frame | 88.0 fps | 103.8 Mtris/s
[19:14:49.425] [poc5-stress] 88.0 fps | frame 11.36 ms | drain 6.41 ms
[19:14:49.427] [stress] 512 tori | 1179648 tris/frame | 88.0 fps | 103.8 Mtris/s
[19:14:50.436] [poc5-stress] 88.0 fps | frame 11.36 ms | drain 6.40 ms
[19:14:50.438] [stress] 512 tori | 1179648 tris/frame | 88.0 fps | 103.8 Mtris/s
[19:14:51.446] [poc5-stress] 88.1 fps | frame 11.35 ms | drain 6.40 ms
[19:14:51.448] [stress] 512 tori | 1179648 tris/frame | 88.1 fps | 103.9 Mtris/s
[19:14:52.456] [poc5-stress] 88.1 fps | frame 11.35 ms | drain 6.40 ms
[19:14:52.458] [stress] 512 tori | 1179648 tris/frame | 88.1 fps | 104.0 Mtris/s
[19:14:53.468] [poc5-stress] 88.2 fps | frame 11.34 ms | drain 6.39 ms
[19:14:53.470] [stress] 512 tori | 1179648 tris/frame | 88.2 fps | 104.1 Mtris/s
[19:14:54.474] [poc5-stress] 88.2 fps | frame 11.33 ms | drain 6.38 ms
[19:14:54.476] [stress] 512 tori | 1179648 tris/frame | 88.2 fps | 104.1 Mtris/s
[19:14:55.483] [poc5-stress] 88.2 fps | frame 11.34 ms | drain 6.38 ms
[19:14:55.485] [stress] 512 tori | 1179648 tris/frame | 88.2 fps | 104.1 Mtris/s
[19:14:56.490] [poc5-stress] 88.3 fps | frame 11.32 ms | drain 6.37 ms
[19:14:56.492] [stress] 512 tori | 1179648 tris/frame | 88.3 fps | 104.2 Mtris/s
[19:14:57.497] [poc5-stress] 88.4 fps | frame 11.32 ms | drain 6.37 ms
[19:14:57.499] [stress] 512 tori | 1179648 tris/frame | 88.4 fps | 104.2 Mtris/s
[19:14:58.504] [poc5-stress] 88.4 fps | frame 11.32 ms | drain 6.37 ms
[19:14:58.506] [stress] 512 tori | 1179648 tris/frame | 88.4 fps | 104.2 Mtris/s
[19:14:59.511] [poc5-stress] 88.4 fps | frame 11.31 ms | drain 6.36 ms
[19:14:59.513] [stress] 512 tori | 1179648 tris/frame | 88.4 fps | 104.3 Mtris/s
[19:15:00.517] [poc5-stress] 88.4 fps | frame 11.31 ms | drain 6.36 ms
[19:15:00.520] [stress] 512 tori | 1179648 tris/frame | 88.4 fps | 104.3 Mtris/s
[19:15:01.523] [poc5-stress] 88.5 fps | frame 11.30 ms | drain 6.35 ms
[19:15:01.526] [stress] 512 tori | 1179648 tris/frame | 88.5 fps | 104.4 Mtris/s
[19:15:02.529] [poc5-stress] 88.5 fps | frame 11.30 ms | drain 6.35 ms
[19:15:02.531] [stress] 512 tori | 1179648 tris/frame | 88.5 fps | 104.4 Mtris/s
[19:15:03.534] [poc5-stress] 88.5 fps | frame 11.30 ms | drain 6.35 ms
[19:15:03.537] [stress] 512 tori | 1179648 tris/frame | 88.5 fps | 104.4 Mtris/s
[19:15:04.539] [poc5-stress] 88.6 fps | frame 11.29 ms | drain 6.34 ms
[19:15:04.541] [stress] 512 tori | 1179648 tris/frame | 88.6 fps | 104.5 Mtris/s
[19:15:05.544] [poc5-stress] 88.6 fps | frame 11.29 ms | drain 6.34 ms
[19:15:05.546] [stress] 512 tori | 1179648 tris/frame | 88.6 fps | 104.5 Mtris/s
[19:15:06.549] [poc5-stress] 88.5 fps | frame 11.29 ms | drain 6.34 ms
[19:15:06.551] [stress] 512 tori | 1179648 tris/frame | 88.5 fps | 104.5 Mtris/s
[19:15:07.554] [poc5-stress] 88.6 fps | frame 11.29 ms | drain 6.34 ms
[19:15:07.556] [stress] 512 tori | 1179648 tris/frame | 88.6 fps | 104.5 Mtris/s
[19:15:08.558] [poc5-stress] 88.6 fps | frame 11.29 ms | drain 6.34 ms
[19:15:08.561] [stress] 512 tori | 1179648 tris/frame | 88.6 fps | 104.5 Mtris/s
[19:15:09.564] [poc5-stress] 88.5 fps | frame 11.30 ms | drain 6.34 ms
[19:15:09.566] [stress] 512 tori | 1179648 tris/frame | 88.5 fps | 104.4 Mtris/s
[19:15:10.569] [poc5-stress] 88.6 fps | frame 11.29 ms | drain 6.34 ms
[19:15:10.572] [stress] 512 tori | 1179648 tris/frame | 88.6 fps | 104.5 Mtris/s
[19:15:11.573] [poc5-stress] 88.6 fps | frame 11.29 ms | drain 6.34 ms
[19:15:11.576] [stress] 512 tori | 1179648 tris/frame | 88.6 fps | 104.5 Mtris/s
[19:15:12.578] [poc5-stress] 88.5 fps | frame 11.29 ms | drain 6.34 ms
[19:15:12.581] [stress] 512 tori | 1179648 tris/frame | 88.5 fps | 104.4 Mtris/s
[19:15:13.584] [poc5-stress] 88.6 fps | frame 11.29 ms | drain 6.34 ms
[19:15:13.586] [stress] 512 tori | 1179648 tris/frame | 88.6 fps | 104.5 Mtris/s
[19:15:14.588] [poc5-stress] 88.6 fps | frame 11.29 ms | drain 6.34 ms
[19:15:14.591] [stress] 512 tori | 1179648 tris/frame | 88.6 fps | 104.5 Mtris/s
[19:15:15.593] [poc5-stress] 88.5 fps | frame 11.30 ms | drain 6.34 ms
[19:15:15.595] [stress] 512 tori | 1179648 tris/frame | 88.5 fps | 104.4 Mtris/s
[19:15:16.600] [poc5-stress] 88.5 fps | frame 11.30 ms | drain 6.34 ms
[19:15:16.602] [stress] 512 tori | 1179648 tris/frame | 88.5 fps | 104.4 Mtris/s
[19:15:17.605] [poc5-stress] 88.5 fps | frame 11.30 ms | drain 6.35 ms
[19:15:17.607] [stress] 512 tori | 1179648 tris/frame | 88.5 fps | 104.4 Mtris/s
[19:15:18.611] [poc5-stress] 88.5 fps | frame 11.30 ms | drain 6.35 ms
[19:15:18.613] [stress] 512 tori | 1179648 tris/frame | 88.5 fps | 104.4 Mtris/s
[19:15:19.616] [poc5-stress] 88.5 fps | frame 11.30 ms | drain 6.35 ms
[19:15:19.619] [stress] 512 tori | 1179648 tris/frame | 88.5 fps | 104.4 Mtris/s
[19:15:20.623] [poc5-stress] 88.5 fps | frame 11.31 ms | drain 6.35 ms
[19:15:20.624] [stress] 512 tori | 1179648 tris/frame | 88.5 fps | 104.3 Mtris/s
[19:15:21.629] [poc5-stress] 88.4 fps | frame 11.31 ms | drain 6.36 ms
[19:15:21.631] [stress] 512 tori | 1179648 tris/frame | 88.4 fps | 104.3 Mtris/s
[19:15:22.635] [poc5-stress] 88.4 fps | frame 11.32 ms | drain 6.36 ms
[19:15:22.638] [stress] 512 tori | 1179648 tris/frame | 88.4 fps | 104.2 Mtris/s
[19:15:23.644] [poc5-stress] 88.3 fps | frame 11.32 ms | drain 6.37 ms
[19:15:23.646] [stress] 512 tori | 1179648 tris/frame | 88.3 fps | 104.2 Mtris/s
[19:15:24.652] [poc5-stress] 88.3 fps | frame 11.33 ms | drain 6.37 ms
[19:15:24.655] [stress] 512 tori | 1179648 tris/frame | 88.3 fps | 104.2 Mtris/s
[19:15:25.661] [poc5-stress] 88.2 fps | frame 11.34 ms | drain 6.38 ms
[19:15:25.663] [stress] 512 tori | 1179648 tris/frame | 88.2 fps | 104.0 Mtris/s
[19:15:26.669] [poc5-stress] 88.2 fps | frame 11.34 ms | drain 6.38 ms
[19:15:26.672] [stress] 512 tori | 1179648 tris/frame | 88.2 fps | 104.0 Mtris/s
[19:15:27.679] [poc5-stress] 88.1 fps | frame 11.34 ms | drain 6.39 ms
[19:15:27.682] [stress] 512 tori | 1179648 tris/frame | 88.1 fps | 104.0 Mtris/s
[19:15:28.689] [poc5-stress] 88.1 fps | frame 11.35 ms | drain 6.40 ms
[19:15:28.692] [stress] 512 tori | 1179648 tris/frame | 88.1 fps | 103.9 Mtris/s
[19:15:29.700] [poc5-stress] 88.1 fps | frame 11.36 ms | drain 6.40 ms
[19:15:29.702] [stress] 512 tori | 1179648 tris/frame | 88.1 fps | 103.9 Mtris/s
[19:15:30.711] [poc5-stress] 88.0 fps | frame 11.36 ms | drain 6.41 ms
[19:15:30.713] [stress] 512 tori | 1179648 tris/frame | 88.0 fps | 103.9 Mtris/s
[19:15:31.711] [poc5-stress] 88.0 fps | frame 11.37 ms | drain 6.41 ms
[19:15:31.713] [stress] 512 tori | 1179648 tris/frame | 88.0 fps | 103.8 Mtris/s
[19:15:32.712] [poc5-stress] 88.0 fps | frame 11.37 ms | drain 6.42 ms
[19:15:32.714] [stress] 512 tori | 1179648 tris/frame | 88.0 fps | 103.8 Mtris/s
[19:15:33.713] [poc5-stress] 87.9 fps | frame 11.38 ms | drain 6.42 ms
[19:15:33.715] [stress] 512 tori | 1179648 tris/frame | 87.9 fps | 103.7 Mtris/s
[19:15:34.714] [poc5-stress] 87.9 fps | frame 11.38 ms | drain 6.42 ms
[19:15:34.716] [stress] 512 tori | 1179648 tris/frame | 87.9 fps | 103.7 Mtris/s
[19:15:35.716] [poc5-stress] 87.8 fps | frame 11.39 ms | drain 6.43 ms
[19:15:35.718] [stress] 512 tori | 1179648 tris/frame | 87.8 fps | 103.6 Mtris/s
[19:15:36.717] [poc5-stress] 87.9 fps | frame 11.38 ms | drain 6.43 ms
[19:15:36.720] [stress] 512 tori | 1179648 tris/frame | 87.9 fps | 103.7 Mtris/s
[19:15:37.722] [poc5-stress] 87.9 fps | frame 11.38 ms | drain 6.43 ms
[19:15:37.724] [stress] 512 tori | 1179648 tris/frame | 87.9 fps | 103.6 Mtris/s
[19:15:38.720] [poc5-stress] 87.8 fps | frame 11.38 ms | drain 6.43 ms
[19:15:38.723] [stress] 512 tori | 1179648 tris/frame | 87.8 fps | 103.6 Mtris/s
[19:15:39.723] [poc5-stress] 87.8 fps | frame 11.39 ms | drain 6.43 ms
[19:15:39.725] [stress] 512 tori | 1179648 tris/frame | 87.8 fps | 103.6 Mtris/s
[19:15:40.726] [poc5-stress] 87.8 fps | frame 11.39 ms | drain 6.44 ms
[19:15:40.728] [stress] 512 tori | 1179648 tris/frame | 87.8 fps | 103.6 Mtris/s
[19:15:41.728] [poc5-stress] 87.8 fps | frame 11.39 ms | drain 6.44 ms
[19:15:41.730] [stress] 512 tori | 1179648 tris/frame | 87.8 fps | 103.6 Mtris/s
[19:15:42.730] [poc5-stress] 87.8 fps | frame 11.39 ms | drain 6.43 ms
[19:15:42.731] [stress] 512 tori | 1179648 tris/frame | 87.8 fps | 103.6 Mtris/s
[19:15:43.731] [poc5-stress] 87.8 fps | frame 11.39 ms | drain 6.43 ms
[19:15:43.734] [stress] 512 tori | 1179648 tris/frame | 87.8 fps | 103.6 Mtris/s
[19:15:44.734] [poc5-stress] 87.8 fps | frame 11.39 ms | drain 6.43 ms
[19:15:44.736] [stress] 512 tori | 1179648 tris/frame | 87.8 fps | 103.6 Mtris/s
[19:15:45.736] [poc5-stress] 87.8 fps | frame 11.39 ms | drain 6.43 ms
[19:15:45.738] [stress] 512 tori | 1179648 tris/frame | 87.8 fps | 103.6 Mtris/s
[19:15:46.737] [poc5-stress] 87.8 fps | frame 11.38 ms | drain 6.43 ms
[19:15:46.739] [stress] 512 tori | 1179648 tris/frame | 87.8 fps | 103.6 Mtris/s
[19:15:47.740] [poc5-stress] 87.8 fps | frame 11.38 ms | drain 6.43 ms
[19:15:47.742] [stress] 512 tori | 1179648 tris/frame | 87.8 fps | 103.6 Mtris/s
[19:15:48.740] [poc5-stress] 87.9 fps | frame 11.38 ms | drain 6.43 ms
[19:15:48.742] [stress] 512 tori | 1179648 tris/frame | 87.9 fps | 103.7 Mtris/s
[19:15:49.742] [poc5-stress] 87.9 fps | frame 11.38 ms | drain 6.42 ms
[19:15:49.744] [stress] 512 tori | 1179648 tris/frame | 87.9 fps | 103.7 Mtris/s
[19:15:50.743] [poc5-stress] 88.0 fps | frame 11.37 ms | drain 6.42 ms
[19:15:50.745] [stress] 512 tori | 1179648 tris/frame | 88.0 fps | 103.8 Mtris/s
[19:15:51.743] [poc5-stress] 88.0 fps | frame 11.37 ms | drain 6.41 ms
[19:15:51.744] [stress] 512 tori | 1179648 tris/frame | 88.0 fps | 103.8 Mtris/s
[19:15:52.754] [poc5-stress] 88.0 fps | frame 11.36 ms | drain 6.40 ms
[19:15:52.757] [stress] 512 tori | 1179648 tris/frame | 88.0 fps | 103.9 Mtris/s
[19:15:53.764] [poc5-stress] 88.0 fps | frame 11.36 ms | drain 6.40 ms
[19:15:53.766] [stress] 512 tori | 1179648 tris/frame | 88.0 fps | 103.9 Mtris/s
[19:15:54.775] [poc5-stress] 88.1 fps | frame 11.35 ms | drain 6.40 ms
[19:15:54.777] [stress] 512 tori | 1179648 tris/frame | 88.1 fps | 103.9 Mtris/s
[19:15:55.784] [poc5-stress] 88.2 fps | frame 11.34 ms | drain 6.39 ms
[19:15:55.787] [stress] 512 tori | 1179648 tris/frame | 88.2 fps | 104.0 Mtris/s
[19:15:56.794] [poc5-stress] 88.2 fps | frame 11.34 ms | drain 6.39 ms
[19:15:56.796] [stress] 512 tori | 1179648 tris/frame | 88.2 fps | 104.0 Mtris/s
[19:15:57.801] [poc5-stress] 88.3 fps | frame 11.33 ms | drain 6.38 ms
[19:15:57.804] [stress] 512 tori | 1179648 tris/frame | 88.3 fps | 104.1 Mtris/s
[19:15:58.810] [poc5-stress] 88.3 fps | frame 11.33 ms | drain 6.38 ms
[19:15:58.812] [stress] 512 tori | 1179648 tris/frame | 88.3 fps | 104.1 Mtris/s
[19:15:59.818] [poc5-stress] 88.3 fps | frame 11.33 ms | drain 6.37 ms
[19:15:59.821] [stress] 512 tori | 1179648 tris/frame | 88.3 fps | 104.1 Mtris/s
[19:16:00.825] [poc5-stress] 88.4 fps | frame 11.32 ms | drain 6.36 ms
[19:16:00.827] [stress] 512 tori | 1179648 tris/frame | 88.4 fps | 104.2 Mtris/s
[19:16:01.833] [poc5-stress] 88.4 fps | frame 11.32 ms | drain 6.36 ms
[19:16:01.835] [stress] 512 tori | 1179648 tris/frame | 88.4 fps | 104.3 Mtris/s
[19:16:02.838] [poc5-stress] 88.4 fps | frame 11.31 ms | drain 6.36 ms
[19:16:02.848] [stress] 512 tori | 1179648 tris/frame | 88.4 fps | 104.3 Mtris/s
[19:16:03.845] [poc5-stress] 88.4 fps | frame 11.31 ms | drain 6.35 ms
[19:16:03.846] [stress] 512 tori | 1179648 tris/frame | 88.4 fps | 104.3 Mtris/s
[19:16:04.850] [poc5-stress] 88.5 fps | frame 11.30 ms | drain 6.35 ms
[19:16:04.853] [stress] 512 tori | 1179648 tris/frame | 88.5 fps | 104.4 Mtris/s
[19:16:05.856] [poc5-stress] 88.5 fps | frame 11.30 ms | drain 6.35 ms
[19:16:05.859] [stress] 512 tori | 1179648 tris/frame | 88.5 fps | 104.4 Mtris/s
[19:16:06.862] [poc5-stress] 88.5 fps | frame 11.30 ms | drain 6.34 ms
[19:16:06.865] [stress] 512 tori | 1179648 tris/frame | 88.5 fps | 104.4 Mtris/s
[19:16:07.867] [poc5-stress] 88.5 fps | frame 11.30 ms | drain 6.34 ms
[19:16:07.869] [stress] 512 tori | 1179648 tris/frame | 88.5 fps | 104.4 Mtris/s
[19:16:08.873] [poc5-stress] 88.5 fps | frame 11.30 ms | drain 6.34 ms
[19:16:08.875] [stress] 512 tori | 1179648 tris/frame | 88.5 fps | 104.4 Mtris/s
[19:16:09.878] [poc5-stress] 88.6 fps | frame 11.29 ms | drain 6.34 ms
[19:16:09.880] [stress] 512 tori | 1179648 tris/frame | 88.6 fps | 104.5 Mtris/s
[19:16:10.883] [poc5-stress] 88.6 fps | frame 11.29 ms | drain 6.34 ms
[19:16:10.885] [stress] 512 tori | 1179648 tris/frame | 88.6 fps | 104.5 Mtris/s
[19:16:11.888] [poc5-stress] 88.5 fps | frame 11.30 ms | drain 6.34 ms
[19:16:11.890] [stress] 512 tori | 1179648 tris/frame | 88.5 fps | 104.4 Mtris/s
[19:16:12.893] [poc5-stress] 88.6 fps | frame 11.29 ms | drain 6.34 ms
[19:16:12.896] [stress] 512 tori | 1179648 tris/frame | 88.6 fps | 104.5 Mtris/s
[19:16:13.897] [poc5-stress] 88.6 fps | frame 11.29 ms | drain 6.34 ms
[19:16:13.900] [stress] 512 tori | 1179648 tris/frame | 88.6 fps | 104.5 Mtris/s
[19:16:14.902] [poc5-stress] 88.6 fps | frame 11.29 ms | drain 6.34 ms
[19:16:14.905] [stress] 512 tori | 1179648 tris/frame | 88.6 fps | 104.5 Mtris/s
[19:16:15.908] [poc5-stress] 88.5 fps | frame 11.30 ms | drain 6.34 ms
[19:16:15.910] [stress] 512 tori | 1179648 tris/frame | 88.5 fps | 104.4 Mtris/s
[19:16:16.913] [poc5-stress] 88.5 fps | frame 11.29 ms | drain 6.34 ms
[19:16:16.916] [stress] 512 tori | 1179648 tris/frame | 88.5 fps | 104.5 Mtris/s
[19:16:17.918] [poc5-stress] 88.6 fps | frame 11.29 ms | drain 6.34 ms
[19:16:17.920] [stress] 512 tori | 1179648 tris/frame | 88.6 fps | 104.5 Mtris/s
[19:16:18.923] [poc5-stress] 88.5 fps | frame 11.30 ms | drain 6.34 ms
[19:16:18.925] [stress] 512 tori | 1179648 tris/frame | 88.5 fps | 104.4 Mtris/s
[19:16:19.928] [poc5-stress] 88.5 fps | frame 11.30 ms | drain 6.34 ms
[19:16:19.930] [stress] 512 tori | 1179648 tris/frame | 88.5 fps | 104.4 Mtris/s
[19:16:20.934] [poc5-stress] 88.5 fps | frame 11.30 ms | drain 6.35 ms
[19:16:20.936] [stress] 512 tori | 1179648 tris/frame | 88.5 fps | 104.4 Mtris/s
[19:16:21.940] [poc5-stress] 88.5 fps | frame 11.30 ms | drain 6.35 ms
[19:16:21.942] [stress] 512 tori | 1179648 tris/frame | 88.5 fps | 104.4 Mtris/s
[19:16:22.945] [poc5-stress] 88.5 fps | frame 11.31 ms | drain 6.35 ms
[19:16:22.947] [stress] 512 tori | 1179648 tris/frame | 88.5 fps | 104.3 Mtris/s
[19:16:23.953] [poc5-stress] 88.4 fps | frame 11.31 ms | drain 6.36 ms
[19:16:23.955] [stress] 512 tori | 1179648 tris/frame | 88.4 fps | 104.3 Mtris/s
[19:16:24.959] [poc5-stress] 88.4 fps | frame 11.32 ms | drain 6.36 ms
[19:16:24.961] [stress] 512 tori | 1179648 tris/frame | 88.4 fps | 104.3 Mtris/s
[19:16:25.967] [poc5-stress] 88.3 fps | frame 11.32 ms | drain 6.37 ms
[19:16:25.969] [stress] 512 tori | 1179648 tris/frame | 88.3 fps | 104.2 Mtris/s
[19:16:26.975] [poc5-stress] 88.3 fps | frame 11.32 ms | drain 6.37 ms
[19:16:26.977] [stress] 512 tori | 1179648 tris/frame | 88.3 fps | 104.2 Mtris/s
[19:16:27.984] [poc5-stress] 88.2 fps | frame 11.33 ms | drain 6.38 ms
[19:16:27.986] [stress] 512 tori | 1179648 tris/frame | 88.2 fps | 104.1 Mtris/s
[19:16:28.993] [poc5-stress] 88.2 fps | frame 11.34 ms | drain 6.38 ms
[19:16:28.995] [stress] 512 tori | 1179648 tris/frame | 88.2 fps | 104.0 Mtris/s
[19:16:30.003] [poc5-stress] 88.2 fps | frame 11.34 ms | drain 6.39 ms
[19:16:30.005] [stress] 512 tori | 1179648 tris/frame | 88.2 fps | 104.0 Mtris/s
[19:16:31.013] [poc5-stress] 88.1 fps | frame 11.35 ms | drain 6.40 ms
[19:16:31.016] [stress] 512 tori | 1179648 tris/frame | 88.1 fps | 103.9 Mtris/s
[19:16:32.026] [poc5-stress] 88.1 fps | frame 11.35 ms | drain 6.40 ms
[19:16:32.028] [stress] 512 tori | 1179648 tris/frame | 88.1 fps | 103.9 Mtris/s
[19:16:33.034] [poc5-stress] 88.0 fps | frame 11.36 ms | drain 6.40 ms
[19:16:33.037] [stress] 512 tori | 1179648 tris/frame | 88.0 fps | 103.9 Mtris/s
[19:16:34.045] [poc5-stress] 88.0 fps | frame 11.36 ms | drain 6.41 ms
[19:16:34.048] [stress] 512 tori | 1179648 tris/frame | 88.0 fps | 103.8 Mtris/s
[19:16:35.048] [poc5-stress] 87.9 fps | frame 11.37 ms | drain 6.42 ms
[19:16:35.050] [stress] 512 tori | 1179648 tris/frame | 87.9 fps | 103.7 Mtris/s
[19:16:36.047] [poc5-stress] 87.9 fps | frame 11.37 ms | drain 6.42 ms
[19:16:36.048] [stress] 512 tori | 1179648 tris/frame | 87.9 fps | 103.7 Mtris/s
[19:16:37.048] [poc5-stress] 87.9 fps | frame 11.38 ms | drain 6.42 ms
[19:16:37.050] [stress] 512 tori | 1179648 tris/frame | 87.9 fps | 103.7 Mtris/s
[19:16:38.050] [poc5-stress] 87.8 fps | frame 11.39 ms | drain 6.43 ms
[19:16:38.052] [stress] 512 tori | 1179648 tris/frame | 87.8 fps | 103.6 Mtris/s
[19:16:39.051] [poc5-stress] 87.8 fps | frame 11.39 ms | drain 6.43 ms
[19:16:39.054] [stress] 512 tori | 1179648 tris/frame | 87.8 fps | 103.6 Mtris/s
[19:16:40.053] [poc5-stress] 87.8 fps | frame 11.39 ms | drain 6.43 ms
[19:16:40.056] [stress] 512 tori | 1179648 tris/frame | 87.8 fps | 103.6 Mtris/s
[19:16:41.055] [poc5-stress] 87.8 fps | frame 11.38 ms | drain 6.43 ms
[19:16:41.058] [stress] 512 tori | 1179648 tris/frame | 87.8 fps | 103.6 Mtris/s
[19:16:42.059] [poc5-stress] 87.8 fps | frame 11.39 ms | drain 6.43 ms
[19:16:42.060] [stress] 512 tori | 1179648 tris/frame | 87.8 fps | 103.6 Mtris/s
[19:16:43.060] [poc5-stress] 87.8 fps | frame 11.39 ms | drain 6.43 ms
[19:16:43.062] [stress] 512 tori | 1179648 tris/frame | 87.8 fps | 103.6 Mtris/s
[19:16:44.062] [poc5-stress] 87.8 fps | frame 11.39 ms | drain 6.43 ms
[19:16:44.065] [stress] 512 tori | 1179648 tris/frame | 87.8 fps | 103.6 Mtris/s
[19:16:45.065] [poc5-stress] 87.8 fps | frame 11.39 ms | drain 6.44 ms
[19:16:45.970] [stress] 512 tori | 1179648 tris/frame | 87.8 fps | 103.6 Mtris/s
[19:16:46.066] [poc5-stress] 87.8 fps | frame 11.39 ms | drain 6.43 ms
[19:16:46.068] [stress] 512 tori | 1179648 tris/frame | 87.8 fps | 103.6 Mtris/s
[19:16:47.070] [poc5-stress] 87.8 fps | frame 11.39 ms | drain 6.44 ms
[19:16:47.072] [stress] 512 tori | 1179648 tris/frame | 87.8 fps | 103.5 Mtris/s
[19:16:48.072] [poc5-stress] 87.8 fps | frame 11.39 ms | drain 6.43 ms
[19:16:48.073] [stress] 512 tori | 1179648 tris/frame | 87.8 fps | 103.6 Mtris/s
[19:16:49.075] [poc5-stress] 87.8 fps | frame 11.39 ms | drain 6.43 ms
[19:16:49.078] [stress] 512 tori | 1179648 tris/frame | 87.8 fps | 103.5 Mtris/s
[19:16:50.076] [poc5-stress] 87.8 fps | frame 11.38 ms | drain 6.43 ms
[19:16:50.078] [stress] 512 tori | 1179648 tris/frame | 87.8 fps | 103.6 Mtris/s
[19:16:51.078] [poc5-stress] 87.8 fps | frame 11.39 ms | drain 6.43 ms
[19:16:51.081] [stress] 512 tori | 1179648 tris/frame | 87.8 fps | 103.6 Mtris/s
[19:16:52.079] [poc5-stress] 87.9 fps | frame 11.38 ms | drain 6.42 ms
[19:16:52.082] [stress] 512 tori | 1179648 tris/frame | 87.9 fps | 103.6 Mtris/s
[19:16:53.080] [poc5-stress] 87.9 fps | frame 11.38 ms | drain 6.42 ms
[19:16:53.082] [stress] 512 tori | 1179648 tris/frame | 87.9 fps | 103.7 Mtris/s
[19:16:54.081] [poc5-stress] 88.0 fps | frame 11.37 ms | drain 6.41 ms
[19:16:54.083] [stress] 512 tori | 1179648 tris/frame | 88.0 fps | 103.8 Mtris/s
[19:16:55.081] [poc5-stress] 88.0 fps | frame 11.36 ms | drain 6.41 ms
[19:16:55.083] [stress] 512 tori | 1179648 tris/frame | 88.0 fps | 103.8 Mtris/s
[19:16:56.081] [poc5-stress] 88.0 fps | frame 11.36 ms | drain 6.41 ms
[19:16:56.083] [stress] 512 tori | 1179648 tris/frame | 88.0 fps | 103.8 Mtris/s
[19:16:57.091] [poc5-stress] 88.1 fps | frame 11.35 ms | drain 6.40 ms
[19:16:57.093] [stress] 512 tori | 1179648 tris/frame | 88.1 fps | 103.9 Mtris/s
[19:16:58.104] [poc5-stress] 88.1 fps | frame 11.35 ms | drain 6.40 ms
[19:16:58.106] [stress] 512 tori | 1179648 tris/frame | 88.1 fps | 103.9 Mtris/s
[19:16:59.111] [poc5-stress] 88.1 fps | frame 11.35 ms | drain 6.39 ms
[19:16:59.113] [stress] 512 tori | 1179648 tris/frame | 88.1 fps | 104.0 Mtris/s
[19:17:00.120] [poc5-stress] 88.2 fps | frame 11.34 ms | drain 6.38 ms
[19:17:00.123] [stress] 512 tori | 1179648 tris/frame | 88.2 fps | 104.1 Mtris/s
[19:17:01.129] [poc5-stress] 88.2 fps | frame 11.33 ms | drain 6.38 ms
[19:17:01.130] [stress] 512 tori | 1179648 tris/frame | 88.2 fps | 104.1 Mtris/s
[19:17:02.137] [poc5-stress] 88.3 fps | frame 11.33 ms | drain 6.37 ms
[19:17:02.139] [stress] 512 tori | 1179648 tris/frame | 88.3 fps | 104.1 Mtris/s
[19:17:03.145] [poc5-stress] 88.3 fps | frame 11.32 ms | drain 6.37 ms
[19:17:03.147] [stress] 512 tori | 1179648 tris/frame | 88.3 fps | 104.2 Mtris/s
[19:17:04.153] [poc5-stress] 88.3 fps | frame 11.32 ms | drain 6.36 ms
[19:17:04.155] [stress] 512 tori | 1179648 tris/frame | 88.3 fps | 104.2 Mtris/s
[19:17:05.160] [poc5-stress] 88.4 fps | frame 11.32 ms | drain 6.36 ms
[19:17:05.162] [stress] 512 tori | 1179648 tris/frame | 88.4 fps | 104.2 Mtris/s
[19:17:06.166] [poc5-stress] 88.4 fps | frame 11.31 ms | drain 6.36 ms
[19:17:06.168] [stress] 512 tori | 1179648 tris/frame | 88.4 fps | 104.3 Mtris/s
[19:17:07.172] [poc5-stress] 88.5 fps | frame 11.30 ms | drain 6.35 ms
[19:17:07.174] [stress] 512 tori | 1179648 tris/frame | 88.5 fps | 104.4 Mtris/s
[19:17:08.179] [poc5-stress] 88.5 fps | frame 11.30 ms | drain 6.35 ms
[19:17:08.182] [stress] 512 tori | 1179648 tris/frame | 88.5 fps | 104.4 Mtris/s
[19:17:09.184] [poc5-stress] 88.5 fps | frame 11.30 ms | drain 6.34 ms
[19:17:09.185] [stress] 512 tori | 1179648 tris/frame | 88.5 fps | 104.4 Mtris/s
[19:17:10.190] [poc5-stress] 88.5 fps | frame 11.30 ms | drain 6.34 ms
[19:17:10.192] [stress] 512 tori | 1179648 tris/frame | 88.5 fps | 104.4 Mtris/s
[19:17:11.196] [poc5-stress] 88.5 fps | frame 11.30 ms | drain 6.34 ms
[19:17:11.198] [stress] 512 tori | 1179648 tris/frame | 88.5 fps | 104.4 Mtris/s
[19:17:12.200] [poc5-stress] 88.5 fps | frame 11.30 ms | drain 6.34 ms
[19:17:12.203] [stress] 512 tori | 1179648 tris/frame | 88.5 fps | 104.4 Mtris/s
[19:17:13.206] [poc5-stress] 88.5 fps | frame 11.29 ms | drain 6.34 ms
[19:17:13.208] [stress] 512 tori | 1179648 tris/frame | 88.5 fps | 104.5 Mtris/s
[19:17:14.211] [poc5-stress] 88.5 fps | frame 11.29 ms | drain 6.34 ms
[19:17:14.213] [stress] 512 tori | 1179648 tris/frame | 88.5 fps | 104.5 Mtris/s
[19:17:15.216] [poc5-stress] 88.5 fps | frame 11.29 ms | drain 6.34 ms
[19:17:15.218] [stress] 512 tori | 1179648 tris/frame | 88.5 fps | 104.5 Mtris/s
[19:17:16.221] [poc5-stress] 88.6 fps | frame 11.29 ms | drain 6.34 ms
[19:17:16.222] [stress] 512 tori | 1179648 tris/frame | 88.6 fps | 104.5 Mtris/s
[19:17:17.226] [poc5-stress] 88.6 fps | frame 11.29 ms | drain 6.33 ms
[19:17:17.228] [stress] 512 tori | 1179648 tris/frame | 88.6 fps | 104.5 Mtris/s
[19:17:18.231] [poc5-stress] 88.5 fps | frame 11.30 ms | drain 6.34 ms
[19:17:18.233] [stress] 512 tori | 1179648 tris/frame | 88.5 fps | 104.4 Mtris/s
[19:17:19.236] [poc5-stress] 88.5 fps | frame 11.30 ms | drain 6.34 ms
[19:17:19.239] [stress] 512 tori | 1179648 tris/frame | 88.5 fps | 104.4 Mtris/s
[19:17:20.241] [poc5-stress] 88.5 fps | frame 11.30 ms | drain 6.34 ms
[19:17:20.243] [stress] 512 tori | 1179648 tris/frame | 88.5 fps | 104.4 Mtris/s
[19:17:21.246] [poc5-stress] 88.5 fps | frame 11.29 ms | drain 6.34 ms
[19:17:21.249] [stress] 512 tori | 1179648 tris/frame | 88.5 fps | 104.5 Mtris/s
[19:17:22.253] [poc5-stress] 88.5 fps | frame 11.30 ms | drain 6.34 ms
[19:17:22.257] [stress] 512 tori | 1179648 tris/frame | 88.5 fps | 104.4 Mtris/s
[19:17:23.259] [poc5-stress] 88.5 fps | frame 11.30 ms | drain 6.35 ms
[19:17:23.262] [stress] 512 tori | 1179648 tris/frame | 88.5 fps | 104.4 Mtris/s
[19:17:24.264] [poc5-stress] 88.5 fps | frame 11.30 ms | drain 6.35 ms
[19:17:24.267] [stress] 512 tori | 1179648 tris/frame | 88.5 fps | 104.4 Mtris/s
[19:17:25.271] [poc5-stress] 88.4 fps | frame 11.31 ms | drain 6.35 ms
[19:17:25.273] [stress] 512 tori | 1179648 tris/frame | 88.4 fps | 104.3 Mtris/s
[19:17:26.278] [poc5-stress] 88.4 fps | frame 11.31 ms | drain 6.36 ms
[19:17:26.280] [stress] 512 tori | 1179648 tris/frame | 88.4 fps | 104.3 Mtris/s
[19:17:27.287] [poc5-stress] 88.4 fps | frame 11.32 ms | drain 6.36 ms
[19:17:27.289] [stress] 512 tori | 1179648 tris/frame | 88.4 fps | 104.2 Mtris/s
[19:17:28.295] [poc5-stress] 88.3 fps | frame 11.32 ms | drain 6.37 ms
[19:17:28.297] [stress] 512 tori | 1179648 tris/frame | 88.3 fps | 104.2 Mtris/s
[19:17:29.300] [poc5-stress] 88.3 fps | frame 11.32 ms | drain 6.37 ms
[19:17:29.302] [stress] 512 tori | 1179648 tris/frame | 88.3 fps | 104.2 Mtris/s
[19:17:30.308] [poc5-stress] 88.2 fps | frame 11.33 ms | drain 6.38 ms
[19:17:30.310] [stress] 512 tori | 1179648 tris/frame | 88.2 fps | 104.1 Mtris/s
[19:17:31.317] [poc5-stress] 88.2 fps | frame 11.33 ms | drain 6.38 ms
[19:17:31.320] [stress] 512 tori | 1179648 tris/frame | 88.2 fps | 104.1 Mtris/s
[19:17:32.327] [poc5-stress] 88.2 fps | frame 11.34 ms | drain 6.39 ms
[19:17:32.329] [stress] 512 tori | 1179648 tris/frame | 88.2 fps | 104.0 Mtris/s
[19:17:33.337] [poc5-stress] 88.1 fps | frame 11.35 ms | drain 6.39 ms
[19:17:33.338] [stress] 512 tori | 1179648 tris/frame | 88.1 fps | 104.0 Mtris/s
[19:17:34.348] [poc5-stress] 88.1 fps | frame 11.36 ms | drain 6.40 ms
[19:17:34.351] [stress] 512 tori | 1179648 tris/frame | 88.1 fps | 103.9 Mtris/s
[19:17:35.348] [poc5-stress] 88.0 fps | frame 11.37 ms | drain 6.40 ms
[19:17:35.350] [stress] 512 tori | 1179648 tris/frame | 88.0 fps | 103.8 Mtris/s
[19:17:36.348] [poc5-stress] 88.0 fps | frame 11.37 ms | drain 6.41 ms
[19:17:36.350] [stress] 512 tori | 1179648 tris/frame | 88.0 fps | 103.8 Mtris/s
[19:17:37.348] [poc5-stress] 87.9 fps | frame 11.37 ms | drain 6.41 ms
[19:17:37.349] [stress] 512 tori | 1179648 tris/frame | 87.9 fps | 103.7 Mtris/s
[19:17:38.348] [poc5-stress] 87.9 fps | frame 11.37 ms | drain 6.42 ms
[19:17:38.350] [stress] 512 tori | 1179648 tris/frame | 87.9 fps | 103.7 Mtris/s
[19:17:39.351] [poc5-stress] 87.9 fps | frame 11.38 ms | drain 6.42 ms
[19:17:39.354] [stress] 512 tori | 1179648 tris/frame | 87.9 fps | 103.7 Mtris/s
[19:17:40.352] [poc5-stress] 87.9 fps | frame 11.38 ms | drain 6.43 ms
[19:17:40.354] [stress] 512 tori | 1179648 tris/frame | 87.9 fps | 103.6 Mtris/s
[19:17:41.353] [poc5-stress] 87.8 fps | frame 11.38 ms | drain 6.43 ms
[19:17:41.355] [stress] 512 tori | 1179648 tris/frame | 87.8 fps | 103.6 Mtris/s
[19:17:42.356] [poc5-stress] 87.8 fps | frame 11.39 ms | drain 6.43 ms
[19:17:42.358] [stress] 512 tori | 1179648 tris/frame | 87.8 fps | 103.6 Mtris/s
[19:17:43.358] [poc5-stress] 87.8 fps | frame 11.39 ms | drain 6.43 ms
[19:17:43.361] [stress] 512 tori | 1179648 tris/frame | 87.8 fps | 103.6 Mtris/s
[19:17:44.360] [poc5-stress] 87.8 fps | frame 11.39 ms | drain 6.43 ms
[19:17:44.363] [stress] 512 tori | 1179648 tris/frame | 87.8 fps | 103.6 Mtris/s
[19:17:45.363] [poc5-stress] 87.8 fps | frame 11.39 ms | drain 6.43 ms
[19:17:45.365] [stress] 512 tori | 1179648 tris/frame | 87.8 fps | 103.6 Mtris/s
[19:17:46.366] [poc5-stress] 87.8 fps | frame 11.39 ms | drain 6.44 ms
[19:17:46.368] [stress] 512 tori | 1179648 tris/frame | 87.8 fps | 103.5 Mtris/s
[19:17:47.367] [poc5-stress] 87.8 fps | frame 11.40 ms | drain 6.44 ms
[19:17:47.370] [stress] 512 tori | 1179648 tris/frame | 87.8 fps | 103.5 Mtris/s
[19:17:48.371] [poc5-stress] 87.8 fps | frame 11.39 ms | drain 6.44 ms
[19:17:48.372] [stress] 512 tori | 1179648 tris/frame | 87.8 fps | 103.6 Mtris/s
[19:17:49.373] [poc5-stress] 87.8 fps | frame 11.39 ms | drain 6.43 ms
[19:17:49.375] [stress] 512 tori | 1179648 tris/frame | 87.8 fps | 103.5 Mtris/s
[19:17:50.376] [poc5-stress] 87.8 fps | frame 11.40 ms | drain 6.43 ms
[19:17:50.378] [stress] 512 tori | 1179648 tris/frame | 87.8 fps | 103.5 Mtris/s
[19:17:51.379] [poc5-stress] 87.8 fps | frame 11.39 ms | drain 6.43 ms
[19:17:51.380] [stress] 512 tori | 1179648 tris/frame | 87.8 fps | 103.6 Mtris/s
[19:17:52.379] [poc5-stress] 87.8 fps | frame 11.39 ms | drain 6.43 ms
[19:17:52.381] [stress] 512 tori | 1179648 tris/frame | 87.8 fps | 103.6 Mtris/s
[19:17:53.383] [poc5-stress] 87.8 fps | frame 11.38 ms | drain 6.43 ms
[19:17:53.385] [stress] 512 tori | 1179648 tris/frame | 87.8 fps | 103.6 Mtris/s
[19:17:54.383] [poc5-stress] 87.9 fps | frame 11.38 ms | drain 6.43 ms
[19:17:54.386] [stress] 512 tori | 1179648 tris/frame | 87.9 fps | 103.6 Mtris/s
[19:17:55.386] [poc5-stress] 87.9 fps | frame 11.38 ms | drain 6.43 ms
[19:17:55.388] [stress] 512 tori | 1179648 tris/frame | 87.9 fps | 103.6 Mtris/s
[19:17:56.386] [poc5-stress] 87.9 fps | frame 11.38 ms | drain 6.42 ms
[19:17:56.388] [stress] 512 tori | 1179648 tris/frame | 87.9 fps | 103.7 Mtris/s
[19:17:57.391] [poc5-stress] 87.9 fps | frame 11.38 ms | drain 6.42 ms
[19:17:57.393] [stress] 512 tori | 1179648 tris/frame | 87.9 fps | 103.7 Mtris/s
[19:17:58.388] [poc5-stress] 88.0 fps | frame 11.36 ms | drain 6.41 ms
[19:17:58.390] [stress] 512 tori | 1179648 tris/frame | 88.0 fps | 103.8 Mtris/s
[19:17:59.388] [poc5-stress] 88.0 fps | frame 11.36 ms | drain 6.40 ms
[19:17:59.390] [stress] 512 tori | 1179648 tris/frame | 88.0 fps | 103.8 Mtris/s
[19:18:00.399] [poc5-stress] 88.0 fps | frame 11.36 ms | drain 6.40 ms
[19:18:00.401] [stress] 512 tori | 1179648 tris/frame | 88.0 fps | 103.9 Mtris/s
[19:18:01.408] [poc5-stress] 88.1 fps | frame 11.35 ms | drain 6.39 ms
[19:18:01.410] [stress] 512 tori | 1179648 tris/frame | 88.1 fps | 103.9 Mtris/s
[19:18:02.419] [poc5-stress] 88.1 fps | frame 11.35 ms | drain 6.39 ms
[19:18:02.421] [stress] 512 tori | 1179648 tris/frame | 88.1 fps | 104.0 Mtris/s
[19:18:03.428] [poc5-stress] 88.2 fps | frame 11.34 ms | drain 6.38 ms
[19:18:03.436] [stress] 512 tori | 1179648 tris/frame | 88.2 fps | 104.1 Mtris/s
[19:18:04.436] [poc5-stress] 88.2 fps | frame 11.34 ms | drain 6.38 ms
[19:18:04.438] [stress] 512 tori | 1179648 tris/frame | 88.2 fps | 104.1 Mtris/s
[19:18:05.444] [poc5-stress] 88.3 fps | frame 11.33 ms | drain 6.37 ms
[19:18:05.446] [stress] 512 tori | 1179648 tris/frame | 88.3 fps | 104.1 Mtris/s
[19:18:06.451] [poc5-stress] 88.3 fps | frame 11.32 ms | drain 6.36 ms
[19:18:06.454] [stress] 512 tori | 1179648 tris/frame | 88.3 fps | 104.2 Mtris/s
[19:18:07.459] [poc5-stress] 88.3 fps | frame 11.32 ms | drain 6.36 ms
[19:18:07.462] [stress] 512 tori | 1179648 tris/frame | 88.3 fps | 104.2 Mtris/s
[19:18:08.466] [poc5-stress] 88.4 fps | frame 11.31 ms | drain 6.36 ms
[19:18:08.468] [stress] 512 tori | 1179648 tris/frame | 88.4 fps | 104.3 Mtris/s
[19:18:09.473] [poc5-stress] 88.4 fps | frame 11.31 ms | drain 6.35 ms
[19:18:09.475] [stress] 512 tori | 1179648 tris/frame | 88.4 fps | 104.3 Mtris/s
[19:18:10.478] [poc5-stress] 88.5 fps | frame 11.30 ms | drain 6.35 ms
[19:18:10.482] [stress] 512 tori | 1179648 tris/frame | 88.5 fps | 104.4 Mtris/s
[19:18:11.485] [poc5-stress] 88.5 fps | frame 11.30 ms | drain 6.35 ms
[19:18:11.487] [stress] 512 tori | 1179648 tris/frame | 88.5 fps | 104.4 Mtris/s
[19:18:12.491] [poc5-stress] 88.5 fps | frame 11.30 ms | drain 6.34 ms
[19:18:12.493] [stress] 512 tori | 1179648 tris/frame | 88.5 fps | 104.4 Mtris/s
[19:18:13.497] [poc5-stress] 88.4 fps | frame 11.31 ms | drain 6.34 ms
[19:18:13.499] [stress] 512 tori | 1179648 tris/frame | 88.4 fps | 104.3 Mtris/s
[19:18:14.503] [poc5-stress] 88.5 fps | frame 11.30 ms | drain 6.34 ms
[19:18:14.505] [stress] 512 tori | 1179648 tris/frame | 88.5 fps | 104.4 Mtris/s
[19:18:15.508] [poc5-stress] 88.5 fps | frame 11.30 ms | drain 6.34 ms
[19:18:15.510] [stress] 512 tori | 1179648 tris/frame | 88.5 fps | 104.4 Mtris/s
[19:18:16.512] [poc5-stress] 88.6 fps | frame 11.29 ms | drain 6.34 ms
[19:18:16.516] [stress] 512 tori | 1179648 tris/frame | 88.6 fps | 104.5 Mtris/s
[19:18:17.519] [poc5-stress] 88.6 fps | frame 11.29 ms | drain 6.34 ms
[19:18:17.521] [stress] 512 tori | 1179648 tris/frame | 88.6 fps | 104.5 Mtris/s
[19:18:18.524] [poc5-stress] 88.5 fps | frame 11.30 ms | drain 6.34 ms
[19:18:18.526] [stress] 512 tori | 1179648 tris/frame | 88.5 fps | 104.4 Mtris/s
[19:18:19.529] [poc5-stress] 88.5 fps | frame 11.29 ms | drain 6.34 ms
[19:18:19.532] [stress] 512 tori | 1179648 tris/frame | 88.5 fps | 104.4 Mtris/s
[19:18:20.534] [poc5-stress] 88.5 fps | frame 11.29 ms | drain 6.34 ms
[19:18:20.535] [stress] 512 tori | 1179648 tris/frame | 88.5 fps | 104.4 Mtris/s
[19:18:21.542] [poc5-stress] 88.6 fps | frame 11.29 ms | drain 6.33 ms
[19:18:21.544] [stress] 512 tori | 1179648 tris/frame | 88.6 fps | 104.5 Mtris/s
[19:18:22.545] [poc5-stress] 88.5 fps | frame 11.30 ms | drain 6.34 ms
[19:18:22.547] [stress] 512 tori | 1179648 tris/frame | 88.5 fps | 104.4 Mtris/s
[19:18:23.549] [poc5-stress] 88.5 fps | frame 11.30 ms | drain 6.34 ms
[19:18:23.553] [stress] 512 tori | 1179648 tris/frame | 88.5 fps | 104.4 Mtris/s
[19:18:24.556] [poc5-stress] 88.5 fps | frame 11.30 ms | drain 6.34 ms
[19:18:24.558] [stress] 512 tori | 1179648 tris/frame | 88.5 fps | 104.4 Mtris/s
[19:18:25.560] [poc5-stress] 88.5 fps | frame 11.30 ms | drain 6.34 ms
[19:18:25.563] [stress] 512 tori | 1179648 tris/frame | 88.5 fps | 104.4 Mtris/s
[19:18:26.566] [poc5-stress] 88.5 fps | frame 11.30 ms | drain 6.34 ms
[19:18:26.569] [stress] 512 tori | 1179648 tris/frame | 88.5 fps | 104.4 Mtris/s
[19:18:27.572] [poc5-stress] 88.5 fps | frame 11.30 ms | drain 6.35 ms
[19:18:27.575] [stress] 512 tori | 1179648 tris/frame | 88.5 fps | 104.4 Mtris/s
[19:18:28.579] [poc5-stress] 88.4 fps | frame 11.31 ms | drain 6.35 ms
[19:18:28.581] [stress] 512 tori | 1179648 tris/frame | 88.4 fps | 104.3 Mtris/s
[19:18:29.586] [poc5-stress] 88.4 fps | frame 11.32 ms | drain 6.36 ms
[19:18:29.588] [stress] 512 tori | 1179648 tris/frame | 88.4 fps | 104.2 Mtris/s
[19:18:30.594] [poc5-stress] 88.4 fps | frame 11.32 ms | drain 6.36 ms
[19:18:30.596] [stress] 512 tori | 1179648 tris/frame | 88.4 fps | 104.2 Mtris/s
[19:18:31.601] [poc5-stress] 88.3 fps | frame 11.32 ms | drain 6.37 ms
[19:18:31.603] [stress] 512 tori | 1179648 tris/frame | 88.3 fps | 104.2 Mtris/s
[19:18:32.609] [poc5-stress] 88.3 fps | frame 11.33 ms | drain 6.37 ms
[19:18:32.612] [stress] 512 tori | 1179648 tris/frame | 88.3 fps | 104.1 Mtris/s
[19:18:33.618] [poc5-stress] 88.2 fps | frame 11.33 ms | drain 6.38 ms
[19:18:33.620] [stress] 512 tori | 1179648 tris/frame | 88.2 fps | 104.1 Mtris/s
[19:18:34.628] [poc5-stress] 88.2 fps | frame 11.34 ms | drain 6.38 ms
[19:18:34.630] [stress] 512 tori | 1179648 tris/frame | 88.2 fps | 104.0 Mtris/s
[19:18:35.637] [poc5-stress] 88.2 fps | frame 11.34 ms | drain 6.39 ms
[19:18:35.639] [stress] 512 tori | 1179648 tris/frame | 88.2 fps | 104.0 Mtris/s
[19:18:36.647] [poc5-stress] 88.1 fps | frame 11.35 ms | drain 6.39 ms
[19:18:36.649] [stress] 512 tori | 1179648 tris/frame | 88.1 fps | 103.9 Mtris/s
[19:18:37.647] [poc5-stress] 88.0 fps | frame 11.36 ms | drain 6.40 ms
[19:18:37.650] [stress] 512 tori | 1179648 tris/frame | 88.0 fps | 103.8 Mtris/s
[19:18:38.658] [poc5-stress] 88.0 fps | frame 11.36 ms | drain 6.41 ms
[19:18:38.660] [stress] 512 tori | 1179648 tris/frame | 88.0 fps | 103.8 Mtris/s
[19:18:39.658] [poc5-stress] 88.0 fps | frame 11.37 ms | drain 6.41 ms
[19:18:39.660] [stress] 512 tori | 1179648 tris/frame | 88.0 fps | 103.8 Mtris/s
[19:18:40.659] [poc5-stress] 87.9 fps | frame 11.37 ms | drain 6.41 ms
[19:18:40.661] [stress] 512 tori | 1179648 tris/frame | 87.9 fps | 103.7 Mtris/s
[19:18:41.661] [poc5-stress] 87.9 fps | frame 11.38 ms | drain 6.42 ms
[19:18:41.663] [stress] 512 tori | 1179648 tris/frame | 87.9 fps | 103.7 Mtris/s
[19:18:42.662] [poc5-stress] 87.9 fps | frame 11.38 ms | drain 6.42 ms
[19:18:42.664] [stress] 512 tori | 1179648 tris/frame | 87.9 fps | 103.6 Mtris/s
[19:18:43.663] [poc5-stress] 87.8 fps | frame 11.38 ms | drain 6.43 ms
[19:18:43.665] [stress] 512 tori | 1179648 tris/frame | 87.8 fps | 103.6 Mtris/s
[19:18:44.666] [poc5-stress] 87.8 fps | frame 11.39 ms | drain 6.43 ms
[19:18:44.668] [stress] 512 tori | 1179648 tris/frame | 87.8 fps | 103.6 Mtris/s
[19:18:45.667] [poc5-stress] 87.8 fps | frame 11.39 ms | drain 6.43 ms
[19:18:45.670] [stress] 512 tori | 1179648 tris/frame | 87.8 fps | 103.6 Mtris/s
[19:18:46.669] [poc5-stress] 87.8 fps | frame 11.39 ms | drain 6.43 ms
[19:18:46.671] [stress] 512 tori | 1179648 tris/frame | 87.8 fps | 103.6 Mtris/s
[19:18:47.672] [poc5-stress] 87.8 fps | frame 11.39 ms | drain 6.43 ms
[19:18:47.674] [stress] 512 tori | 1179648 tris/frame | 87.8 fps | 103.5 Mtris/s
[19:18:48.678] [poc5-stress] 87.8 fps | frame 11.39 ms | drain 6.43 ms
[19:18:48.680] [stress] 512 tori | 1179648 tris/frame | 87.8 fps | 103.6 Mtris/s
[19:18:49.676] [poc5-stress] 87.8 fps | frame 11.39 ms | drain 6.44 ms
[19:18:49.679] [stress] 512 tori | 1179648 tris/frame | 87.8 fps | 103.5 Mtris/s
[19:18:50.680] [poc5-stress] 87.8 fps | frame 11.40 ms | drain 6.44 ms
[19:18:50.682] [stress] 512 tori | 1179648 tris/frame | 87.8 fps | 103.5 Mtris/s
[19:18:51.682] [poc5-stress] 87.8 fps | frame 11.39 ms | drain 6.43 ms
[19:18:51.684] [stress] 512 tori | 1179648 tris/frame | 87.8 fps | 103.6 Mtris/s
[19:18:52.685] [poc5-stress] 87.8 fps | frame 11.39 ms | drain 6.43 ms
[19:18:52.687] [stress] 512 tori | 1179648 tris/frame | 87.8 fps | 103.6 Mtris/s
[19:18:53.687] [poc5-stress] 87.8 fps | frame 11.39 ms | drain 6.43 ms
[19:18:53.689] [stress] 512 tori | 1179648 tris/frame | 87.8 fps | 103.6 Mtris/s
[19:18:54.690] [poc5-stress] 87.8 fps | frame 11.39 ms | drain 6.43 ms
[19:18:54.691] [stress] 512 tori | 1179648 tris/frame | 87.8 fps | 103.5 Mtris/s
[19:18:55.691] [poc5-stress] 87.8 fps | frame 11.39 ms | drain 6.43 ms
[19:18:55.694] [stress] 512 tori | 1179648 tris/frame | 87.8 fps | 103.6 Mtris/s
[19:18:56.693] [poc5-stress] 87.9 fps | frame 11.38 ms | drain 6.43 ms
[19:18:56.695] [stress] 512 tori | 1179648 tris/frame | 87.9 fps | 103.6 Mtris/s
[19:18:57.694] [poc5-stress] 87.9 fps | frame 11.38 ms | drain 6.42 ms
[19:18:57.696] [stress] 512 tori | 1179648 tris/frame | 87.9 fps | 103.7 Mtris/s
[19:18:58.696] [poc5-stress] 87.9 fps | frame 11.38 ms | drain 6.42 ms
[19:18:58.698] [stress] 512 tori | 1179648 tris/frame | 87.9 fps | 103.7 Mtris/s
[19:18:59.696] [poc5-stress] 87.9 fps | frame 11.37 ms | drain 6.41 ms
[19:18:59.699] [stress] 512 tori | 1179648 tris/frame | 87.9 fps | 103.7 Mtris/s
[19:19:00.697] [poc5-stress] 87.9 fps | frame 11.37 ms | drain 6.41 ms
[19:19:00.699] [stress] 512 tori | 1179648 tris/frame | 87.9 fps | 103.7 Mtris/s
[19:19:01.708] [poc5-stress] 88.0 fps | frame 11.36 ms | drain 6.41 ms
[19:19:01.710] [stress] 512 tori | 1179648 tris/frame | 88.0 fps | 103.8 Mtris/s
[19:19:02.719] [poc5-stress] 88.0 fps | frame 11.36 ms | drain 6.40 ms
[19:19:02.722] [stress] 512 tori | 1179648 tris/frame | 88.0 fps | 103.9 Mtris/s
[19:19:03.730] [poc5-stress] 88.1 fps | frame 11.36 ms | drain 6.40 ms
[19:19:03.733] [stress] 512 tori | 1179648 tris/frame | 88.1 fps | 103.9 Mtris/s
[19:19:04.740] [poc5-stress] 88.1 fps | frame 11.35 ms | drain 6.39 ms
[19:19:04.741] [stress] 512 tori | 1179648 tris/frame | 88.1 fps | 104.0 Mtris/s
[19:19:05.749] [poc5-stress] 88.2 fps | frame 11.34 ms | drain 6.38 ms
[19:19:05.751] [stress] 512 tori | 1179648 tris/frame | 88.2 fps | 104.0 Mtris/s
[19:19:06.758] [poc5-stress] 88.2 fps | frame 11.34 ms | drain 6.38 ms
[19:19:06.761] [stress] 512 tori | 1179648 tris/frame | 88.2 fps | 104.0 Mtris/s
[19:19:07.766] [poc5-stress] 88.3 fps | frame 11.33 ms | drain 6.37 ms
[19:19:07.768] [stress] 512 tori | 1179648 tris/frame | 88.3 fps | 104.1 Mtris/s
[19:19:08.774] [poc5-stress] 88.3 fps | frame 11.32 ms | drain 6.37 ms
[19:19:08.776] [stress] 512 tori | 1179648 tris/frame | 88.3 fps | 104.2 Mtris/s
[19:19:09.785] [poc5-stress] 88.3 fps | frame 11.32 ms | drain 6.37 ms
[19:19:09.787] [stress] 512 tori | 1179648 tris/frame | 88.3 fps | 104.2 Mtris/s
[19:19:10.789] [poc5-stress] 88.4 fps | frame 11.32 ms | drain 6.36 ms
[19:19:10.791] [stress] 512 tori | 1179648 tris/frame | 88.4 fps | 104.2 Mtris/s
[19:19:11.796] [poc5-stress] 88.4 fps | frame 11.31 ms | drain 6.35 ms
[19:19:11.798] [stress] 512 tori | 1179648 tris/frame | 88.4 fps | 104.3 Mtris/s
[19:19:12.802] [poc5-stress] 88.4 fps | frame 11.31 ms | drain 6.35 ms
[19:19:12.804] [stress] 512 tori | 1179648 tris/frame | 88.4 fps | 104.3 Mtris/s
[19:19:13.810] [poc5-stress] 88.5 fps | frame 11.30 ms | drain 6.35 ms
[19:19:13.812] [stress] 512 tori | 1179648 tris/frame | 88.5 fps | 104.3 Mtris/s
[19:19:14.814] [poc5-stress] 88.5 fps | frame 11.30 ms | drain 6.34 ms
[19:19:14.817] [stress] 512 tori | 1179648 tris/frame | 88.5 fps | 104.4 Mtris/s
[19:19:15.820] [poc5-stress] 88.5 fps | frame 11.30 ms | drain 6.34 ms
[19:19:15.822] [stress] 512 tori | 1179648 tris/frame | 88.5 fps | 104.4 Mtris/s
[19:19:16.826] [poc5-stress] 88.5 fps | frame 11.30 ms | drain 6.34 ms
[19:19:16.828] [stress] 512 tori | 1179648 tris/frame | 88.5 fps | 104.4 Mtris/s
[19:19:17.831] [poc5-stress] 88.5 fps | frame 11.30 ms | drain 6.34 ms
[19:19:17.833] [stress] 512 tori | 1179648 tris/frame | 88.5 fps | 104.4 Mtris/s
[19:19:18.837] [poc5-stress] 88.5 fps | frame 11.30 ms | drain 6.34 ms
[19:19:18.839] [stress] 512 tori | 1179648 tris/frame | 88.5 fps | 104.4 Mtris/s
[19:19:19.842] [poc5-stress] 88.5 fps | frame 11.29 ms | drain 6.34 ms
[19:19:19.844] [stress] 512 tori | 1179648 tris/frame | 88.5 fps | 104.4 Mtris/s
[19:19:20.847] [poc5-stress] 88.5 fps | frame 11.29 ms | drain 6.34 ms
[19:19:20.850] [stress] 512 tori | 1179648 tris/frame | 88.5 fps | 104.4 Mtris/s
[19:19:21.855] [poc5-stress] 88.5 fps | frame 11.30 ms | drain 6.34 ms
[19:19:21.857] [stress] 512 tori | 1179648 tris/frame | 88.5 fps | 104.4 Mtris/s
[19:19:22.857] [poc5-stress] 88.5 fps | frame 11.30 ms | drain 6.34 ms
[19:19:22.859] [stress] 512 tori | 1179648 tris/frame | 88.5 fps | 104.4 Mtris/s
[19:19:23.862] [poc5-stress] 88.6 fps | frame 11.29 ms | drain 6.33 ms
[19:19:23.864] [stress] 512 tori | 1179648 tris/frame | 88.6 fps | 104.5 Mtris/s
[19:19:24.869] [poc5-stress] 88.5 fps | frame 11.29 ms | drain 6.34 ms
[19:19:24.871] [stress] 512 tori | 1179648 tris/frame | 88.5 fps | 104.4 Mtris/s
[19:19:25.874] [poc5-stress] 88.5 fps | frame 11.30 ms | drain 6.34 ms
[19:19:25.876] [stress] 512 tori | 1179648 tris/frame | 88.5 fps | 104.4 Mtris/s
[19:19:26.880] [poc5-stress] 88.5 fps | frame 11.30 ms | drain 6.34 ms
[19:19:26.882] [stress] 512 tori | 1179648 tris/frame | 88.5 fps | 104.4 Mtris/s
[19:19:27.885] [poc5-stress] 88.5 fps | frame 11.30 ms | drain 6.34 ms
[19:19:27.887] [stress] 512 tori | 1179648 tris/frame | 88.5 fps | 104.4 Mtris/s
[19:19:28.891] [poc5-stress] 88.5 fps | frame 11.30 ms | drain 6.35 ms
[19:19:28.893] [stress] 512 tori | 1179648 tris/frame | 88.5 fps | 104.4 Mtris/s
[19:19:29.899] [poc5-stress] 88.5 fps | frame 11.30 ms | drain 6.35 ms
[19:19:29.902] [stress] 512 tori | 1179648 tris/frame | 88.5 fps | 104.4 Mtris/s
[19:19:30.904] [poc5-stress] 88.4 fps | frame 11.31 ms | drain 6.35 ms
[19:19:30.928] [stress] 512 tori | 1179648 tris/frame | 88.4 fps | 104.3 Mtris/s
[19:19:31.910] [poc5-stress] 88.4 fps | frame 11.31 ms | drain 6.35 ms
[19:19:31.912] [stress] 512 tori | 1179648 tris/frame | 88.4 fps | 104.3 Mtris/s
[19:19:32.917] [poc5-stress] 88.4 fps | frame 11.31 ms | drain 6.36 ms
[19:19:32.919] [stress] 512 tori | 1179648 tris/frame | 88.4 fps | 104.3 Mtris/s
[19:19:33.925] [poc5-stress] 88.3 fps | frame 11.32 ms | drain 6.36 ms
[19:19:33.927] [stress] 512 tori | 1179648 tris/frame | 88.3 fps | 104.2 Mtris/s
[19:19:34.932] [poc5-stress] 88.3 fps | frame 11.32 ms | drain 6.37 ms
[19:19:34.934] [stress] 512 tori | 1179648 tris/frame | 88.3 fps | 104.2 Mtris/s
[19:19:35.941] [poc5-stress] 88.2 fps | frame 11.33 ms | drain 6.38 ms
[19:19:35.944] [stress] 512 tori | 1179648 tris/frame | 88.2 fps | 104.1 Mtris/s
[19:19:36.952] [poc5-stress] 88.2 fps | frame 11.34 ms | drain 6.38 ms
[19:19:36.954] [stress] 512 tori | 1179648 tris/frame | 88.2 fps | 104.1 Mtris/s
[19:19:37.960] [poc5-stress] 88.2 fps | frame 11.34 ms | drain 6.38 ms
[19:19:37.963] [stress] 512 tori | 1179648 tris/frame | 88.2 fps | 104.0 Mtris/s
[19:19:38.969] [poc5-stress] 88.1 fps | frame 11.35 ms | drain 6.39 ms
[19:19:38.972] [stress] 512 tori | 1179648 tris/frame | 88.1 fps | 103.9 Mtris/s
[19:19:39.981] [poc5-stress] 88.0 fps | frame 11.36 ms | drain 6.40 ms
[19:19:39.982] [stress] 512 tori | 1179648 tris/frame | 88.0 fps | 103.9 Mtris/s
[19:19:40.991] [poc5-stress] 88.0 fps | frame 11.36 ms | drain 6.40 ms
[19:19:40.994] [stress] 512 tori | 1179648 tris/frame | 88.0 fps | 103.8 Mtris/s
[19:19:42.002] [poc5-stress] 88.0 fps | frame 11.36 ms | drain 6.40 ms
[19:19:42.006] [stress] 512 tori | 1179648 tris/frame | 88.0 fps | 103.8 Mtris/s
[19:19:43.003] [poc5-stress] 87.9 fps | frame 11.37 ms | drain 6.41 ms
[19:19:43.005] [stress] 512 tori | 1179648 tris/frame | 87.9 fps | 103.7 Mtris/s
[19:19:44.005] [poc5-stress] 87.9 fps | frame 11.38 ms | drain 6.42 ms
[19:19:44.007] [stress] 512 tori | 1179648 tris/frame | 87.9 fps | 103.7 Mtris/s
[19:19:45.010] [poc5-stress] 87.9 fps | frame 11.38 ms | drain 6.42 ms
[19:19:45.012] [stress] 512 tori | 1179648 tris/frame | 87.9 fps | 103.7 Mtris/s
[19:19:46.008] [poc5-stress] 87.9 fps | frame 11.38 ms | drain 6.42 ms
[19:19:46.010] [stress] 512 tori | 1179648 tris/frame | 87.9 fps | 103.6 Mtris/s
[19:19:47.010] [poc5-stress] 87.8 fps | frame 11.39 ms | drain 6.43 ms
[19:19:47.012] [stress] 512 tori | 1179648 tris/frame | 87.8 fps | 103.6 Mtris/s
[19:19:48.012] [poc5-stress] 87.8 fps | frame 11.39 ms | drain 6.43 ms
[19:19:48.014] [stress] 512 tori | 1179648 tris/frame | 87.8 fps | 103.6 Mtris/s
[19:19:49.014] [poc5-stress] 87.8 fps | frame 11.39 ms | drain 6.43 ms
[19:19:49.016] [stress] 512 tori | 1179648 tris/frame | 87.8 fps | 103.6 Mtris/s
[19:19:50.015] [poc5-stress] 87.8 fps | frame 11.39 ms | drain 6.43 ms
[19:19:50.018] [stress] 512 tori | 1179648 tris/frame | 87.8 fps | 103.5 Mtris/s
[19:19:51.018] [poc5-stress] 87.8 fps | frame 11.39 ms | drain 6.43 ms
[19:19:51.021] [stress] 512 tori | 1179648 tris/frame | 87.8 fps | 103.6 Mtris/s
[19:19:52.020] [poc5-stress] 87.8 fps | frame 11.39 ms | drain 6.44 ms
[19:19:52.023] [stress] 512 tori | 1179648 tris/frame | 87.8 fps | 103.5 Mtris/s
[19:19:53.023] [poc5-stress] 87.8 fps | frame 11.39 ms | drain 6.43 ms
[19:19:53.026] [stress] 512 tori | 1179648 tris/frame | 87.8 fps | 103.6 Mtris/s
[19:19:54.025] [poc5-stress] 87.8 fps | frame 11.39 ms | drain 6.43 ms
[19:19:54.027] [stress] 512 tori | 1179648 tris/frame | 87.8 fps | 103.5 Mtris/s
[19:19:55.028] [poc5-stress] 87.8 fps | frame 11.39 ms | drain 6.43 ms
[19:19:55.030] [stress] 512 tori | 1179648 tris/frame | 87.8 fps | 103.6 Mtris/s
[19:19:56.031] [poc5-stress] 87.8 fps | frame 11.39 ms | drain 6.43 ms
[19:19:56.033] [stress] 512 tori | 1179648 tris/frame | 87.8 fps | 103.6 Mtris/s
[19:19:57.033] [poc5-stress] 87.8 fps | frame 11.39 ms | drain 6.43 ms
[19:19:57.035] [stress] 512 tori | 1179648 tris/frame | 87.8 fps | 103.6 Mtris/s
[19:19:58.035] [poc5-stress] 87.8 fps | frame 11.39 ms | drain 6.43 ms
[19:19:58.037] [stress] 512 tori | 1179648 tris/frame | 87.8 fps | 103.6 Mtris/s
[19:19:59.037] [poc5-stress] 87.8 fps | frame 11.38 ms | drain 6.43 ms
[19:19:59.041] [stress] 512 tori | 1179648 tris/frame | 87.8 fps | 103.6 Mtris/s
[19:20:00.039] [poc5-stress] 87.8 fps | frame 11.39 ms | drain 6.43 ms
[19:20:00.041] [stress] 512 tori | 1179648 tris/frame | 87.8 fps | 103.6 Mtris/s
[19:20:01.041] [poc5-stress] 87.9 fps | frame 11.38 ms | drain 6.42 ms
[19:20:01.043] [stress] 512 tori | 1179648 tris/frame | 87.9 fps | 103.6 Mtris/s
[19:20:02.042] [poc5-stress] 87.9 fps | frame 11.38 ms | drain 6.42 ms
[19:20:02.044] [stress] 512 tori | 1179648 tris/frame | 87.9 fps | 103.7 Mtris/s
[19:20:03.042] [poc5-stress] 88.0 fps | frame 11.37 ms | drain 6.41 ms
[19:20:03.045] [stress] 512 tori | 1179648 tris/frame | 88.0 fps | 103.8 Mtris/s
[19:20:04.055] [poc5-stress] 88.0 fps | frame 11.36 ms | drain 6.41 ms
[19:20:04.057] [stress] 512 tori | 1179648 tris/frame | 88.0 fps | 103.8 Mtris/s
[19:20:05.067] [poc5-stress] 88.0 fps | frame 11.36 ms | drain 6.40 ms
[19:20:05.069] [stress] 512 tori | 1179648 tris/frame | 88.0 fps | 103.8 Mtris/s
[19:20:06.075] [poc5-stress] 88.1 fps | frame 11.36 ms | drain 6.40 ms
[19:20:06.077] [stress] 512 tori | 1179648 tris/frame | 88.1 fps | 103.9 Mtris/s
[19:20:07.085] [poc5-stress] 88.1 fps | frame 11.35 ms | drain 6.39 ms
[19:20:07.088] [stress] 512 tori | 1179648 tris/frame | 88.1 fps | 103.9 Mtris/s
[19:20:08.095] [poc5-stress] 88.1 fps | frame 11.35 ms | drain 6.39 ms
[19:20:08.098] [stress] 512 tori | 1179648 tris/frame | 88.1 fps | 104.0 Mtris/s
[19:20:09.104] [poc5-stress] 88.2 fps | frame 11.33 ms | drain 6.38 ms
[19:20:09.107] [stress] 512 tori | 1179648 tris/frame | 88.2 fps | 104.1 Mtris/s
[19:20:10.113] [poc5-stress] 88.2 fps | frame 11.33 ms | drain 6.38 ms
[19:20:10.115] [stress] 512 tori | 1179648 tris/frame | 88.2 fps | 104.1 Mtris/s
[19:20:11.121] [poc5-stress] 88.3 fps | frame 11.33 ms | drain 6.37 ms
[19:20:11.123] [stress] 512 tori | 1179648 tris/frame | 88.3 fps | 104.1 Mtris/s
[19:20:12.129] [poc5-stress] 88.3 fps | frame 11.32 ms | drain 6.37 ms
[19:20:12.131] [stress] 512 tori | 1179648 tris/frame | 88.3 fps | 104.2 Mtris/s
[19:20:13.136] [poc5-stress] 88.4 fps | frame 11.32 ms | drain 6.36 ms
[19:20:13.138] [stress] 512 tori | 1179648 tris/frame | 88.4 fps | 104.2 Mtris/s
[19:20:14.143] [poc5-stress] 88.4 fps | frame 11.32 ms | drain 6.36 ms
[19:20:14.145] [stress] 512 tori | 1179648 tris/frame | 88.4 fps | 104.3 Mtris/s
[19:20:15.149] [poc5-stress] 88.4 fps | frame 11.31 ms | drain 6.35 ms
[19:20:15.152] [stress] 512 tori | 1179648 tris/frame | 88.4 fps | 104.3 Mtris/s
[19:20:16.156] [poc5-stress] 88.4 fps | frame 11.31 ms | drain 6.35 ms
[19:20:16.158] [stress] 512 tori | 1179648 tris/frame | 88.4 fps | 104.3 Mtris/s
[19:20:17.163] [poc5-stress] 88.4 fps | frame 11.31 ms | drain 6.35 ms
[19:20:17.164] [stress] 512 tori | 1179648 tris/frame | 88.4 fps | 104.3 Mtris/s
[19:20:18.169] [poc5-stress] 88.5 fps | frame 11.30 ms | drain 6.35 ms
[19:20:18.171] [stress] 512 tori | 1179648 tris/frame | 88.5 fps | 104.4 Mtris/s
[19:20:19.174] [poc5-stress] 88.5 fps | frame 11.30 ms | drain 6.35 ms
[19:20:19.176] [stress] 512 tori | 1179648 tris/frame | 88.5 fps | 104.4 Mtris/s
[19:20:20.179] [poc5-stress] 88.5 fps | frame 11.30 ms | drain 6.34 ms
[19:20:20.181] [stress] 512 tori | 1179648 tris/frame | 88.5 fps | 104.4 Mtris/s
[19:20:21.185] [poc5-stress] 88.5 fps | frame 11.29 ms | drain 6.34 ms
[19:20:21.187] [stress] 512 tori | 1179648 tris/frame | 88.5 fps | 104.5 Mtris/s
[19:20:22.190] [poc5-stress] 88.5 fps | frame 11.30 ms | drain 6.34 ms
[19:20:22.192] [stress] 512 tori | 1179648 tris/frame | 88.5 fps | 104.4 Mtris/s
[19:20:23.195] [poc5-stress] 88.5 fps | frame 11.30 ms | drain 6.34 ms
[19:20:23.198] [stress] 512 tori | 1179648 tris/frame | 88.5 fps | 104.4 Mtris/s
[19:20:24.201] [poc5-stress] 88.5 fps | frame 11.29 ms | drain 6.34 ms
[19:20:24.203] [stress] 512 tori | 1179648 tris/frame | 88.5 fps | 104.4 Mtris/s
[19:20:25.206] [poc5-stress] 88.6 fps | frame 11.29 ms | drain 6.34 ms
[19:20:25.208] [stress] 512 tori | 1179648 tris/frame | 88.6 fps | 104.5 Mtris/s
[19:20:26.212] [poc5-stress] 88.6 fps | frame 11.29 ms | drain 6.34 ms
[19:20:26.213] [stress] 512 tori | 1179648 tris/frame | 88.6 fps | 104.5 Mtris/s
[19:20:27.218] [poc5-stress] 88.5 fps | frame 11.30 ms | drain 6.34 ms
[19:20:27.219] [stress] 512 tori | 1179648 tris/frame | 88.5 fps | 104.4 Mtris/s
[19:20:28.223] [poc5-stress] 88.5 fps | frame 11.29 ms | drain 6.34 ms
[19:20:28.224] [stress] 512 tori | 1179648 tris/frame | 88.5 fps | 104.4 Mtris/s
[19:20:29.227] [poc5-stress] 88.5 fps | frame 11.30 ms | drain 6.34 ms
[19:20:29.230] [stress] 512 tori | 1179648 tris/frame | 88.5 fps | 104.4 Mtris/s
[19:20:30.232] [poc5-stress] 88.5 fps | frame 11.30 ms | drain 6.34 ms
[19:20:30.234] [stress] 512 tori | 1179648 tris/frame | 88.5 fps | 104.4 Mtris/s
[19:20:31.238] [poc5-stress] 88.5 fps | frame 11.30 ms | drain 6.34 ms
[19:20:31.241] [stress] 512 tori | 1179648 tris/frame | 88.5 fps | 104.4 Mtris/s
[19:20:32.244] [poc5-stress] 88.5 fps | frame 11.30 ms | drain 6.35 ms
[19:20:32.246] [stress] 512 tori | 1179648 tris/frame | 88.5 fps | 104.4 Mtris/s
[19:20:33.250] [poc5-stress] 88.5 fps | frame 11.31 ms | drain 6.35 ms
[19:20:33.252] [stress] 512 tori | 1179648 tris/frame | 88.5 fps | 104.3 Mtris/s
[19:20:34.257] [poc5-stress] 88.4 fps | frame 11.31 ms | drain 6.36 ms
[19:20:34.259] [stress] 512 tori | 1179648 tris/frame | 88.4 fps | 104.3 Mtris/s
[19:20:35.264] [poc5-stress] 88.4 fps | frame 11.32 ms | drain 6.36 ms
[19:20:35.266] [stress] 512 tori | 1179648 tris/frame | 88.4 fps | 104.2 Mtris/s
[19:20:36.272] [poc5-stress] 88.3 fps | frame 11.32 ms | drain 6.36 ms
[19:20:36.274] [stress] 512 tori | 1179648 tris/frame | 88.3 fps | 104.2 Mtris/s
[19:20:37.280] [poc5-stress] 88.3 fps | frame 11.33 ms | drain 6.37 ms
[19:20:37.282] [stress] 512 tori | 1179648 tris/frame | 88.3 fps | 104.2 Mtris/s
[19:20:38.288] [poc5-stress] 88.3 fps | frame 11.33 ms | drain 6.37 ms
[19:20:38.290] [stress] 512 tori | 1179648 tris/frame | 88.3 fps | 104.2 Mtris/s
[19:20:39.297] [poc5-stress] 88.2 fps | frame 11.33 ms | drain 6.37 ms
[19:20:39.299] [stress] 512 tori | 1179648 tris/frame | 88.2 fps | 104.1 Mtris/s
[19:20:40.306] [poc5-stress] 88.2 fps | frame 11.34 ms | drain 6.38 ms
[19:20:40.308] [stress] 512 tori | 1179648 tris/frame | 88.2 fps | 104.0 Mtris/s
[19:20:41.320] [poc5-stress] 88.1 fps | frame 11.34 ms | drain 6.39 ms
[19:20:41.323] [stress] 512 tori | 1179648 tris/frame | 88.1 fps | 104.0 Mtris/s
[19:20:42.326] [poc5-stress] 88.1 fps | frame 11.35 ms | drain 6.40 ms
[19:20:42.328] [stress] 512 tori | 1179648 tris/frame | 88.1 fps | 103.9 Mtris/s
[19:20:43.337] [poc5-stress] 88.0 fps | frame 11.36 ms | drain 6.40 ms
[19:20:43.339] [stress] 512 tori | 1179648 tris/frame | 88.0 fps | 103.8 Mtris/s
[19:20:44.348] [poc5-stress] 88.0 fps | frame 11.36 ms | drain 6.40 ms
[19:20:44.350] [stress] 512 tori | 1179648 tris/frame | 88.0 fps | 103.8 Mtris/s
[19:20:45.349] [poc5-stress] 88.0 fps | frame 11.37 ms | drain 6.41 ms
[19:20:45.352] [stress] 512 tori | 1179648 tris/frame | 88.0 fps | 103.8 Mtris/s
[19:20:46.349] [poc5-stress] 87.9 fps | frame 11.37 ms | drain 6.42 ms
[19:20:46.352] [stress] 512 tori | 1179648 tris/frame | 87.9 fps | 103.7 Mtris/s
[19:20:47.350] [poc5-stress] 87.9 fps | frame 11.38 ms | drain 6.42 ms
[19:20:47.353] [stress] 512 tori | 1179648 tris/frame | 87.9 fps | 103.7 Mtris/s
[19:20:48.352] [poc5-stress] 87.9 fps | frame 11.38 ms | drain 6.42 ms
[19:20:48.355] [stress] 512 tori | 1179648 tris/frame | 87.9 fps | 103.7 Mtris/s
[19:20:49.354] [poc5-stress] 87.8 fps | frame 11.38 ms | drain 6.43 ms
[19:20:49.356] [stress] 512 tori | 1179648 tris/frame | 87.8 fps | 103.6 Mtris/s
[19:20:50.356] [poc5-stress] 87.8 fps | frame 11.39 ms | drain 6.43 ms
[19:20:50.358] [stress] 512 tori | 1179648 tris/frame | 87.8 fps | 103.6 Mtris/s
[19:20:51.358] [poc5-stress] 87.8 fps | frame 11.39 ms | drain 6.43 ms
[19:20:51.360] [stress] 512 tori | 1179648 tris/frame | 87.8 fps | 103.6 Mtris/s
[19:20:52.360] [poc5-stress] 87.8 fps | frame 11.39 ms | drain 6.43 ms
[19:20:52.362] [stress] 512 tori | 1179648 tris/frame | 87.8 fps | 103.6 Mtris/s
[19:20:53.363] [poc5-stress] 87.8 fps | frame 11.39 ms | drain 6.43 ms
[19:20:53.365] [stress] 512 tori | 1179648 tris/frame | 87.8 fps | 103.5 Mtris/s
[19:20:54.365] [poc5-stress] 87.8 fps | frame 11.39 ms | drain 6.43 ms
[19:20:54.367] [stress] 512 tori | 1179648 tris/frame | 87.8 fps | 103.6 Mtris/s
[19:20:55.367] [poc5-stress] 87.8 fps | frame 11.39 ms | drain 6.43 ms
[19:20:55.370] [stress] 512 tori | 1179648 tris/frame | 87.8 fps | 103.6 Mtris/s
[19:20:56.371] [poc5-stress] 87.8 fps | frame 11.39 ms | drain 6.44 ms
[19:20:56.372] [stress] 512 tori | 1179648 tris/frame | 87.8 fps | 103.5 Mtris/s
[19:20:57.373] [poc5-stress] 87.8 fps | frame 11.39 ms | drain 6.44 ms
[19:20:57.376] [stress] 512 tori | 1179648 tris/frame | 87.8 fps | 103.6 Mtris/s
[19:20:58.376] [poc5-stress] 87.8 fps | frame 11.39 ms | drain 6.44 ms
[19:20:58.378] [stress] 512 tori | 1179648 tris/frame | 87.8 fps | 103.5 Mtris/s
[19:20:59.377] [poc5-stress] 87.8 fps | frame 11.39 ms | drain 6.43 ms
[19:20:59.379] [stress] 512 tori | 1179648 tris/frame | 87.8 fps | 103.6 Mtris/s
[19:21:00.379] [poc5-stress] 87.8 fps | frame 11.39 ms | drain 6.43 ms
[19:21:00.382] [stress] 512 tori | 1179648 tris/frame | 87.8 fps | 103.6 Mtris/s
[19:21:01.381] [poc5-stress] 87.8 fps | frame 11.38 ms | drain 6.43 ms
[19:21:01.383] [stress] 512 tori | 1179648 tris/frame | 87.8 fps | 103.6 Mtris/s
[19:21:02.383] [poc5-stress] 87.8 fps | frame 11.39 ms | drain 6.43 ms
[19:21:02.385] [stress] 512 tori | 1179648 tris/frame | 87.8 fps | 103.6 Mtris/s
[19:21:03.385] [poc5-stress] 87.9 fps | frame 11.38 ms | drain 6.42 ms
[19:21:03.388] [stress] 512 tori | 1179648 tris/frame | 87.9 fps | 103.7 Mtris/s
[19:21:04.386] [poc5-stress] 87.9 fps | frame 11.38 ms | drain 6.42 ms
[19:21:04.388] [stress] 512 tori | 1179648 tris/frame | 87.9 fps | 103.7 Mtris/s
[19:21:05.390] [poc5-stress] 87.9 fps | frame 11.37 ms | drain 6.42 ms
[19:21:05.392] [stress] 512 tori | 1179648 tris/frame | 87.9 fps | 103.7 Mtris/s
[19:21:06.388] [poc5-stress] 87.9 fps | frame 11.37 ms | drain 6.41 ms
[19:21:06.390] [stress] 512 tori | 1179648 tris/frame | 87.9 fps | 103.7 Mtris/s
[19:21:07.387] [poc5-stress] 88.0 fps | frame 11.37 ms | drain 6.41 ms
[19:21:07.390] [stress] 512 tori | 1179648 tris/frame | 88.0 fps | 103.8 Mtris/s
[19:21:08.398] [poc5-stress] 88.0 fps | frame 11.36 ms | drain 6.40 ms
[19:21:08.400] [stress] 512 tori | 1179648 tris/frame | 88.0 fps | 103.9 Mtris/s
[19:21:09.409] [poc5-stress] 88.1 fps | frame 11.35 ms | drain 6.40 ms
[19:21:09.412] [stress] 512 tori | 1179648 tris/frame | 88.1 fps | 103.9 Mtris/s
[19:21:10.419] [poc5-stress] 88.1 fps | frame 11.35 ms | drain 6.39 ms
[19:21:10.421] [stress] 512 tori | 1179648 tris/frame | 88.1 fps | 103.9 Mtris/s
[19:21:11.432] [poc5-stress] 88.2 fps | frame 11.34 ms | drain 6.38 ms
[19:21:11.434] [stress] 512 tori | 1179648 tris/frame | 88.2 fps | 104.0 Mtris/s
[19:21:12.438] [poc5-stress] 88.2 fps | frame 11.34 ms | drain 6.38 ms
[19:21:12.440] [stress] 512 tori | 1179648 tris/frame | 88.2 fps | 104.0 Mtris/s
[19:21:13.447] [poc5-stress] 88.3 fps | frame 11.33 ms | drain 6.37 ms
[19:21:13.449] [stress] 512 tori | 1179648 tris/frame | 88.3 fps | 104.1 Mtris/s
[19:21:14.455] [poc5-stress] 88.3 fps | frame 11.33 ms | drain 6.37 ms
[19:21:14.457] [stress] 512 tori | 1179648 tris/frame | 88.3 fps | 104.1 Mtris/s
[19:21:15.463] [poc5-stress] 88.3 fps | frame 11.32 ms | drain 6.37 ms
[19:21:15.465] [stress] 512 tori | 1179648 tris/frame | 88.3 fps | 104.2 Mtris/s
[19:21:16.469] [poc5-stress] 88.4 fps | frame 11.32 ms | drain 6.36 ms
[19:21:16.472] [stress] 512 tori | 1179648 tris/frame | 88.4 fps | 104.2 Mtris/s
[19:21:17.477] [poc5-stress] 88.4 fps | frame 11.31 ms | drain 6.36 ms
[19:21:17.486] [stress] 512 tori | 1179648 tris/frame | 88.4 fps | 104.3 Mtris/s
[19:21:18.482] [poc5-stress] 88.4 fps | frame 11.31 ms | drain 6.35 ms
[19:21:18.484] [stress] 512 tori | 1179648 tris/frame | 88.4 fps | 104.3 Mtris/s
[19:21:19.489] [poc5-stress] 88.5 fps | frame 11.30 ms | drain 6.35 ms
[19:21:19.491] [stress] 512 tori | 1179648 tris/frame | 88.5 fps | 104.4 Mtris/s
[19:21:20.495] [poc5-stress] 88.5 fps | frame 11.30 ms | drain 6.34 ms
[19:21:20.498] [stress] 512 tori | 1179648 tris/frame | 88.5 fps | 104.4 Mtris/s
[19:21:21.500] [poc5-stress] 88.5 fps | frame 11.30 ms | drain 6.34 ms
[19:21:21.502] [stress] 512 tori | 1179648 tris/frame | 88.5 fps | 104.4 Mtris/s
[19:21:22.505] [poc5-stress] 88.5 fps | frame 11.30 ms | drain 6.34 ms
[19:21:22.508] [stress] 512 tori | 1179648 tris/frame | 88.5 fps | 104.4 Mtris/s
[19:21:23.515] [poc5-stress] 88.5 fps | frame 11.30 ms | drain 6.34 ms
[19:21:23.517] [stress] 512 tori | 1179648 tris/frame | 88.5 fps | 104.4 Mtris/s
[19:21:24.517] [poc5-stress] 88.5 fps | frame 11.30 ms | drain 6.34 ms
[19:21:24.520] [stress] 512 tori | 1179648 tris/frame | 88.5 fps | 104.4 Mtris/s
[19:21:25.522] [poc5-stress] 88.5 fps | frame 11.30 ms | drain 6.34 ms
[19:21:25.524] [stress] 512 tori | 1179648 tris/frame | 88.5 fps | 104.4 Mtris/s
[19:21:26.531] [poc5-stress] 88.6 fps | frame 11.29 ms | drain 6.34 ms
[19:21:26.533] [stress] 512 tori | 1179648 tris/frame | 88.6 fps | 104.5 Mtris/s
[19:21:27.532] [poc5-stress] 88.5 fps | frame 11.29 ms | drain 6.34 ms
[19:21:27.534] [stress] 512 tori | 1179648 tris/frame | 88.5 fps | 104.4 Mtris/s
[19:21:28.537] [poc5-stress] 88.5 fps | frame 11.29 ms | drain 6.34 ms
[19:21:28.539] [stress] 512 tori | 1179648 tris/frame | 88.5 fps | 104.4 Mtris/s
[19:21:29.542] [poc5-stress] 88.6 fps | frame 11.29 ms | drain 6.34 ms
[19:21:29.544] [stress] 512 tori | 1179648 tris/frame | 88.6 fps | 104.5 Mtris/s
[19:21:30.547] [poc5-stress] 88.5 fps | frame 11.29 ms | drain 6.34 ms
[19:21:30.549] [stress] 512 tori | 1179648 tris/frame | 88.5 fps | 104.4 Mtris/s
[19:21:31.553] [poc5-stress] 88.5 fps | frame 11.30 ms | drain 6.34 ms
[19:21:31.555] [stress] 512 tori | 1179648 tris/frame | 88.5 fps | 104.4 Mtris/s
[19:21:32.559] [poc5-stress] 88.5 fps | frame 11.30 ms | drain 6.34 ms
[19:21:32.562] [stress] 512 tori | 1179648 tris/frame | 88.5 fps | 104.4 Mtris/s
[19:21:33.564] [poc5-stress] 88.5 fps | frame 11.30 ms | drain 6.34 ms
[19:21:33.567] [stress] 512 tori | 1179648 tris/frame | 88.5 fps | 104.4 Mtris/s
[19:21:34.573] [poc5-stress] 88.5 fps | frame 11.30 ms | drain 6.35 ms
[19:21:34.575] [stress] 512 tori | 1179648 tris/frame | 88.5 fps | 104.4 Mtris/s
[19:21:35.576] [poc5-stress] 88.5 fps | frame 11.30 ms | drain 6.34 ms
[19:21:35.579] [stress] 512 tori | 1179648 tris/frame | 88.5 fps | 104.4 Mtris/s
[19:21:36.583] [poc5-stress] 88.4 fps | frame 11.31 ms | drain 6.35 ms
[19:21:36.585] [stress] 512 tori | 1179648 tris/frame | 88.4 fps | 104.3 Mtris/s
[19:21:37.590] [poc5-stress] 88.4 fps | frame 11.31 ms | drain 6.35 ms
[19:21:37.592] [stress] 512 tori | 1179648 tris/frame | 88.4 fps | 104.3 Mtris/s
[19:21:38.596] [poc5-stress] 88.4 fps | frame 11.32 ms | drain 6.36 ms
[19:21:38.598] [stress] 512 tori | 1179648 tris/frame | 88.4 fps | 104.2 Mtris/s
[19:21:39.604] [poc5-stress] 88.3 fps | frame 11.32 ms | drain 6.37 ms
[19:21:39.606] [stress] 512 tori | 1179648 tris/frame | 88.3 fps | 104.2 Mtris/s
[19:21:40.615] [poc5-stress] 88.3 fps | frame 11.32 ms | drain 6.37 ms
[19:21:40.617] [stress] 512 tori | 1179648 tris/frame | 88.3 fps | 104.2 Mtris/s
[19:21:41.621] [poc5-stress] 88.2 fps | frame 11.34 ms | drain 6.38 ms
[19:21:41.631] [stress] 512 tori | 1179648 tris/frame | 88.2 fps | 104.1 Mtris/s
[19:21:42.630] [poc5-stress] 88.2 fps | frame 11.34 ms | drain 6.38 ms
[19:21:42.632] [stress] 512 tori | 1179648 tris/frame | 88.2 fps | 104.0 Mtris/s
[19:21:43.640] [poc5-stress] 88.2 fps | frame 11.34 ms | drain 6.39 ms
[19:21:43.642] [stress] 512 tori | 1179648 tris/frame | 88.2 fps | 104.0 Mtris/s
[19:21:44.649] [poc5-stress] 88.1 fps | frame 11.35 ms | drain 6.39 ms
[19:21:44.651] [stress] 512 tori | 1179648 tris/frame | 88.1 fps | 103.9 Mtris/s
[19:21:45.660] [poc5-stress] 88.1 fps | frame 11.36 ms | drain 6.40 ms
[19:21:45.663] [stress] 512 tori | 1179648 tris/frame | 88.1 fps | 103.9 Mtris/s
[19:21:46.672] [poc5-stress] 88.0 fps | frame 11.36 ms | drain 6.41 ms
[19:21:46.675] [stress] 512 tori | 1179648 tris/frame | 88.0 fps | 103.8 Mtris/s
[19:21:47.672] [poc5-stress] 88.0 fps | frame 11.37 ms | drain 6.41 ms
[19:21:47.674] [stress] 512 tori | 1179648 tris/frame | 88.0 fps | 103.8 Mtris/s
[19:21:48.672] [poc5-stress] 87.9 fps | frame 11.37 ms | drain 6.41 ms
[19:21:48.674] [stress] 512 tori | 1179648 tris/frame | 87.9 fps | 103.7 Mtris/s
[19:21:49.673] [poc5-stress] 87.9 fps | frame 11.37 ms | drain 6.41 ms
[19:21:49.675] [stress] 512 tori | 1179648 tris/frame | 87.9 fps | 103.7 Mtris/s
[19:21:50.674] [poc5-stress] 87.9 fps | frame 11.38 ms | drain 6.42 ms
[19:21:50.676] [stress] 512 tori | 1179648 tris/frame | 87.9 fps | 103.7 Mtris/s
[19:21:51.676] [poc5-stress] 87.9 fps | frame 11.38 ms | drain 6.43 ms
[19:21:51.678] [stress] 512 tori | 1179648 tris/frame | 87.9 fps | 103.6 Mtris/s
[19:21:52.677] [poc5-stress] 87.8 fps | frame 11.38 ms | drain 6.43 ms
[19:21:52.679] [stress] 512 tori | 1179648 tris/frame | 87.8 fps | 103.6 Mtris/s
[19:21:53.680] [poc5-stress] 87.8 fps | frame 11.39 ms | drain 6.43 ms
[19:21:53.682] [stress] 512 tori | 1179648 tris/frame | 87.8 fps | 103.6 Mtris/s
[19:21:54.682] [poc5-stress] 87.8 fps | frame 11.39 ms | drain 6.43 ms
[19:21:54.684] [stress] 512 tori | 1179648 tris/frame | 87.8 fps | 103.6 Mtris/s
[19:21:55.685] [poc5-stress] 87.8 fps | frame 11.39 ms | drain 6.43 ms
[19:21:55.688] [stress] 512 tori | 1179648 tris/frame | 87.8 fps | 103.6 Mtris/s
[19:21:56.686] [poc5-stress] 87.8 fps | frame 11.39 ms | drain 6.43 ms
[19:21:56.688] [stress] 512 tori | 1179648 tris/frame | 87.8 fps | 103.6 Mtris/s
[19:21:57.689] [poc5-stress] 87.8 fps | frame 11.39 ms | drain 6.44 ms
[19:21:57.691] [stress] 512 tori | 1179648 tris/frame | 87.8 fps | 103.5 Mtris/s
[19:21:58.692] [poc5-stress] 87.8 fps | frame 11.39 ms | drain 6.44 ms
[19:21:58.694] [stress] 512 tori | 1179648 tris/frame | 87.8 fps | 103.5 Mtris/s
[19:21:59.698] [poc5-stress] 87.7 fps | frame 11.40 ms | drain 6.44 ms
[19:21:59.700] [stress] 512 tori | 1179648 tris/frame | 87.7 fps | 103.5 Mtris/s
[19:22:00.696] [poc5-stress] 87.8 fps | frame 11.39 ms | drain 6.43 ms
[19:22:00.699] [stress] 512 tori | 1179648 tris/frame | 87.8 fps | 103.6 Mtris/s
[19:22:01.699] [poc5-stress] 87.8 fps | frame 11.39 ms | drain 6.43 ms
[19:22:01.703] [stress] 512 tori | 1179648 tris/frame | 87.8 fps | 103.6 Mtris/s
[19:22:02.702] [poc5-stress] 87.8 fps | frame 11.40 ms | drain 6.44 ms
[19:22:02.704] [stress] 512 tori | 1179648 tris/frame | 87.8 fps | 103.5 Mtris/s
[19:22:03.705] [poc5-stress] 87.8 fps | frame 11.39 ms | drain 6.43 ms
[19:22:03.707] [stress] 512 tori | 1179648 tris/frame | 87.8 fps | 103.6 Mtris/s
[19:22:04.706] [poc5-stress] 87.8 fps | frame 11.39 ms | drain 6.43 ms
[19:22:04.708] [stress] 512 tori | 1179648 tris/frame | 87.8 fps | 103.6 Mtris/s
[19:22:05.708] [poc5-stress] 87.8 fps | frame 11.38 ms | drain 6.43 ms
[19:22:05.709] [stress] 512 tori | 1179648 tris/frame | 87.8 fps | 103.6 Mtris/s
[19:22:06.709] [poc5-stress] 87.9 fps | frame 11.38 ms | drain 6.42 ms
[19:22:06.712] [stress] 512 tori | 1179648 tris/frame | 87.9 fps | 103.6 Mtris/s
[19:22:07.710] [poc5-stress] 87.9 fps | frame 11.38 ms | drain 6.42 ms
[19:22:07.712] [stress] 512 tori | 1179648 tris/frame | 87.9 fps | 103.7 Mtris/s
[19:22:08.711] [poc5-stress] 87.9 fps | frame 11.37 ms | drain 6.41 ms
[19:22:08.713] [stress] 512 tori | 1179648 tris/frame | 87.9 fps | 103.7 Mtris/s
[19:22:09.712] [poc5-stress] 88.0 fps | frame 11.36 ms | drain 6.41 ms
[19:22:09.714] [stress] 512 tori | 1179648 tris/frame | 88.0 fps | 103.8 Mtris/s
[19:22:10.722] [poc5-stress] 88.0 fps | frame 11.36 ms | drain 6.40 ms
[19:22:10.724] [stress] 512 tori | 1179648 tris/frame | 88.0 fps | 103.8 Mtris/s
[19:22:11.734] [poc5-stress] 88.1 fps | frame 11.36 ms | drain 6.40 ms
[19:22:11.736] [stress] 512 tori | 1179648 tris/frame | 88.1 fps | 103.9 Mtris/s
[19:22:12.742] [poc5-stress] 88.1 fps | frame 11.35 ms | drain 6.39 ms
[19:22:12.745] [stress] 512 tori | 1179648 tris/frame | 88.1 fps | 104.0 Mtris/s
[19:22:13.752] [poc5-stress] 88.2 fps | frame 11.34 ms | drain 6.39 ms
[19:22:13.754] [stress] 512 tori | 1179648 tris/frame | 88.2 fps | 104.0 Mtris/s
[19:22:14.762] [poc5-stress] 88.2 fps | frame 11.34 ms | drain 6.38 ms
[19:22:14.763] [stress] 512 tori | 1179648 tris/frame | 88.2 fps | 104.0 Mtris/s
[19:22:15.772] [poc5-stress] 88.2 fps | frame 11.34 ms | drain 6.38 ms
[19:22:15.774] [stress] 512 tori | 1179648 tris/frame | 88.2 fps | 104.1 Mtris/s
[19:22:16.779] [poc5-stress] 88.3 fps | frame 11.33 ms | drain 6.37 ms
[19:22:16.782] [stress] 512 tori | 1179648 tris/frame | 88.3 fps | 104.1 Mtris/s
[19:22:17.786] [poc5-stress] 88.3 fps | frame 11.32 ms | drain 6.36 ms
[19:22:17.789] [stress] 512 tori | 1179648 tris/frame | 88.3 fps | 104.2 Mtris/s
[19:22:18.794] [poc5-stress] 88.4 fps | frame 11.32 ms | drain 6.36 ms
[19:22:18.796] [stress] 512 tori | 1179648 tris/frame | 88.4 fps | 104.2 Mtris/s
[19:22:19.801] [poc5-stress] 88.4 fps | frame 11.31 ms | drain 6.36 ms
[19:22:19.803] [stress] 512 tori | 1179648 tris/frame | 88.4 fps | 104.3 Mtris/s
[19:22:20.807] [poc5-stress] 88.4 fps | frame 11.31 ms | drain 6.35 ms
[19:22:20.809] [stress] 512 tori | 1179648 tris/frame | 88.4 fps | 104.3 Mtris/s
[19:22:21.813] [poc5-stress] 88.5 fps | frame 11.30 ms | drain 6.35 ms
[19:22:21.815] [stress] 512 tori | 1179648 tris/frame | 88.5 fps | 104.4 Mtris/s
[19:22:22.819] [poc5-stress] 88.4 fps | frame 11.31 ms | drain 6.35 ms
[19:22:22.822] [stress] 512 tori | 1179648 tris/frame | 88.4 fps | 104.3 Mtris/s
[19:22:23.826] [poc5-stress] 88.5 fps | frame 11.30 ms | drain 6.34 ms
[19:22:23.828] [stress] 512 tori | 1179648 tris/frame | 88.5 fps | 104.4 Mtris/s
[19:22:24.831] [poc5-stress] 88.5 fps | frame 11.30 ms | drain 6.34 ms
[19:22:24.833] [stress] 512 tori | 1179648 tris/frame | 88.5 fps | 104.4 Mtris/s
[19:22:25.837] [poc5-stress] 88.5 fps | frame 11.30 ms | drain 6.34 ms
[19:22:25.839] [stress] 512 tori | 1179648 tris/frame | 88.5 fps | 104.4 Mtris/s
[19:22:26.842] [poc5-stress] 88.6 fps | frame 11.29 ms | drain 6.34 ms
[19:22:26.844] [stress] 512 tori | 1179648 tris/frame | 88.6 fps | 104.5 Mtris/s
[19:22:27.847] [poc5-stress] 88.5 fps | frame 11.30 ms | drain 6.34 ms
[19:22:27.850] [stress] 512 tori | 1179648 tris/frame | 88.5 fps | 104.4 Mtris/s
[19:22:28.853] [poc5-stress] 88.5 fps | frame 11.30 ms | drain 6.34 ms
[19:22:28.855] [stress] 512 tori | 1179648 tris/frame | 88.5 fps | 104.4 Mtris/s
[19:22:29.859] [poc5-stress] 88.5 fps | frame 11.30 ms | drain 6.34 ms
[19:22:29.861] [stress] 512 tori | 1179648 tris/frame | 88.5 fps | 104.4 Mtris/s
[19:22:30.863] [poc5-stress] 88.6 fps | frame 11.29 ms | drain 6.33 ms
[19:22:30.865] [stress] 512 tori | 1179648 tris/frame | 88.6 fps | 104.5 Mtris/s
[19:22:31.868] [poc5-stress] 88.5 fps | frame 11.30 ms | drain 6.34 ms
[19:22:31.871] [stress] 512 tori | 1179648 tris/frame | 88.5 fps | 104.4 Mtris/s
[19:22:32.874] [poc5-stress] 88.5 fps | frame 11.30 ms | drain 6.34 ms
[19:22:32.876] [stress] 512 tori | 1179648 tris/frame | 88.5 fps | 104.4 Mtris/s
[19:22:33.878] [poc5-stress] 88.5 fps | frame 11.29 ms | drain 6.34 ms
[19:22:33.880] [stress] 512 tori | 1179648 tris/frame | 88.5 fps | 104.4 Mtris/s
[19:22:34.884] [poc5-stress] 88.6 fps | frame 11.29 ms | drain 6.34 ms
[19:22:34.886] [stress] 512 tori | 1179648 tris/frame | 88.6 fps | 104.5 Mtris/s
[19:22:35.889] [poc5-stress] 88.5 fps | frame 11.30 ms | drain 6.34 ms
[19:22:35.892] [stress] 512 tori | 1179648 tris/frame | 88.5 fps | 104.4 Mtris/s
[19:22:36.896] [poc5-stress] 88.5 fps | frame 11.30 ms | drain 6.34 ms
[19:22:36.898] [stress] 512 tori | 1179648 tris/frame | 88.5 fps | 104.4 Mtris/s
[19:22:37.902] [poc5-stress] 88.4 fps | frame 11.31 ms | drain 6.35 ms
[19:22:37.904] [stress] 512 tori | 1179648 tris/frame | 88.4 fps | 104.3 Mtris/s
[19:22:38.908] [poc5-stress] 88.5 fps | frame 11.31 ms | drain 6.35 ms
[19:22:38.910] [stress] 512 tori | 1179648 tris/frame | 88.5 fps | 104.3 Mtris/s
[19:22:39.914] [poc5-stress] 88.4 fps | frame 11.31 ms | drain 6.35 ms
[19:22:39.916] [stress] 512 tori | 1179648 tris/frame | 88.4 fps | 104.3 Mtris/s
[19:22:40.921] [poc5-stress] 88.4 fps | frame 11.32 ms | drain 6.36 ms
[19:22:40.923] [stress] 512 tori | 1179648 tris/frame | 88.4 fps | 104.3 Mtris/s
[19:22:41.929] [poc5-stress] 88.3 fps | frame 11.32 ms | drain 6.36 ms
[19:22:41.931] [stress] 512 tori | 1179648 tris/frame | 88.3 fps | 104.2 Mtris/s
[19:22:42.937] [poc5-stress] 88.3 fps | frame 11.32 ms | drain 6.37 ms
[19:22:42.939] [stress] 512 tori | 1179648 tris/frame | 88.3 fps | 104.2 Mtris/s
[19:22:43.945] [poc5-stress] 88.3 fps | frame 11.33 ms | drain 6.37 ms
[19:22:43.947] [stress] 512 tori | 1179648 tris/frame | 88.3 fps | 104.1 Mtris/s
[19:22:44.955] [poc5-stress] 88.2 fps | frame 11.33 ms | drain 6.38 ms
[19:22:44.957] [stress] 512 tori | 1179648 tris/frame | 88.2 fps | 104.1 Mtris/s
[19:22:45.963] [poc5-stress] 88.2 fps | frame 11.34 ms | drain 6.38 ms
[19:22:45.965] [stress] 512 tori | 1179648 tris/frame | 88.2 fps | 104.0 Mtris/s
[19:22:46.973] [poc5-stress] 88.1 fps | frame 11.34 ms | drain 6.39 ms
[19:22:46.974] [stress] 512 tori | 1179648 tris/frame | 88.1 fps | 104.0 Mtris/s
[19:22:47.983] [poc5-stress] 88.1 fps | frame 11.36 ms | drain 6.40 ms
[19:22:47.986] [stress] 512 tori | 1179648 tris/frame | 88.1 fps | 103.9 Mtris/s
[19:22:48.984] [poc5-stress] 88.0 fps | frame 11.37 ms | drain 6.40 ms
[19:22:48.986] [stress] 512 tori | 1179648 tris/frame | 88.0 fps | 103.8 Mtris/s
[19:22:49.995] [poc5-stress] 88.0 fps | frame 11.36 ms | drain 6.41 ms
[19:22:49.997] [stress] 512 tori | 1179648 tris/frame | 88.0 fps | 103.8 Mtris/s
[19:22:50.996] [poc5-stress] 88.0 fps | frame 11.37 ms | drain 6.41 ms
[19:22:50.998] [stress] 512 tori | 1179648 tris/frame | 88.0 fps | 103.8 Mtris/s
[19:22:51.997] [poc5-stress] 87.9 fps | frame 11.37 ms | drain 6.41 ms
[19:22:51.999] [stress] 512 tori | 1179648 tris/frame | 87.9 fps | 103.7 Mtris/s
[19:22:53.001] [poc5-stress] 87.9 fps | frame 11.38 ms | drain 6.42 ms
[19:22:53.002] [stress] 512 tori | 1179648 tris/frame | 87.9 fps | 103.7 Mtris/s
[19:22:53.999] [poc5-stress] 87.9 fps | frame 11.38 ms | drain 6.42 ms
[19:22:54.004] [stress] 512 tori | 1179648 tris/frame | 87.9 fps | 103.7 Mtris/s
[19:22:55.002] [poc5-stress] 87.8 fps | frame 11.39 ms | drain 6.43 ms
[19:22:55.003] [stress] 512 tori | 1179648 tris/frame | 87.8 fps | 103.6 Mtris/s
[19:22:56.003] [poc5-stress] 87.8 fps | frame 11.39 ms | drain 6.43 ms
[19:22:56.005] [stress] 512 tori | 1179648 tris/frame | 87.8 fps | 103.6 Mtris/s
[19:22:57.006] [poc5-stress] 87.8 fps | frame 11.39 ms | drain 6.43 ms
[19:22:57.008] [stress] 512 tori | 1179648 tris/frame | 87.8 fps | 103.6 Mtris/s
[19:22:58.008] [poc5-stress] 87.8 fps | frame 11.39 ms | drain 6.43 ms
[19:22:58.010] [stress] 512 tori | 1179648 tris/frame | 87.8 fps | 103.6 Mtris/s
[19:22:59.013] [poc5-stress] 87.8 fps | frame 11.39 ms | drain 6.43 ms
[19:22:59.015] [stress] 512 tori | 1179648 tris/frame | 87.8 fps | 103.6 Mtris/s
[19:23:00.013] [poc5-stress] 87.8 fps | frame 11.40 ms | drain 6.44 ms
[19:23:00.015] [stress] 512 tori | 1179648 tris/frame | 87.8 fps | 103.5 Mtris/s
[19:23:01.016] [poc5-stress] 87.7 fps | frame 11.40 ms | drain 6.44 ms
[19:23:01.018] [stress] 512 tori | 1179648 tris/frame | 87.7 fps | 103.5 Mtris/s
[19:23:02.019] [poc5-stress] 87.8 fps | frame 11.39 ms | drain 6.43 ms
[19:23:02.021] [stress] 512 tori | 1179648 tris/frame | 87.8 fps | 103.6 Mtris/s
[19:23:03.020] [poc5-stress] 87.8 fps | frame 11.39 ms | drain 6.44 ms
[19:23:03.024] [stress] 512 tori | 1179648 tris/frame | 87.8 fps | 103.5 Mtris/s
[19:23:04.024] [poc5-stress] 87.8 fps | frame 11.39 ms | drain 6.44 ms
[19:23:04.026] [stress] 512 tori | 1179648 tris/frame | 87.8 fps | 103.5 Mtris/s
[19:23:05.025] [poc5-stress] 87.8 fps | frame 11.39 ms | drain 6.43 ms
[19:23:05.029] [stress] 512 tori | 1179648 tris/frame | 87.8 fps | 103.6 Mtris/s
[19:23:06.029] [poc5-stress] 87.8 fps | frame 11.39 ms | drain 6.43 ms
[19:23:06.032] [stress] 512 tori | 1179648 tris/frame | 87.8 fps | 103.6 Mtris/s
[19:23:07.030] [poc5-stress] 87.8 fps | frame 11.39 ms | drain 6.43 ms
[19:23:07.032] [stress] 512 tori | 1179648 tris/frame | 87.8 fps | 103.6 Mtris/s
[19:23:08.032] [poc5-stress] 87.8 fps | frame 11.39 ms | drain 6.43 ms
[19:23:08.035] [stress] 512 tori | 1179648 tris/frame | 87.8 fps | 103.6 Mtris/s
[19:23:09.034] [poc5-stress] 87.8 fps | frame 11.38 ms | drain 6.42 ms
[19:23:09.036] [stress] 512 tori | 1179648 tris/frame | 87.8 fps | 103.6 Mtris/s
[19:23:10.035] [poc5-stress] 87.9 fps | frame 11.38 ms | drain 6.42 ms
[19:23:10.037] [stress] 512 tori | 1179648 tris/frame | 87.9 fps | 103.7 Mtris/s
[19:23:11.036] [poc5-stress] 87.9 fps | frame 11.37 ms | drain 6.41 ms
[19:23:11.038] [stress] 512 tori | 1179648 tris/frame | 87.9 fps | 103.7 Mtris/s
[19:23:12.037] [poc5-stress] 87.9 fps | frame 11.37 ms | drain 6.41 ms
[19:23:12.039] [stress] 512 tori | 1179648 tris/frame | 87.9 fps | 103.7 Mtris/s
[19:23:13.037] [poc5-stress] 88.0 fps | frame 11.37 ms | drain 6.41 ms
[19:23:13.039] [stress] 512 tori | 1179648 tris/frame | 88.0 fps | 103.8 Mtris/s
[19:23:14.049] [poc5-stress] 88.0 fps | frame 11.36 ms | drain 6.40 ms
[19:23:14.051] [stress] 512 tori | 1179648 tris/frame | 88.0 fps | 103.8 Mtris/s
[19:23:15.059] [poc5-stress] 88.0 fps | frame 11.36 ms | drain 6.40 ms
[19:23:15.062] [stress] 512 tori | 1179648 tris/frame | 88.0 fps | 103.9 Mtris/s
[19:23:16.070] [poc5-stress] 88.2 fps | frame 11.34 ms | drain 6.39 ms
[19:23:16.079] [stress] 512 tori | 1179648 tris/frame | 88.2 fps | 104.0 Mtris/s
[19:23:17.078] [poc5-stress] 88.1 fps | frame 11.34 ms | drain 6.38 ms
[19:23:17.080] [stress] 512 tori | 1179648 tris/frame | 88.1 fps | 104.0 Mtris/s
[19:23:18.089] [poc5-stress] 88.2 fps | frame 11.33 ms | drain 6.38 ms
[19:23:18.091] [stress] 512 tori | 1179648 tris/frame | 88.2 fps | 104.1 Mtris/s
[19:23:19.095] [poc5-stress] 88.2 fps | frame 11.34 ms | drain 6.38 ms
[19:23:19.098] [stress] 512 tori | 1179648 tris/frame | 88.2 fps | 104.1 Mtris/s
[19:23:20.103] [poc5-stress] 88.3 fps | frame 11.33 ms | drain 6.37 ms
[19:23:20.105] [stress] 512 tori | 1179648 tris/frame | 88.3 fps | 104.1 Mtris/s
[19:23:21.111] [poc5-stress] 88.3 fps | frame 11.32 ms | drain 6.36 ms
[19:23:21.113] [stress] 512 tori | 1179648 tris/frame | 88.3 fps | 104.2 Mtris/s
[19:23:22.118] [poc5-stress] 88.4 fps | frame 11.32 ms | drain 6.36 ms
[19:23:22.120] [stress] 512 tori | 1179648 tris/frame | 88.4 fps | 104.2 Mtris/s
[19:23:23.126] [poc5-stress] 88.4 fps | frame 11.32 ms | drain 6.36 ms
[19:23:23.128] [stress] 512 tori | 1179648 tris/frame | 88.4 fps | 104.2 Mtris/s
[19:23:24.131] [poc5-stress] 88.5 fps | frame 11.30 ms | drain 6.35 ms
[19:23:24.134] [stress] 512 tori | 1179648 tris/frame | 88.5 fps | 104.4 Mtris/s
[19:23:25.138] [poc5-stress] 88.4 fps | frame 11.31 ms | drain 6.35 ms
[19:23:25.141] [stress] 512 tori | 1179648 tris/frame | 88.4 fps | 104.3 Mtris/s
[19:23:26.144] [poc5-stress] 88.5 fps | frame 11.31 ms | drain 6.34 ms
[19:23:26.146] [stress] 512 tori | 1179648 tris/frame | 88.5 fps | 104.3 Mtris/s
[19:23:27.150] [poc5-stress] 88.5 fps | frame 11.30 ms | drain 6.34 ms
[19:23:27.152] [stress] 512 tori | 1179648 tris/frame | 88.5 fps | 104.4 Mtris/s
[19:23:28.156] [poc5-stress] 88.4 fps | frame 11.31 ms | drain 6.34 ms
[19:23:28.159] [stress] 512 tori | 1179648 tris/frame | 88.4 fps | 104.3 Mtris/s
[19:23:29.162] [poc5-stress] 88.5 fps | frame 11.30 ms | drain 6.34 ms
[19:23:29.164] [stress] 512 tori | 1179648 tris/frame | 88.5 fps | 104.4 Mtris/s
[19:23:30.167] [poc5-stress] 88.5 fps | frame 11.30 ms | drain 6.34 ms
[19:23:30.169] [stress] 512 tori | 1179648 tris/frame | 88.5 fps | 104.4 Mtris/s
[19:23:31.172] [poc5-stress] 88.6 fps | frame 11.29 ms | drain 6.34 ms
[19:23:31.174] [stress] 512 tori | 1179648 tris/frame | 88.6 fps | 104.5 Mtris/s
[19:23:32.178] [poc5-stress] 88.5 fps | frame 11.29 ms | drain 6.34 ms
[19:23:32.180] [stress] 512 tori | 1179648 tris/frame | 88.5 fps | 104.4 Mtris/s
[19:23:33.183] [poc5-stress] 88.5 fps | frame 11.30 ms | drain 6.34 ms
[19:23:33.185] [stress] 512 tori | 1179648 tris/frame | 88.5 fps | 104.4 Mtris/s
[19:23:34.188] [poc5-stress] 88.6 fps | frame 11.29 ms | drain 6.34 ms
[19:23:34.190] [stress] 512 tori | 1179648 tris/frame | 88.6 fps | 104.5 Mtris/s
[19:23:35.193] [poc5-stress] 88.6 fps | frame 11.29 ms | drain 6.33 ms
[19:23:35.196] [stress] 512 tori | 1179648 tris/frame | 88.6 fps | 104.5 Mtris/s
[19:23:36.198] [poc5-stress] 88.5 fps | frame 11.30 ms | drain 6.34 ms
[19:23:36.201] [stress] 512 tori | 1179648 tris/frame | 88.5 fps | 104.4 Mtris/s
[19:23:37.204] [poc5-stress] 88.5 fps | frame 11.30 ms | drain 6.34 ms
[19:23:37.207] [stress] 512 tori | 1179648 tris/frame | 88.5 fps | 104.4 Mtris/s
[19:23:38.210] [poc5-stress] 88.5 fps | frame 11.30 ms | drain 6.34 ms
[19:23:38.212] [stress] 512 tori | 1179648 tris/frame | 88.5 fps | 104.4 Mtris/s
[19:23:39.215] [poc5-stress] 88.5 fps | frame 11.30 ms | drain 6.34 ms
[19:23:39.218] [stress] 512 tori | 1179648 tris/frame | 88.5 fps | 104.4 Mtris/s
[19:23:40.221] [poc5-stress] 88.5 fps | frame 11.30 ms | drain 6.35 ms
[19:23:40.223] [stress] 512 tori | 1179648 tris/frame | 88.5 fps | 104.4 Mtris/s
[19:23:41.230] [poc5-stress] 88.5 fps | frame 11.30 ms | drain 6.35 ms
[19:23:41.232] [stress] 512 tori | 1179648 tris/frame | 88.5 fps | 104.4 Mtris/s
[19:23:42.234] [poc5-stress] 88.4 fps | frame 11.31 ms | drain 6.35 ms
[19:23:42.236] [stress] 512 tori | 1179648 tris/frame | 88.4 fps | 104.3 Mtris/s
[19:23:43.242] [poc5-stress] 88.4 fps | frame 11.31 ms | drain 6.36 ms
[19:23:43.244] [stress] 512 tori | 1179648 tris/frame | 88.4 fps | 104.3 Mtris/s
[19:23:44.248] [poc5-stress] 88.4 fps | frame 11.31 ms | drain 6.36 ms
[19:23:44.250] [stress] 512 tori | 1179648 tris/frame | 88.4 fps | 104.3 Mtris/s
[19:23:45.256] [poc5-stress] 88.3 fps | frame 11.33 ms | drain 6.37 ms
[19:23:45.257] [stress] 512 tori | 1179648 tris/frame | 88.3 fps | 104.2 Mtris/s
[19:23:46.264] [poc5-stress] 88.3 fps | frame 11.32 ms | drain 6.37 ms
[19:23:46.266] [stress] 512 tori | 1179648 tris/frame | 88.3 fps | 104.2 Mtris/s
[19:23:47.272] [poc5-stress] 88.2 fps | frame 11.33 ms | drain 6.38 ms
[19:23:47.274] [stress] 512 tori | 1179648 tris/frame | 88.2 fps | 104.1 Mtris/s
[19:23:48.282] [poc5-stress] 88.2 fps | frame 11.34 ms | drain 6.38 ms
[19:23:48.283] [stress] 512 tori | 1179648 tris/frame | 88.2 fps | 104.0 Mtris/s
[19:23:49.291] [poc5-stress] 88.1 fps | frame 11.35 ms | drain 6.39 ms
[19:23:49.294] [stress] 512 tori | 1179648 tris/frame | 88.1 fps | 104.0 Mtris/s
[19:23:50.301] [poc5-stress] 88.1 fps | frame 11.35 ms | drain 6.39 ms
[19:23:50.304] [stress] 512 tori | 1179648 tris/frame | 88.1 fps | 104.0 Mtris/s
[19:23:51.313] [poc5-stress] 88.0 fps | frame 11.36 ms | drain 6.40 ms
[19:23:51.315] [stress] 512 tori | 1179648 tris/frame | 88.0 fps | 103.8 Mtris/s
[19:23:52.324] [poc5-stress] 88.0 fps | frame 11.36 ms | drain 6.40 ms
[19:23:52.326] [stress] 512 tori | 1179648 tris/frame | 88.0 fps | 103.8 Mtris/s
[19:23:53.334] [poc5-stress] 88.0 fps | frame 11.36 ms | drain 6.41 ms
[19:23:53.336] [stress] 512 tori | 1179648 tris/frame | 88.0 fps | 103.8 Mtris/s
[19:23:54.337] [poc5-stress] 88.0 fps | frame 11.37 ms | drain 6.41 ms
[19:23:54.339] [stress] 512 tori | 1179648 tris/frame | 88.0 fps | 103.8 Mtris/s
[19:23:55.336] [poc5-stress] 87.9 fps | frame 11.37 ms | drain 6.42 ms
[19:23:55.338] [stress] 512 tori | 1179648 tris/frame | 87.9 fps | 103.7 Mtris/s
[19:23:56.338] [poc5-stress] 87.9 fps | frame 11.38 ms | drain 6.42 ms
[19:23:56.339] [stress] 512 tori | 1179648 tris/frame | 87.9 fps | 103.7 Mtris/s
[19:23:57.339] [poc5-stress] 87.9 fps | frame 11.38 ms | drain 6.42 ms
[19:23:57.341] [stress] 512 tori | 1179648 tris/frame | 87.9 fps | 103.6 Mtris/s
[19:23:58.341] [poc5-stress] 87.8 fps | frame 11.38 ms | drain 6.43 ms
[19:23:58.343] [stress] 512 tori | 1179648 tris/frame | 87.8 fps | 103.6 Mtris/s
[19:23:59.343] [poc5-stress] 87.8 fps | frame 11.39 ms | drain 6.43 ms
[19:23:59.344] [stress] 512 tori | 1179648 tris/frame | 87.8 fps | 103.6 Mtris/s
[19:24:00.344] [poc5-stress] 87.8 fps | frame 11.39 ms | drain 6.43 ms
[19:24:00.347] [stress] 512 tori | 1179648 tris/frame | 87.8 fps | 103.6 Mtris/s
[19:24:01.347] [poc5-stress] 87.8 fps | frame 11.39 ms | drain 6.44 ms
[19:24:01.349] [stress] 512 tori | 1179648 tris/frame | 87.8 fps | 103.6 Mtris/s
[19:24:02.349] [poc5-stress] 87.8 fps | frame 11.39 ms | drain 6.43 ms
[19:24:02.354] [stress] 512 tori | 1179648 tris/frame | 87.8 fps | 103.6 Mtris/s
[19:24:03.355] [poc5-stress] 87.8 fps | frame 11.39 ms | drain 6.44 ms
[19:24:03.357] [stress] 512 tori | 1179648 tris/frame | 87.8 fps | 103.5 Mtris/s
[19:24:04.354] [poc5-stress] 87.8 fps | frame 11.39 ms | drain 6.44 ms
[19:24:04.356] [stress] 512 tori | 1179648 tris/frame | 87.8 fps | 103.5 Mtris/s
[19:24:05.357] [poc5-stress] 87.7 fps | frame 11.40 ms | drain 6.44 ms
[19:24:05.360] [stress] 512 tori | 1179648 tris/frame | 87.7 fps | 103.5 Mtris/s
[19:24:06.362] [poc5-stress] 87.8 fps | frame 11.39 ms | drain 6.44 ms
[19:24:06.364] [stress] 512 tori | 1179648 tris/frame | 87.8 fps | 103.5 Mtris/s
[19:24:07.363] [poc5-stress] 87.8 fps | frame 11.39 ms | drain 6.43 ms
[19:24:07.365] [stress] 512 tori | 1179648 tris/frame | 87.8 fps | 103.5 Mtris/s
[19:24:08.366] [poc5-stress] 87.8 fps | frame 11.39 ms | drain 6.43 ms
[19:24:08.368] [stress] 512 tori | 1179648 tris/frame | 87.8 fps | 103.5 Mtris/s
[19:24:09.367] [poc5-stress] 87.8 fps | frame 11.39 ms | drain 6.43 ms
[19:24:09.369] [stress] 512 tori | 1179648 tris/frame | 87.8 fps | 103.6 Mtris/s
[19:24:10.370] [poc5-stress] 87.8 fps | frame 11.39 ms | drain 6.43 ms
[19:24:10.372] [stress] 512 tori | 1179648 tris/frame | 87.8 fps | 103.6 Mtris/s
[19:24:11.372] [poc5-stress] 87.8 fps | frame 11.38 ms | drain 6.43 ms
[19:24:11.374] [stress] 512 tori | 1179648 tris/frame | 87.8 fps | 103.6 Mtris/s
[19:24:12.373] [poc5-stress] 87.8 fps | frame 11.38 ms | drain 6.42 ms
[19:24:12.376] [stress] 512 tori | 1179648 tris/frame | 87.8 fps | 103.6 Mtris/s
[19:24:13.374] [poc5-stress] 87.9 fps | frame 11.38 ms | drain 6.42 ms
[19:24:13.377] [stress] 512 tori | 1179648 tris/frame | 87.9 fps | 103.7 Mtris/s
[19:24:14.376] [poc5-stress] 87.9 fps | frame 11.38 ms | drain 6.41 ms
[19:24:14.378] [stress] 512 tori | 1179648 tris/frame | 87.9 fps | 103.7 Mtris/s
[19:24:15.376] [poc5-stress] 88.0 fps | frame 11.37 ms | drain 6.41 ms
[19:24:15.378] [stress] 512 tori | 1179648 tris/frame | 88.0 fps | 103.8 Mtris/s
[19:24:16.376] [poc5-stress] 88.0 fps | frame 11.37 ms | drain 6.41 ms
[19:24:16.379] [stress] 512 tori | 1179648 tris/frame | 88.0 fps | 103.8 Mtris/s
[19:24:17.387] [poc5-stress] 88.0 fps | frame 11.36 ms | drain 6.40 ms
[19:24:17.390] [stress] 512 tori | 1179648 tris/frame | 88.0 fps | 103.8 Mtris/s
[19:24:18.397] [poc5-stress] 88.1 fps | frame 11.35 ms | drain 6.39 ms
[19:24:18.399] [stress] 512 tori | 1179648 tris/frame | 88.1 fps | 104.0 Mtris/s
[19:24:19.406] [poc5-stress] 88.2 fps | frame 11.34 ms | drain 6.39 ms
[19:24:19.408] [stress] 512 tori | 1179648 tris/frame | 88.2 fps | 104.0 Mtris/s
[19:24:20.416] [poc5-stress] 88.2 fps | frame 11.33 ms | drain 6.38 ms
[19:24:20.418] [stress] 512 tori | 1179648 tris/frame | 88.2 fps | 104.1 Mtris/s
[19:24:21.424] [poc5-stress] 88.2 fps | frame 11.34 ms | drain 6.38 ms
[19:24:21.426] [stress] 512 tori | 1179648 tris/frame | 88.2 fps | 104.1 Mtris/s
[19:24:22.470] [poc5-stress] 88.3 fps | frame 11.33 ms | drain 6.37 ms
[19:24:22.473] [stress] 512 tori | 1179648 tris/frame | 88.3 fps | 104.1 Mtris/s
[19:24:23.440] [poc5-stress] 88.3 fps | frame 11.32 ms | drain 6.37 ms
[19:24:23.442] [stress] 512 tori | 1179648 tris/frame | 88.3 fps | 104.2 Mtris/s
[19:24:24.449] [poc5-stress] 88.3 fps | frame 11.32 ms | drain 6.36 ms
[19:24:24.450] [stress] 512 tori | 1179648 tris/frame | 88.3 fps | 104.2 Mtris/s
[19:24:25.455] [poc5-stress] 88.4 fps | frame 11.32 ms | drain 6.36 ms
[19:24:25.457] [stress] 512 tori | 1179648 tris/frame | 88.4 fps | 104.2 Mtris/s
[19:24:26.461] [poc5-stress] 88.4 fps | frame 11.31 ms | drain 6.35 ms
[19:24:26.464] [stress] 512 tori | 1179648 tris/frame | 88.4 fps | 104.3 Mtris/s
[19:24:27.467] [poc5-stress] 88.5 fps | frame 11.30 ms | drain 6.35 ms
[19:24:27.469] [stress] 512 tori | 1179648 tris/frame | 88.5 fps | 104.4 Mtris/s
[19:24:28.473] [poc5-stress] 88.5 fps | frame 11.30 ms | drain 6.35 ms
[19:24:28.476] [stress] 512 tori | 1179648 tris/frame | 88.5 fps | 104.4 Mtris/s
[19:24:29.479] [poc5-stress] 88.5 fps | frame 11.30 ms | drain 6.34 ms
[19:24:29.483] [stress] 512 tori | 1179648 tris/frame | 88.5 fps | 104.4 Mtris/s
[19:24:30.485] [poc5-stress] 88.5 fps | frame 11.31 ms | drain 6.34 ms
[19:24:30.488] [stress] 512 tori | 1179648 tris/frame | 88.5 fps | 104.3 Mtris/s
[19:24:31.491] [poc5-stress] 88.5 fps | frame 11.31 ms | drain 6.34 ms
[19:24:31.494] [stress] 512 tori | 1179648 tris/frame | 88.5 fps | 104.3 Mtris/s
[19:24:32.496] [poc5-stress] 88.5 fps | frame 11.30 ms | drain 6.34 ms
[19:24:32.500] [stress] 512 tori | 1179648 tris/frame | 88.5 fps | 104.4 Mtris/s
[19:24:33.503] [poc5-stress] 88.5 fps | frame 11.30 ms | drain 6.34 ms
[19:24:33.506] [stress] 512 tori | 1179648 tris/frame | 88.5 fps | 104.4 Mtris/s
[19:24:34.509] [poc5-stress] 88.5 fps | frame 11.30 ms | drain 6.34 ms
[19:24:34.512] [stress] 512 tori | 1179648 tris/frame | 88.5 fps | 104.4 Mtris/s
[19:24:35.514] [poc5-stress] 88.6 fps | frame 11.29 ms | drain 6.34 ms
[19:24:35.516] [stress] 512 tori | 1179648 tris/frame | 88.6 fps | 104.5 Mtris/s
[19:24:36.519] [poc5-stress] 88.5 fps | frame 11.30 ms | drain 6.34 ms
[19:24:36.521] [stress] 512 tori | 1179648 tris/frame | 88.5 fps | 104.4 Mtris/s
[19:24:37.524] [poc5-stress] 88.5 fps | frame 11.29 ms | drain 6.34 ms
[19:24:37.526] [stress] 512 tori | 1179648 tris/frame | 88.5 fps | 104.4 Mtris/s
[19:24:38.528] [poc5-stress] 88.6 fps | frame 11.29 ms | drain 6.34 ms
[19:24:38.530] [stress] 512 tori | 1179648 tris/frame | 88.6 fps | 104.5 Mtris/s
[19:24:39.534] [poc5-stress] 88.5 fps | frame 11.29 ms | drain 6.34 ms
[19:24:39.536] [stress] 512 tori | 1179648 tris/frame | 88.5 fps | 104.5 Mtris/s
[19:24:40.539] [poc5-stress] 88.5 fps | frame 11.30 ms | drain 6.34 ms
[19:24:40.542] [stress] 512 tori | 1179648 tris/frame | 88.5 fps | 104.4 Mtris/s
[19:24:41.549] [poc5-stress] 88.5 fps | frame 11.30 ms | drain 6.34 ms
[19:24:41.551] [stress] 512 tori | 1179648 tris/frame | 88.5 fps | 104.4 Mtris/s
[19:24:42.551] [poc5-stress] 88.5 fps | frame 11.30 ms | drain 6.34 ms
[19:24:42.554] [stress] 512 tori | 1179648 tris/frame | 88.5 fps | 104.4 Mtris/s
[19:24:43.557] [poc5-stress] 88.5 fps | frame 11.30 ms | drain 6.34 ms
[19:24:43.559] [stress] 512 tori | 1179648 tris/frame | 88.5 fps | 104.4 Mtris/s
[19:24:44.563] [poc5-stress] 88.5 fps | frame 11.30 ms | drain 6.35 ms
[19:24:44.565] [stress] 512 tori | 1179648 tris/frame | 88.5 fps | 104.4 Mtris/s
[19:24:45.570] [poc5-stress] 88.4 fps | frame 11.31 ms | drain 6.35 ms
[19:24:45.572] [stress] 512 tori | 1179648 tris/frame | 88.4 fps | 104.3 Mtris/s
[19:24:46.577] [poc5-stress] 88.4 fps | frame 11.32 ms | drain 6.36 ms
[19:24:46.580] [stress] 512 tori | 1179648 tris/frame | 88.4 fps | 104.2 Mtris/s
[19:24:47.585] [poc5-stress] 88.3 fps | frame 11.32 ms | drain 6.36 ms
[19:24:47.587] [stress] 512 tori | 1179648 tris/frame | 88.3 fps | 104.2 Mtris/s
[19:24:48.592] [poc5-stress] 88.3 fps | frame 11.32 ms | drain 6.36 ms
[19:24:48.595] [stress] 512 tori | 1179648 tris/frame | 88.3 fps | 104.2 Mtris/s
[19:24:49.601] [poc5-stress] 88.2 fps | frame 11.33 ms | drain 6.37 ms
[19:24:49.603] [stress] 512 tori | 1179648 tris/frame | 88.2 fps | 104.1 Mtris/s
[19:24:50.610] [poc5-stress] 88.2 fps | frame 11.33 ms | drain 6.38 ms
[19:24:50.612] [stress] 512 tori | 1179648 tris/frame | 88.2 fps | 104.1 Mtris/s
[19:24:51.618] [poc5-stress] 88.2 fps | frame 11.34 ms | drain 6.38 ms
[19:24:51.621] [stress] 512 tori | 1179648 tris/frame | 88.2 fps | 104.0 Mtris/s
[19:24:52.629] [poc5-stress] 88.1 fps | frame 11.35 ms | drain 6.39 ms
[19:24:52.631] [stress] 512 tori | 1179648 tris/frame | 88.1 fps | 104.0 Mtris/s
[19:24:53.640] [poc5-stress] 88.0 fps | frame 11.36 ms | drain 6.40 ms
[19:24:53.642] [stress] 512 tori | 1179648 tris/frame | 88.0 fps | 103.8 Mtris/s
[19:24:54.651] [poc5-stress] 88.0 fps | frame 11.36 ms | drain 6.40 ms
[19:24:54.655] [stress] 512 tori | 1179648 tris/frame | 88.0 fps | 103.8 Mtris/s
[19:24:55.652] [poc5-stress] 88.0 fps | frame 11.36 ms | drain 6.41 ms
[19:24:55.655] [stress] 512 tori | 1179648 tris/frame | 88.0 fps | 103.8 Mtris/s
[19:24:56.652] [poc5-stress] 88.0 fps | frame 11.37 ms | drain 6.41 ms
[19:24:56.654] [stress] 512 tori | 1179648 tris/frame | 88.0 fps | 103.8 Mtris/s
[19:24:57.652] [poc5-stress] 87.9 fps | frame 11.37 ms | drain 6.41 ms
[19:24:57.655] [stress] 512 tori | 1179648 tris/frame | 87.9 fps | 103.7 Mtris/s
[19:24:58.654] [poc5-stress] 87.9 fps | frame 11.38 ms | drain 6.42 ms
[19:24:58.656] [stress] 512 tori | 1179648 tris/frame | 87.9 fps | 103.7 Mtris/s
[19:24:59.655] [poc5-stress] 87.9 fps | frame 11.38 ms | drain 6.42 ms
[19:24:59.657] [stress] 512 tori | 1179648 tris/frame | 87.9 fps | 103.7 Mtris/s
[19:25:00.658] [poc5-stress] 87.8 fps | frame 11.39 ms | drain 6.43 ms
[19:25:00.660] [stress] 512 tori | 1179648 tris/frame | 87.8 fps | 103.6 Mtris/s
[19:25:01.659] [poc5-stress] 87.8 fps | frame 11.39 ms | drain 6.43 ms
[19:25:01.662] [stress] 512 tori | 1179648 tris/frame | 87.8 fps | 103.5 Mtris/s
[19:30:06.388] [               main.cpp]                          main@L0056: Hello!
[19:30:06.395] [               main.cpp]                          main@L0087: We need the kernel exploit to load the payload
[19:30:06.397] [          gx2sploit.cpp]               DoKernelExploit@L0205: Running GX2Sploit
[19:30:06.457] [          gx2sploit.cpp]               DoKernelExploit@L0272: GX2Sploit done
[19:30:06.460] [             ElfUtils.c]                 LoadFileToMem@L0027: Loading file /vol/external01/wiiu/payload.elf.
[19:30:06.471] [             ElfUtils.c]                   InstallMain@L0104: Copy section to 00FD0000 from 1062BDD8 (size: 118200)
[19:30:06.473] [               main.cpp]                          main@L0095: New entrypoint at 00FD1C4C
[19:31:02.638] [poc6-engine] starting
[19:31:03.101] [shader] CafeGLSL compiler loaded
[19:31:03.123] [shader] compiled ok (vs 568 bytes, ps 8 bytes, 2 attribs)
[19:31:03.143] [shader] compiled ok (vs 688 bytes, ps 8 bytes, 2 attribs)
[19:31:03.145] [engine] display list recorded: 64032 bytes for 512 draws
[19:31:04.161] [poc6-engine] 158.1 fps | frame 6.33 ms | drain 6.17 ms
[19:31:04.163] [engine] A:512-draws | 158.1 fps | submit 0.20 ms | 186.5 Mtris/s
[19:31:05.160] [poc6-engine] 156.9 fps | frame 6.37 ms | drain 6.17 ms
[19:31:05.162] [engine] A:512-draws | 156.9 fps | submit 0.20 ms | 185.1 Mtris/s
[19:31:06.161] [poc6-engine] 156.9 fps | frame 6.37 ms | drain 6.17 ms
[19:31:06.162] [engine] A:512-draws | 156.9 fps | submit 0.20 ms | 185.1 Mtris/s
[19:31:07.161] [poc6-engine] 157.0 fps | frame 6.37 ms | drain 6.17 ms
[19:31:07.163] [engine] A:512-draws | 157.0 fps | submit 0.20 ms | 185.2 Mtris/s
[19:31:08.162] [poc6-engine] 156.9 fps | frame 6.37 ms | drain 6.17 ms
[19:31:08.164] [engine] A:512-draws | 156.9 fps | submit 0.20 ms | 185.1 Mtris/s
[19:31:09.161] [poc6-engine] 157.0 fps | frame 6.37 ms | drain 6.16 ms
[19:31:09.163] [engine] A:512-draws | 157.0 fps | submit 0.20 ms | 185.2 Mtris/s
[19:31:10.162] [poc6-engine] 156.9 fps | frame 6.37 ms | drain 6.17 ms
[19:31:10.164] [engine] A:512-draws | 156.9 fps | submit 0.20 ms | 185.1 Mtris/s
[19:31:11.149] [engine] ---- switching to mode B:display-list ----
[19:35:51.537] [               main.cpp]                          main@L0056: Hello!
[19:35:51.631] [               main.cpp]                          main@L0087: We need the kernel exploit to load the payload
[19:35:51.634] [          gx2sploit.cpp]               DoKernelExploit@L0205: Running GX2Sploit
[19:35:51.636] [          gx2sploit.cpp]               DoKernelExploit@L0272: GX2Sploit done
[19:35:51.638] [             ElfUtils.c]                 LoadFileToMem@L0027: Loading file /vol/external01/wiiu/payload.elf.
[19:35:51.639] [             ElfUtils.c]                   InstallMain@L0104: Copy section to 00FD0000 from 1062BDD8 (size: 118200)
[19:35:51.642] [               main.cpp]                          main@L0095: New entrypoint at 00FD1C4C
[19:36:21.602] [poc6-engine] starting
[19:36:22.065] [shader] CafeGLSL compiler loaded
[19:36:22.087] [shader] compiled ok (vs 568 bytes, ps 8 bytes, 2 attribs)
[19:36:22.108] [shader] compiled ok (vs 688 bytes, ps 8 bytes, 2 attribs)
[19:36:22.111] [engine] display list recorded: 63488 bytes for 512 draws
[19:36:23.124] [poc6-engine] 158.1 fps | frame 6.33 ms | drain 6.17 ms
[19:36:23.126] [engine] A:512-draws | 158.1 fps | submit 0.20 ms | 186.5 Mtris/s
[19:36:24.124] [poc6-engine] 157.0 fps | frame 6.37 ms | drain 6.17 ms
[19:36:24.126] [engine] A:512-draws | 157.0 fps | submit 0.20 ms | 185.2 Mtris/s
[19:36:25.124] [poc6-engine] 156.9 fps | frame 6.37 ms | drain 6.17 ms
[19:36:25.127] [engine] A:512-draws | 156.9 fps | submit 0.20 ms | 185.1 Mtris/s
[19:36:26.124] [poc6-engine] 157.0 fps | frame 6.37 ms | drain 6.17 ms
[19:36:26.126] [engine] A:512-draws | 157.0 fps | submit 0.20 ms | 185.2 Mtris/s
[19:36:27.131] [poc6-engine] 157.0 fps | frame 6.37 ms | drain 6.16 ms
[19:36:27.133] [engine] A:512-draws | 157.0 fps | submit 0.19 ms | 185.2 Mtris/s
[19:36:28.137] [poc6-engine] 157.0 fps | frame 6.37 ms | drain 6.16 ms
[19:36:28.138] [engine] A:512-draws | 157.0 fps | submit 0.19 ms | 185.2 Mtris/s
[19:36:29.137] [poc6-engine] 157.0 fps | frame 6.37 ms | drain 6.17 ms
[19:36:29.139] [engine] A:512-draws | 157.0 fps | submit 0.20 ms | 185.2 Mtris/s
[19:36:30.112] [engine] ---- switching to mode B:display-list ----
[19:36:31.112] [poc6-engine] 78.0 fps | frame 12.83 ms | drain 12.62 ms
[19:36:31.114] [engine] B:display-list | 78.0 fps | submit 0.19 ms | 92.0 Mtris/s
[19:36:31.269] WHBGfxBeginRender wait for swap timed out
[19:36:32.306] [poc6-engine] 1.7 fps | frame 596.59 ms | drain 517.57 ms
[19:36:32.309] [engine] B:display-list | 1.7 fps | submit 0.11 ms | 2.0 Mtris/s
[19:36:32.471] WHBGfxBeginRender wait for swap timed out
[19:36:33.507] [poc6-engine] 1.7 fps | frame 600.54 ms | drain 517.51 ms
[19:36:33.509] [engine] B:display-list | 1.7 fps | submit 0.11 ms | 2.0 Mtris/s
[19:36:33.672] WHBGfxBeginRender wait for swap timed out
[19:36:34.708] [poc6-engine] 1.7 fps | frame 600.50 ms | drain 517.41 ms
[19:36:34.710] [engine] B:display-list | 1.7 fps | submit 0.10 ms | 2.0 Mtris/s
[19:36:34.874] WHBGfxBeginRender wait for swap timed out
[19:36:35.909] [poc6-engine] 1.7 fps | frame 600.54 ms | drain 517.35 ms
[19:36:35.911] [engine] B:display-list | 1.7 fps | submit 0.11 ms | 2.0 Mtris/s
[19:36:36.075] WHBGfxBeginRender wait for swap timed out
[19:36:37.110] [poc6-engine] 1.7 fps | frame 600.64 ms | drain 517.35 ms
[19:36:37.112] [engine] B:display-list | 1.7 fps | submit 0.11 ms | 2.0 Mtris/s
[19:36:37.276] WHBGfxBeginRender wait for swap timed out
[19:36:38.312] [poc6-engine] 1.7 fps | frame 600.75 ms | drain 517.54 ms
[19:36:38.314] [engine] B:display-list | 1.7 fps | submit 0.11 ms | 2.0 Mtris/s
[19:36:38.315] [engine] ---- switching to mode C:instanced ----
[19:36:38.477] WHBGfxBeginRender wait for swap timed out
[19:36:39.315] [poc6-engine] 128.6 fps | frame 7.78 ms | drain 6.38 ms
[19:36:39.317] [engine] C:instanced | 128.6 fps | submit 0.11 ms | 151.7 Mtris/s
[19:36:40.320] [poc6-engine] 159.3 fps | frame 6.28 ms | drain 6.16 ms
[19:36:40.322] [engine] C:instanced | 159.3 fps | submit 0.11 ms | 187.9 Mtris/s
[19:36:41.325] [poc6-engine] 159.2 fps | frame 6.28 ms | drain 6.16 ms
[19:36:41.328] [engine] C:instanced | 159.2 fps | submit 0.11 ms | 187.8 Mtris/s
[19:36:42.330] [poc6-engine] 159.2 fps | frame 6.28 ms | drain 6.16 ms
[19:36:42.332] [engine] C:instanced | 159.2 fps | submit 0.11 ms | 187.8 Mtris/s
[19:36:43.335] [poc6-engine] 159.2 fps | frame 6.28 ms | drain 6.16 ms
[19:36:43.338] [engine] C:instanced | 159.2 fps | submit 0.11 ms | 187.8 Mtris/s
[19:36:44.340] [poc6-engine] 159.2 fps | frame 6.28 ms | drain 6.16 ms
[19:36:44.342] [engine] C:instanced | 159.2 fps | submit 0.11 ms | 187.8 Mtris/s
[19:36:45.345] [poc6-engine] 159.2 fps | frame 6.28 ms | drain 6.16 ms
[19:36:45.347] [engine] C:instanced | 159.2 fps | submit 0.11 ms | 187.8 Mtris/s
[19:36:46.321] [engine] ---- switching to mode A:512-draws ----
[19:36:46.351] [poc6-engine] 159.1 fps | frame 6.29 ms | drain 6.16 ms
[19:36:46.355] [engine] A:512-draws | 159.1 fps | submit 0.11 ms | 187.6 Mtris/s
[19:36:47.350] [poc6-engine] 157.0 fps | frame 6.37 ms | drain 6.17 ms
[19:36:47.353] [engine] A:512-draws | 157.0 fps | submit 0.20 ms | 185.2 Mtris/s
[19:36:48.351] [poc6-engine] 156.9 fps | frame 6.37 ms | drain 6.17 ms
[19:36:48.354] [engine] A:512-draws | 156.9 fps | submit 0.20 ms | 185.1 Mtris/s
[19:36:49.352] [poc6-engine] 157.0 fps | frame 6.37 ms | drain 6.17 ms
[19:36:49.353] [engine] A:512-draws | 157.0 fps | submit 0.19 ms | 185.2 Mtris/s
[19:36:50.352] [poc6-engine] 157.0 fps | frame 6.37 ms | drain 6.17 ms
[19:36:50.354] [engine] A:512-draws | 157.0 fps | submit 0.19 ms | 185.2 Mtris/s
[19:36:51.353] [poc6-engine] 156.9 fps | frame 6.37 ms | drain 6.17 ms
[19:36:51.355] [engine] A:512-draws | 156.9 fps | submit 0.20 ms | 185.1 Mtris/s
[19:36:52.354] [poc6-engine] 156.8 fps | frame 6.38 ms | drain 6.17 ms
[19:36:52.355] [engine] A:512-draws | 156.8 fps | submit 0.20 ms | 185.0 Mtris/s
[19:36:53.353] [poc6-engine] 156.9 fps | frame 6.37 ms | drain 6.17 ms
[19:36:53.356] [engine] A:512-draws | 156.9 fps | submit 0.20 ms | 185.1 Mtris/s
[19:36:54.326] [engine] ---- switching to mode B:display-list ----
[19:36:55.324] [poc6-engine] 77.7 fps | frame 12.88 ms | drain 12.67 ms
[19:36:55.327] [engine] B:display-list | 77.7 fps | submit 0.19 ms | 91.6 Mtris/s
[19:36:55.478] WHBGfxBeginRender wait for swap timed out
[19:36:56.513] [poc6-engine] 1.7 fps | frame 594.39 ms | drain 517.40 ms
[19:36:56.515] [engine] B:display-list | 1.7 fps | submit 0.11 ms | 2.0 Mtris/s
[19:36:56.678] WHBGfxBeginRender wait for swap timed out
[19:36:57.714] [poc6-engine] 1.7 fps | frame 600.63 ms | drain 517.38 ms
[19:36:57.716] [engine] B:display-list | 1.7 fps | submit 0.11 ms | 2.0 Mtris/s
[19:36:57.882] WHBGfxBeginRender wait for swap timed out
[19:36:58.915] [poc6-engine] 1.7 fps | frame 600.79 ms | drain 517.62 ms
[19:36:58.918] [engine] B:display-list | 1.7 fps | submit 0.10 ms | 2.0 Mtris/s
[19:36:59.080] WHBGfxBeginRender wait for swap timed out
[19:37:00.116] [poc6-engine] 1.7 fps | frame 600.50 ms | drain 517.50 ms
[19:37:00.119] [engine] B:display-list | 1.7 fps | submit 0.11 ms | 2.0 Mtris/s
[19:37:00.282] WHBGfxBeginRender wait for swap timed out
[19:37:01.318] [poc6-engine] 1.7 fps | frame 600.57 ms | drain 517.48 ms
[19:37:01.320] [engine] B:display-list | 1.7 fps | submit 0.11 ms | 2.0 Mtris/s
[19:37:01.483] WHBGfxBeginRender wait for swap timed out
[19:37:02.519] [poc6-engine] 1.7 fps | frame 600.48 ms | drain 517.36 ms
[19:37:02.521] [engine] B:display-list | 1.7 fps | submit 0.11 ms | 2.0 Mtris/s
[19:37:02.522] [engine] ---- switching to mode C:instanced ----
[19:37:02.684] WHBGfxBeginRender wait for swap timed out
[19:37:03.523] [poc6-engine] 128.6 fps | frame 7.78 ms | drain 6.38 ms
[19:37:03.526] [engine] C:instanced | 128.6 fps | submit 0.11 ms | 151.7 Mtris/s
[19:37:04.527] [poc6-engine] 159.3 fps | frame 6.28 ms | drain 6.16 ms
[19:37:04.529] [engine] C:instanced | 159.3 fps | submit 0.11 ms | 187.9 Mtris/s
[19:37:05.532] [poc6-engine] 159.2 fps | frame 6.28 ms | drain 6.16 ms
[19:37:05.534] [engine] C:instanced | 159.2 fps | submit 0.11 ms | 187.8 Mtris/s
[19:37:06.536] [poc6-engine] 159.2 fps | frame 6.28 ms | drain 6.16 ms
[19:37:06.538] [engine] C:instanced | 159.2 fps | submit 0.11 ms | 187.8 Mtris/s
[19:37:07.541] [poc6-engine] 159.3 fps | frame 6.28 ms | drain 6.16 ms
[19:37:07.544] [engine] C:instanced | 159.3 fps | submit 0.11 ms | 187.9 Mtris/s
[19:37:08.546] [poc6-engine] 159.2 fps | frame 6.28 ms | drain 6.16 ms
[19:37:08.548] [engine] C:instanced | 159.2 fps | submit 0.11 ms | 187.8 Mtris/s
[19:37:09.552] [poc6-engine] 159.2 fps | frame 6.28 ms | drain 6.16 ms
[19:37:09.554] [engine] C:instanced | 159.2 fps | submit 0.11 ms | 187.8 Mtris/s
[19:37:10.524] [engine] ---- switching to mode A:512-draws ----
[19:37:10.556] [poc6-engine] 159.1 fps | frame 6.29 ms | drain 6.16 ms
[19:37:10.559] [engine] A:512-draws | 159.1 fps | submit 0.11 ms | 187.6 Mtris/s
[19:37:11.556] [poc6-engine] 157.0 fps | frame 6.37 ms | drain 6.17 ms
[19:37:11.559] [engine] A:512-draws | 157.0 fps | submit 0.19 ms | 185.2 Mtris/s
[19:37:12.557] [poc6-engine] 156.9 fps | frame 6.37 ms | drain 6.17 ms
[19:37:12.559] [engine] A:512-draws | 156.9 fps | submit 0.19 ms | 185.1 Mtris/s
[19:37:13.558] [poc6-engine] 156.9 fps | frame 6.37 ms | drain 6.17 ms
[19:37:13.561] [engine] A:512-draws | 156.9 fps | submit 0.20 ms | 185.1 Mtris/s
[19:37:14.558] [poc6-engine] 156.9 fps | frame 6.37 ms | drain 6.17 ms
[19:37:14.561] [engine] A:512-draws | 156.9 fps | submit 0.20 ms | 185.0 Mtris/s
[19:37:15.561] [poc6-engine] 156.9 fps | frame 6.37 ms | drain 6.17 ms
[19:37:15.564] [engine] A:512-draws | 156.9 fps | submit 0.19 ms | 185.1 Mtris/s
[19:37:16.560] [poc6-engine] 156.9 fps | frame 6.37 ms | drain 6.17 ms
[19:37:16.564] [engine] A:512-draws | 156.9 fps | submit 0.19 ms | 185.1 Mtris/s
[19:37:17.562] [poc6-engine] 156.9 fps | frame 6.37 ms | drain 6.17 ms
[19:37:17.564] [engine] A:512-draws | 156.9 fps | submit 0.20 ms | 185.1 Mtris/s
[19:37:18.530] [engine] ---- switching to mode B:display-list ----
[19:37:19.531] [poc6-engine] 77.7 fps | frame 12.88 ms | drain 12.66 ms
[19:37:19.533] [engine] B:display-list | 77.7 fps | submit 0.19 ms | 91.6 Mtris/s
[19:37:19.684] WHBGfxBeginRender wait for swap timed out
[19:37:20.721] [poc6-engine] 1.7 fps | frame 594.93 ms | drain 517.47 ms
[19:37:20.725] [engine] B:display-list | 1.7 fps | submit 0.11 ms | 2.0 Mtris/s
[19:37:20.885] WHBGfxBeginRender wait for swap timed out
[19:37:21.922] [poc6-engine] 1.7 fps | frame 600.60 ms | drain 517.45 ms
[19:37:21.923] [engine] B:display-list | 1.7 fps | submit 0.10 ms | 2.0 Mtris/s
[19:37:22.087] WHBGfxBeginRender wait for swap timed out
[19:37:23.123] [poc6-engine] 1.7 fps | frame 600.71 ms | drain 517.61 ms
[19:37:23.126] [engine] B:display-list | 1.7 fps | submit 0.11 ms | 2.0 Mtris/s
[19:37:23.288] WHBGfxBeginRender wait for swap timed out
[19:37:24.323] [poc6-engine] 1.7 fps | frame 600.38 ms | drain 517.36 ms
[19:37:24.326] [engine] B:display-list | 1.7 fps | submit 0.11 ms | 2.0 Mtris/s
[19:37:24.489] WHBGfxBeginRender wait for swap timed out
[19:37:25.526] [poc6-engine] 1.7 fps | frame 600.60 ms | drain 517.41 ms
[19:37:25.528] [engine] B:display-list | 1.7 fps | submit 0.11 ms | 2.0 Mtris/s
[19:37:25.690] WHBGfxBeginRender wait for swap timed out
[19:37:26.727] [poc6-engine] 1.7 fps | frame 600.73 ms | drain 517.51 ms
[19:37:26.729] [engine] B:display-list | 1.7 fps | submit 0.11 ms | 2.0 Mtris/s
[19:37:26.731] [engine] ---- switching to mode C:instanced ----
[19:37:26.892] WHBGfxBeginRender wait for swap timed out
[19:37:27.730] [poc6-engine] 128.5 fps | frame 7.78 ms | drain 6.38 ms
[19:37:27.732] [engine] C:instanced | 128.5 fps | submit 0.11 ms | 151.6 Mtris/s
[19:37:28.735] [poc6-engine] 159.1 fps | frame 6.28 ms | drain 6.16 ms
[19:37:28.738] [engine] C:instanced | 159.1 fps | submit 0.11 ms | 187.7 Mtris/s
[19:37:29.739] [poc6-engine] 159.3 fps | frame 6.28 ms | drain 6.16 ms
[19:37:29.742] [engine] C:instanced | 159.3 fps | submit 0.11 ms | 187.9 Mtris/s
[19:37:30.745] [poc6-engine] 159.3 fps | frame 6.28 ms | drain 6.16 ms
[19:37:30.749] [engine] C:instanced | 159.3 fps | submit 0.11 ms | 187.9 Mtris/s
[19:37:31.748] [poc6-engine] 159.3 fps | frame 6.28 ms | drain 6.16 ms
[19:37:31.751] [engine] C:instanced | 159.3 fps | submit 0.11 ms | 187.9 Mtris/s
[19:37:32.753] [poc6-engine] 159.3 fps | frame 6.28 ms | drain 6.16 ms
[19:37:32.755] [engine] C:instanced | 159.3 fps | submit 0.11 ms | 188.0 Mtris/s
[19:37:33.756] [poc6-engine] 159.3 fps | frame 6.28 ms | drain 6.16 ms
[19:37:33.760] [engine] C:instanced | 159.3 fps | submit 0.11 ms | 187.9 Mtris/s
[19:37:34.730] [engine] ---- switching to mode A:512-draws ----
[19:37:34.762] [poc6-engine] 159.1 fps | frame 6.29 ms | drain 6.16 ms
[19:37:34.767] [engine] A:512-draws | 159.1 fps | submit 0.11 ms | 187.7 Mtris/s
[19:37:35.763] [poc6-engine] 157.0 fps | frame 6.37 ms | drain 6.17 ms
[19:37:35.766] [engine] A:512-draws | 157.0 fps | submit 0.20 ms | 185.2 Mtris/s
[19:37:36.763] [poc6-engine] 156.9 fps | frame 6.37 ms | drain 6.17 ms
[19:37:36.765] [engine] A:512-draws | 156.9 fps | submit 0.19 ms | 185.1 Mtris/s
[19:37:37.766] [poc6-engine] 156.9 fps | frame 6.37 ms | drain 6.16 ms
[19:37:37.769] [engine] A:512-draws | 156.9 fps | submit 0.20 ms | 185.1 Mtris/s
[19:37:38.764] [poc6-engine] 157.0 fps | frame 6.37 ms | drain 6.17 ms
[19:37:38.766] [engine] A:512-draws | 157.0 fps | submit 0.20 ms | 185.1 Mtris/s
[19:37:39.764] [poc6-engine] 157.0 fps | frame 6.37 ms | drain 6.17 ms
[19:37:39.766] [engine] A:512-draws | 157.0 fps | submit 0.20 ms | 185.2 Mtris/s
[19:37:40.764] [poc6-engine] 157.0 fps | frame 6.37 ms | drain 6.17 ms
[19:37:40.767] [engine] A:512-draws | 157.0 fps | submit 0.20 ms | 185.2 Mtris/s
[19:37:41.765] [poc6-engine] 156.9 fps | frame 6.37 ms | drain 6.17 ms
[19:37:41.768] [engine] A:512-draws | 156.9 fps | submit 0.20 ms | 185.1 Mtris/s
[19:37:42.734] [engine] ---- switching to mode B:display-list ----
[19:37:43.735] [poc6-engine] 77.7 fps | frame 12.87 ms | drain 12.67 ms
[19:37:43.738] [engine] B:display-list | 77.7 fps | submit 0.19 ms | 91.6 Mtris/s
[19:37:43.892] WHBGfxBeginRender wait for swap timed out
[19:37:44.928] [poc6-engine] 1.7 fps | frame 596.24 ms | drain 517.35 ms
[19:37:44.930] [engine] B:display-list | 1.7 fps | submit 0.11 ms | 2.0 Mtris/s
[19:37:45.094] WHBGfxBeginRender wait for swap timed out
[19:37:46.128] [poc6-engine] 1.7 fps | frame 600.53 ms | drain 517.38 ms
[19:37:46.131] [engine] B:display-list | 1.7 fps | submit 0.11 ms | 2.0 Mtris/s
[19:37:46.294] WHBGfxBeginRender wait for swap timed out
[19:37:47.330] [poc6-engine] 1.7 fps | frame 600.85 ms | drain 517.58 ms
[19:37:47.333] [engine] B:display-list | 1.7 fps | submit 0.11 ms | 2.0 Mtris/s
[19:37:47.495] WHBGfxBeginRender wait for swap timed out
[19:37:48.531] [poc6-engine] 1.7 fps | frame 600.49 ms | drain 517.51 ms
[19:37:48.534] [engine] B:display-list | 1.7 fps | submit 0.11 ms | 2.0 Mtris/s
[19:37:48.696] WHBGfxBeginRender wait for swap timed out
[19:37:49.732] [poc6-engine] 1.7 fps | frame 600.48 ms | drain 517.38 ms
[19:37:49.734] [engine] B:display-list | 1.7 fps | submit 0.11 ms | 2.0 Mtris/s
[19:37:49.897] WHBGfxBeginRender wait for swap timed out
[19:37:50.933] [poc6-engine] 1.7 fps | frame 600.63 ms | drain 517.42 ms
[19:37:50.936] [engine] B:display-list | 1.7 fps | submit 0.11 ms | 2.0 Mtris/s
[19:37:50.938] [engine] ---- switching to mode C:instanced ----
[19:37:51.099] WHBGfxBeginRender wait for swap timed out
[19:37:51.992] [poc6-engine] 128.5 fps | frame 7.78 ms | drain 6.38 ms
[19:37:51.995] [engine] C:instanced | 128.5 fps | submit 0.11 ms | 151.6 Mtris/s
[19:37:52.942] [poc6-engine] 159.2 fps | frame 6.28 ms | drain 6.16 ms
[19:37:52.944] [engine] C:instanced | 159.2 fps | submit 0.11 ms | 187.8 Mtris/s
[19:37:53.947] [poc6-engine] 159.2 fps | frame 6.28 ms | drain 6.16 ms
[19:37:53.948] [engine] C:instanced | 159.2 fps | submit 0.11 ms | 187.8 Mtris/s
[19:37:54.952] [poc6-engine] 159.3 fps | frame 6.28 ms | drain 6.16 ms
[19:37:54.955] [engine] C:instanced | 159.3 fps | submit 0.11 ms | 187.9 Mtris/s
[19:37:55.957] [poc6-engine] 159.1 fps | frame 6.28 ms | drain 6.16 ms
[19:37:55.960] [engine] C:instanced | 159.1 fps | submit 0.11 ms | 187.7 Mtris/s
[19:37:56.962] [poc6-engine] 159.3 fps | frame 6.28 ms | drain 6.16 ms
[19:37:56.965] [engine] C:instanced | 159.3 fps | submit 0.11 ms | 187.9 Mtris/s
[19:37:57.966] [poc6-engine] 159.3 fps | frame 6.28 ms | drain 6.16 ms
[19:37:57.969] [engine] C:instanced | 159.3 fps | submit 0.11 ms | 187.9 Mtris/s
[19:37:58.939] [engine] ---- switching to mode A:512-draws ----
[19:37:58.971] [poc6-engine] 159.1 fps | frame 6.29 ms | drain 6.16 ms
[19:37:58.974] [engine] A:512-draws | 159.1 fps | submit 0.11 ms | 187.6 Mtris/s
[19:37:59.978] [poc6-engine] 157.0 fps | frame 6.37 ms | drain 6.17 ms
[19:37:59.980] [engine] A:512-draws | 157.0 fps | submit 0.20 ms | 185.2 Mtris/s
[19:38:00.979] [poc6-engine] 157.0 fps | frame 6.37 ms | drain 6.17 ms
[19:38:00.981] [engine] A:512-draws | 157.0 fps | submit 0.20 ms | 185.2 Mtris/s
[19:38:01.980] [poc6-engine] 157.0 fps | frame 6.37 ms | drain 6.17 ms
[19:38:01.982] [engine] A:512-draws | 157.0 fps | submit 0.20 ms | 185.2 Mtris/s
[19:38:02.979] [poc6-engine] 156.9 fps | frame 6.37 ms | drain 6.17 ms
[19:38:02.982] [engine] A:512-draws | 156.9 fps | submit 0.20 ms | 185.1 Mtris/s
[19:38:03.979] [poc6-engine] 156.9 fps | frame 6.37 ms | drain 6.17 ms
[19:38:03.982] [engine] A:512-draws | 156.9 fps | submit 0.19 ms | 185.1 Mtris/s
[19:38:04.981] [poc6-engine] 156.9 fps | frame 6.37 ms | drain 6.17 ms
[19:38:04.983] [engine] A:512-draws | 156.9 fps | submit 0.20 ms | 185.1 Mtris/s
[19:38:05.981] [poc6-engine] 157.0 fps | frame 6.37 ms | drain 6.16 ms
[19:38:05.990] [engine] A:512-draws | 157.0 fps | submit 0.20 ms | 185.2 Mtris/s
[19:38:06.942] [engine] ---- switching to mode B:display-list ----
[19:38:07.943] [poc6-engine] 77.4 fps | frame 12.91 ms | drain 12.71 ms
[19:38:07.946] [engine] B:display-list | 77.4 fps | submit 0.19 ms | 91.3 Mtris/s
[19:38:08.099] WHBGfxBeginRender wait for swap timed out
[19:38:09.135] [poc6-engine] 1.7 fps | frame 595.61 ms | drain 517.55 ms
[19:38:09.137] [engine] B:display-list | 1.7 fps | submit 0.11 ms | 2.0 Mtris/s
[19:38:09.300] WHBGfxBeginRender wait for swap timed out
[19:38:10.336] [poc6-engine] 1.7 fps | frame 600.72 ms | drain 517.65 ms
[19:38:10.338] [engine] B:display-list | 1.7 fps | submit 0.12 ms | 2.0 Mtris/s
[19:38:10.501] WHBGfxBeginRender wait for swap timed out
[19:38:11.536] [poc6-engine] 1.7 fps | frame 600.09 ms | drain 517.10 ms
[19:38:11.538] [engine] B:display-list | 1.7 fps | submit 0.11 ms | 2.0 Mtris/s
[19:38:11.707] WHBGfxBeginRender wait for swap timed out
[19:38:12.738] [poc6-engine] 1.7 fps | frame 600.91 ms | drain 517.43 ms
[19:38:12.740] [engine] B:display-list | 1.7 fps | submit 0.11 ms | 2.0 Mtris/s
[19:38:12.904] WHBGfxBeginRender wait for swap timed out
[19:38:13.939] [poc6-engine] 1.7 fps | frame 600.52 ms | drain 517.34 ms
[19:38:13.943] [engine] B:display-list | 1.7 fps | submit 0.11 ms | 2.0 Mtris/s
[19:38:14.105] WHBGfxBeginRender wait for swap timed out
[19:38:15.141] [poc6-engine] 1.7 fps | frame 600.77 ms | drain 517.55 ms
[19:38:15.143] [engine] B:display-list | 1.7 fps | submit 0.11 ms | 2.0 Mtris/s
[19:38:15.145] [engine] ---- switching to mode C:instanced ----
[19:38:15.305] WHBGfxBeginRender wait for swap timed out
[19:38:16.144] [poc6-engine] 128.5 fps | frame 7.78 ms | drain 6.38 ms
[19:38:16.146] [engine] C:instanced | 128.5 fps | submit 0.11 ms | 151.6 Mtris/s
[19:38:17.149] [poc6-engine] 159.2 fps | frame 6.28 ms | drain 6.16 ms
[19:38:17.152] [engine] C:instanced | 159.2 fps | submit 0.11 ms | 187.8 Mtris/s
[19:38:18.153] [poc6-engine] 159.2 fps | frame 6.28 ms | drain 6.16 ms
[19:38:18.155] [engine] C:instanced | 159.2 fps | submit 0.11 ms | 187.8 Mtris/s
[19:38:19.159] [poc6-engine] 159.2 fps | frame 6.28 ms | drain 6.16 ms
[19:38:19.161] [engine] C:instanced | 159.2 fps | submit 0.11 ms | 187.8 Mtris/s
[19:38:20.164] [poc6-engine] 159.2 fps | frame 6.28 ms | drain 6.16 ms
[19:38:20.166] [engine] C:instanced | 159.2 fps | submit 0.11 ms | 187.8 Mtris/s
[19:38:21.169] [poc6-engine] 159.3 fps | frame 6.28 ms | drain 6.16 ms
[19:38:21.171] [engine] C:instanced | 159.3 fps | submit 0.11 ms | 187.9 Mtris/s
[19:38:22.174] [poc6-engine] 159.1 fps | frame 6.28 ms | drain 6.16 ms
[19:38:22.176] [engine] C:instanced | 159.1 fps | submit 0.11 ms | 187.7 Mtris/s
[19:38:23.147] [engine] ---- switching to mode A:512-draws ----
[19:38:23.179] [poc6-engine] 159.0 fps | frame 6.29 ms | drain 6.16 ms
[19:38:23.181] [engine] A:512-draws | 159.0 fps | submit 0.11 ms | 187.6 Mtris/s
[19:38:24.180] [poc6-engine] 156.9 fps | frame 6.37 ms | drain 6.17 ms
[19:38:24.182] [engine] A:512-draws | 156.9 fps | submit 0.19 ms | 185.1 Mtris/s
[19:38:25.182] [poc6-engine] 157.0 fps | frame 6.37 ms | drain 6.17 ms
[19:38:25.185] [engine] A:512-draws | 157.0 fps | submit 0.19 ms | 185.2 Mtris/s
[19:38:26.180] [poc6-engine] 157.0 fps | frame 6.37 ms | drain 6.17 ms
[19:38:26.182] [engine] A:512-draws | 157.0 fps | submit 0.20 ms | 185.2 Mtris/s
[19:38:27.182] [poc6-engine] 157.0 fps | frame 6.37 ms | drain 6.17 ms
[19:38:27.185] [engine] A:512-draws | 157.0 fps | submit 0.20 ms | 185.2 Mtris/s
[19:38:28.181] [poc6-engine] 157.0 fps | frame 6.37 ms | drain 6.16 ms
[19:38:28.184] [engine] A:512-draws | 157.0 fps | submit 0.19 ms | 185.2 Mtris/s
[19:38:29.181] [poc6-engine] 156.9 fps | frame 6.37 ms | drain 6.17 ms
[19:38:29.184] [engine] A:512-draws | 156.9 fps | submit 0.20 ms | 185.1 Mtris/s
[19:38:30.182] [poc6-engine] 156.9 fps | frame 6.37 ms | drain 6.17 ms
[19:38:30.185] [engine] A:512-draws | 156.9 fps | submit 0.20 ms | 185.1 Mtris/s
[19:38:31.152] [engine] ---- switching to mode B:display-list ----
[19:38:32.152] [poc6-engine] 77.7 fps | frame 12.88 ms | drain 12.66 ms
[19:38:32.155] [engine] B:display-list | 77.7 fps | submit 0.19 ms | 91.6 Mtris/s
[19:38:32.306] WHBGfxBeginRender wait for swap timed out
[19:38:33.342] [poc6-engine] 1.7 fps | frame 594.51 ms | drain 517.38 ms
[19:38:33.344] [engine] B:display-list | 1.7 fps | submit 0.10 ms | 2.0 Mtris/s
[19:38:33.507] WHBGfxBeginRender wait for swap timed out
[19:38:34.543] [poc6-engine] 1.7 fps | frame 600.67 ms | drain 517.37 ms
[19:38:34.545] [engine] B:display-list | 1.7 fps | submit 0.11 ms | 2.0 Mtris/s
[19:38:34.708] WHBGfxBeginRender wait for swap timed out
[19:38:35.744] [poc6-engine] 1.7 fps | frame 600.55 ms | drain 517.36 ms
[19:38:35.746] [engine] B:display-list | 1.7 fps | submit 0.10 ms | 2.0 Mtris/s
[19:38:35.909] WHBGfxBeginRender wait for swap timed out
[19:38:36.946] [poc6-engine] 1.7 fps | frame 601.12 ms | drain 517.58 ms
[19:38:36.948] [engine] B:display-list | 1.7 fps | submit 0.11 ms | 2.0 Mtris/s
[19:38:37.111] WHBGfxBeginRender wait for swap timed out
[19:38:38.146] [poc6-engine] 1.7 fps | frame 600.15 ms | drain 517.42 ms
[19:38:38.148] [engine] B:display-list | 1.7 fps | submit 0.11 ms | 2.0 Mtris/s
[19:38:38.312] WHBGfxBeginRender wait for swap timed out
[19:38:39.348] [poc6-engine] 1.7 fps | frame 600.56 ms | drain 517.39 ms
[19:38:39.350] [engine] B:display-list | 1.7 fps | submit 0.11 ms | 2.0 Mtris/s
[19:38:39.352] [engine] ---- switching to mode C:instanced ----
[19:38:39.513] WHBGfxBeginRender wait for swap timed out
[19:49:17.047] [               main.cpp]                          main@L0056: Hello!
[19:49:17.055] [               main.cpp]                          main@L0087: We need the kernel exploit to load the payload
[19:49:17.057] [          gx2sploit.cpp]               DoKernelExploit@L0205: Running GX2Sploit
[19:49:17.124] [          gx2sploit.cpp]               DoKernelExploit@L0272: GX2Sploit done
[19:49:17.127] [             ElfUtils.c]                 LoadFileToMem@L0027: Loading file /vol/external01/wiiu/payload.elf.
[19:49:17.138] [             ElfUtils.c]                   InstallMain@L0104: Copy section to 00FD0000 from 1062BDD8 (size: 118200)
[19:49:17.143] [               main.cpp]                          main@L0095: New entrypoint at 00FD1C4C
[19:49:47.897] [poc6-engine] starting
[19:49:48.360] [shader] CafeGLSL compiler loaded
[19:49:48.383] [shader] compiled ok (vs 568 bytes, ps 8 bytes, 2 attribs)
[19:49:48.403] [shader] compiled ok (vs 688 bytes, ps 8 bytes, 2 attribs)
[19:49:48.405] [engine] display list recorded: 63488 bytes for 512 draws
[19:49:49.419] [poc6-engine] 158.1 fps | frame 6.33 ms | drain 6.17 ms
[19:49:49.421] [engine] A:512-draws | 158.1 fps | submit 0.20 ms | 186.5 Mtris/s
[19:49:50.418] [poc6-engine] 156.9 fps | frame 6.37 ms | drain 6.16 ms
[19:49:50.421] [engine] A:512-draws | 156.9 fps | submit 0.20 ms | 185.1 Mtris/s
[19:49:51.419] [poc6-engine] 156.9 fps | frame 6.37 ms | drain 6.17 ms
[19:49:51.423] [engine] A:512-draws | 156.9 fps | submit 0.20 ms | 185.1 Mtris/s
[19:49:52.419] [poc6-engine] 157.0 fps | frame 6.37 ms | drain 6.16 ms
[19:49:52.422] [engine] A:512-draws | 157.0 fps | submit 0.20 ms | 185.2 Mtris/s
[19:49:53.420] [poc6-engine] 157.0 fps | frame 6.37 ms | drain 6.16 ms
[19:49:53.422] [engine] A:512-draws | 157.0 fps | submit 0.20 ms | 185.2 Mtris/s
[19:49:54.419] [poc6-engine] 157.0 fps | frame 6.37 ms | drain 6.16 ms
[19:49:54.422] [engine] A:512-draws | 157.0 fps | submit 0.20 ms | 185.2 Mtris/s
[19:49:55.419] [poc6-engine] 157.0 fps | frame 6.37 ms | drain 6.16 ms
[19:49:55.423] [engine] A:512-draws | 157.0 fps | submit 0.20 ms | 185.2 Mtris/s
[19:49:56.407] [engine] ---- switching to mode B:display-list ----
[19:49:57.408] [poc6-engine] 78.5 fps | frame 12.75 ms | drain 12.54 ms
[19:49:57.412] [engine] B:display-list | 78.5 fps | submit 0.20 ms | 92.5 Mtris/s
[19:49:57.564] WHBGfxBeginRender wait for swap timed out
[19:49:58.600] [poc6-engine] 1.7 fps | frame 595.67 ms | drain 517.31 ms
[19:49:58.604] [engine] B:display-list | 1.7 fps | submit 0.11 ms | 2.0 Mtris/s
[19:49:58.766] WHBGfxBeginRender wait for swap timed out
[19:49:59.801] [poc6-engine] 1.7 fps | frame 600.56 ms | drain 517.30 ms
[19:49:59.804] [engine] B:display-list | 1.7 fps | submit 0.11 ms | 2.0 Mtris/s
[19:49:59.806] [engine] mode B stalls the GPU here - disabled
[19:49:59.966] WHBGfxBeginRender wait for swap timed out
[19:50:01.004] [poc6-engine] 1.7 fps | frame 600.80 ms | drain 517.48 ms
[19:50:01.020] [engine] B:display-list | 1.7 fps | submit 0.11 ms | 2.0 Mtris/s
[19:50:01.026] [engine] mode B stalls the GPU here - disabled
[19:50:01.168] WHBGfxBeginRender wait for swap timed out
[19:50:02.204] [poc6-engine] 1.7 fps | frame 600.61 ms | drain 517.51 ms
[19:50:02.208] [engine] B:display-list | 1.7 fps | submit 0.12 ms | 2.0 Mtris/s
[19:50:02.216] [engine] mode B stalls the GPU here - disabled
[19:50:02.369] WHBGfxBeginRender wait for swap timed out
[19:50:03.405] [poc6-engine] 1.7 fps | frame 600.49 ms | drain 517.41 ms
[19:50:03.410] [engine] B:display-list | 1.7 fps | submit 0.11 ms | 2.0 Mtris/s
[19:50:03.422] [engine] mode B stalls the GPU here - disabled
[19:50:03.570] WHBGfxBeginRender wait for swap timed out
[19:50:04.606] [poc6-engine] 1.7 fps | frame 600.57 ms | drain 517.35 ms
[19:50:04.611] [engine] B:display-list | 1.7 fps | submit 0.11 ms | 2.0 Mtris/s
[19:50:04.617] [engine] mode B stalls the GPU here - disabled
[19:50:04.624] [engine] ---- switching to mode C:instanced ----
[19:50:04.772] WHBGfxBeginRender wait for swap timed out
[19:50:05.609] [poc6-engine] 128.6 fps | frame 7.78 ms | drain 6.38 ms
[19:50:05.616] [engine] C:instanced | 128.6 fps | submit 0.11 ms | 151.7 Mtris/s
[19:50:06.614] [poc6-engine] 159.2 fps | frame 6.28 ms | drain 6.16 ms
[19:50:06.616] [engine] C:instanced | 159.2 fps | submit 0.11 ms | 187.8 Mtris/s
[19:50:07.619] [poc6-engine] 159.1 fps | frame 6.28 ms | drain 6.16 ms
[19:50:07.630] [engine] C:instanced | 159.1 fps | submit 0.11 ms | 187.7 Mtris/s
[19:50:08.624] [poc6-engine] 159.2 fps | frame 6.28 ms | drain 6.16 ms
[19:50:08.626] [engine] C:instanced | 159.2 fps | submit 0.11 ms | 187.8 Mtris/s
[19:50:09.628] [poc6-engine] 159.3 fps | frame 6.28 ms | drain 6.16 ms
[19:50:09.631] [engine] C:instanced | 159.3 fps | submit 0.11 ms | 187.9 Mtris/s
[19:50:10.632] [poc6-engine] 159.2 fps | frame 6.28 ms | drain 6.16 ms
[19:50:10.636] [engine] C:instanced | 159.2 fps | submit 0.11 ms | 187.8 Mtris/s
[19:50:11.639] [poc6-engine] 159.1 fps | frame 6.28 ms | drain 6.16 ms
[19:50:11.641] [engine] C:instanced | 159.1 fps | submit 0.11 ms | 187.7 Mtris/s
[19:50:12.613] [engine] ---- switching to mode A:512-draws ----
[19:50:12.646] [poc6-engine] 159.1 fps | frame 6.29 ms | drain 6.16 ms
[19:50:12.648] [engine] A:512-draws | 159.1 fps | submit 0.11 ms | 187.6 Mtris/s
[19:50:13.644] [poc6-engine] 157.0 fps | frame 6.37 ms | drain 6.17 ms
[19:50:13.648] [engine] A:512-draws | 157.0 fps | submit 0.20 ms | 185.2 Mtris/s
[19:50:14.645] [poc6-engine] 157.0 fps | frame 6.37 ms | drain 6.16 ms
[19:50:14.647] [engine] A:512-draws | 157.0 fps | submit 0.20 ms | 185.2 Mtris/s
[19:50:15.645] [poc6-engine] 157.0 fps | frame 6.37 ms | drain 6.17 ms
[19:50:15.647] [engine] A:512-draws | 157.0 fps | submit 0.20 ms | 185.2 Mtris/s
[19:50:16.645] [poc6-engine] 157.0 fps | frame 6.37 ms | drain 6.16 ms
[19:50:16.647] [engine] A:512-draws | 157.0 fps | submit 0.20 ms | 185.2 Mtris/s
[19:50:17.647] [poc6-engine] 156.9 fps | frame 6.37 ms | drain 6.17 ms
[19:50:17.649] [engine] A:512-draws | 156.9 fps | submit 0.20 ms | 185.1 Mtris/s
[19:50:18.648] [poc6-engine] 156.8 fps | frame 6.38 ms | drain 6.17 ms
[19:50:18.650] [engine] A:512-draws | 156.8 fps | submit 0.20 ms | 184.9 Mtris/s
[19:50:19.648] [poc6-engine] 156.9 fps | frame 6.38 ms | drain 6.17 ms
[19:50:19.650] [engine] A:512-draws | 156.9 fps | submit 0.20 ms | 185.0 Mtris/s
[19:50:20.617] [engine] ---- switching to mode C:instanced ----
[19:50:20.649] [poc6-engine] 156.9 fps | frame 6.37 ms | drain 6.17 ms
[19:50:20.651] [engine] C:instanced | 156.9 fps | submit 0.19 ms | 185.1 Mtris/s
[19:50:21.655] [poc6-engine] 159.2 fps | frame 6.28 ms | drain 6.16 ms
[19:50:21.659] [engine] C:instanced | 159.2 fps | submit 0.11 ms | 187.8 Mtris/s
[19:50:22.659] [poc6-engine] 159.3 fps | frame 6.28 ms | drain 6.16 ms
[19:50:22.661] [engine] C:instanced | 159.3 fps | submit 0.11 ms | 187.9 Mtris/s
[19:50:23.665] [poc6-engine] 159.3 fps | frame 6.28 ms | drain 6.16 ms
[19:50:23.667] [engine] C:instanced | 159.3 fps | submit 0.11 ms | 188.0 Mtris/s
[19:50:24.668] [poc6-engine] 159.2 fps | frame 6.28 ms | drain 6.16 ms
[19:50:24.670] [engine] C:instanced | 159.2 fps | submit 0.11 ms | 187.8 Mtris/s
[19:50:25.672] [poc6-engine] 159.2 fps | frame 6.28 ms | drain 6.16 ms
[19:50:25.674] [engine] C:instanced | 159.2 fps | submit 0.11 ms | 187.9 Mtris/s
[19:50:26.677] [poc6-engine] 159.3 fps | frame 6.28 ms | drain 6.16 ms
[19:50:26.679] [engine] C:instanced | 159.3 fps | submit 0.11 ms | 187.9 Mtris/s
[19:50:27.682] [poc6-engine] 159.2 fps | frame 6.28 ms | drain 6.16 ms
[19:50:27.684] [engine] C:instanced | 159.2 fps | submit 0.11 ms | 187.8 Mtris/s
[19:50:28.619] [engine] ---- switching to mode A:512-draws ----
[19:50:28.688] [poc6-engine] 159.0 fps | frame 6.29 ms | drain 6.16 ms
[19:50:28.690] [engine] A:512-draws | 159.0 fps | submit 0.12 ms | 187.6 Mtris/s
[19:50:29.694] [poc6-engine] 157.0 fps | frame 6.37 ms | drain 6.16 ms
[19:50:29.697] [engine] A:512-draws | 157.0 fps | submit 0.20 ms | 185.2 Mtris/s
[19:50:30.701] [poc6-engine] 157.0 fps | frame 6.37 ms | drain 6.16 ms
[19:50:30.704] [engine] A:512-draws | 157.0 fps | submit 0.20 ms | 185.2 Mtris/s
[19:50:31.707] [poc6-engine] 157.0 fps | frame 6.37 ms | drain 6.16 ms
[19:50:31.710] [engine] A:512-draws | 157.0 fps | submit 0.20 ms | 185.2 Mtris/s
[19:50:32.707] [poc6-engine] 156.9 fps | frame 6.37 ms | drain 6.16 ms
[19:50:32.709] [engine] A:512-draws | 156.9 fps | submit 0.20 ms | 185.1 Mtris/s
[19:50:33.714] [poc6-engine] 157.0 fps | frame 6.37 ms | drain 6.16 ms
[19:50:33.716] [engine] A:512-draws | 157.0 fps | submit 0.20 ms | 185.2 Mtris/s
[19:50:34.714] [poc6-engine] 156.9 fps | frame 6.37 ms | drain 6.17 ms
[19:50:34.716] [engine] A:512-draws | 156.9 fps | submit 0.20 ms | 185.1 Mtris/s
[19:50:35.718] [poc6-engine] 157.0 fps | frame 6.37 ms | drain 6.17 ms
[19:50:35.720] [engine] A:512-draws | 157.0 fps | submit 0.20 ms | 185.2 Mtris/s
[19:50:36.620] [engine] ---- switching to mode C:instanced ----
[19:50:36.720] [poc6-engine] 157.1 fps | frame 6.37 ms | drain 6.16 ms
[19:50:36.725] [engine] C:instanced | 157.1 fps | submit 0.19 ms | 185.3 Mtris/s
[19:50:37.725] [poc6-engine] 159.3 fps | frame 6.28 ms | drain 6.16 ms
[19:50:37.728] [engine] C:instanced | 159.3 fps | submit 0.11 ms | 187.9 Mtris/s
[19:50:38.730] [poc6-engine] 159.2 fps | frame 6.28 ms | drain 6.16 ms
[19:50:38.733] [engine] C:instanced | 159.2 fps | submit 0.11 ms | 187.9 Mtris/s
[19:50:39.735] [poc6-engine] 159.2 fps | frame 6.28 ms | drain 6.16 ms
[19:50:39.737] [engine] C:instanced | 159.2 fps | submit 0.11 ms | 187.9 Mtris/s
[19:50:40.739] [poc6-engine] 159.2 fps | frame 6.28 ms | drain 6.16 ms
[19:50:40.741] [engine] C:instanced | 159.2 fps | submit 0.11 ms | 187.8 Mtris/s
[19:50:41.744] [poc6-engine] 159.2 fps | frame 6.28 ms | drain 6.16 ms
[19:50:41.747] [engine] C:instanced | 159.2 fps | submit 0.11 ms | 187.8 Mtris/s
[19:50:42.750] [poc6-engine] 159.3 fps | frame 6.28 ms | drain 6.16 ms
[19:50:42.752] [engine] C:instanced | 159.3 fps | submit 0.11 ms | 187.9 Mtris/s
[19:50:43.753] [poc6-engine] 159.2 fps | frame 6.28 ms | drain 6.16 ms
[19:50:43.756] [engine] C:instanced | 159.2 fps | submit 0.11 ms | 187.8 Mtris/s
[19:50:44.621] [engine] ---- switching to mode A:512-draws ----
[19:50:44.755] [poc6-engine] 158.8 fps | frame 6.30 ms | drain 6.16 ms
[19:50:44.757] [engine] A:512-draws | 158.8 fps | submit 0.12 ms | 187.4 Mtris/s
[19:50:45.755] [poc6-engine] 157.0 fps | frame 6.37 ms | drain 6.16 ms
[19:50:45.757] [engine] A:512-draws | 157.0 fps | submit 0.20 ms | 185.2 Mtris/s
[19:50:46.755] [poc6-engine] 156.9 fps | frame 6.37 ms | drain 6.17 ms
[19:50:46.757] [engine] A:512-draws | 156.9 fps | submit 0.20 ms | 185.1 Mtris/s
[19:50:47.756] [poc6-engine] 156.9 fps | frame 6.38 ms | drain 6.17 ms
[19:50:47.758] [engine] A:512-draws | 156.9 fps | submit 0.20 ms | 185.0 Mtris/s
[19:50:48.762] [poc6-engine] 156.2 fps | frame 6.40 ms | drain 6.20 ms
[19:50:48.767] [engine] A:512-draws | 156.2 fps | submit 0.20 ms | 184.3 Mtris/s
[19:50:49.762] [poc6-engine] 156.9 fps | frame 6.37 ms | drain 6.17 ms
[19:50:49.765] [engine] A:512-draws | 156.9 fps | submit 0.20 ms | 185.1 Mtris/s
[19:50:50.762] [poc6-engine] 156.9 fps | frame 6.37 ms | drain 6.17 ms
[19:50:50.765] [engine] A:512-draws | 156.9 fps | submit 0.20 ms | 185.1 Mtris/s
[19:50:51.764] [poc6-engine] 156.9 fps | frame 6.37 ms | drain 6.17 ms
[19:50:51.768] [engine] A:512-draws | 156.9 fps | submit 0.20 ms | 185.1 Mtris/s
[19:50:52.623] [engine] ---- switching to mode C:instanced ----
[19:50:53.192] [poc6-engine] 157.2 fps | frame 6.36 ms | drain 6.16 ms
[19:50:53.197] [engine] C:instanced | 157.2 fps | submit 0.18 ms | 185.5 Mtris/s
[19:50:53.773] [poc6-engine] 159.2 fps | frame 6.28 ms | drain 6.16 ms
[19:50:53.777] [engine] C:instanced | 159.2 fps | submit 0.11 ms | 187.8 Mtris/s
[19:50:54.779] [poc6-engine] 159.3 fps | frame 6.28 ms | drain 6.16 ms
[19:50:54.796] [engine] C:instanced | 159.3 fps | submit 0.11 ms | 187.9 Mtris/s
[19:50:55.782] [poc6-engine] 159.2 fps | frame 6.28 ms | drain 6.16 ms
[19:50:55.787] [engine] C:instanced | 159.2 fps | submit 0.11 ms | 187.9 Mtris/s
[19:50:56.787] [poc6-engine] 159.3 fps | frame 6.28 ms | drain 6.16 ms
[19:50:56.791] [engine] C:instanced | 159.3 fps | submit 0.11 ms | 188.0 Mtris/s
[19:50:57.790] [poc6-engine] 159.4 fps | frame 6.27 ms | drain 6.16 ms
[19:50:57.792] [engine] C:instanced | 159.4 fps | submit 0.11 ms | 188.0 Mtris/s
[19:50:58.794] [poc6-engine] 159.4 fps | frame 6.27 ms | drain 6.16 ms
[19:50:58.800] [engine] C:instanced | 159.4 fps | submit 0.11 ms | 188.0 Mtris/s
[19:50:59.799] [poc6-engine] 159.3 fps | frame 6.28 ms | drain 6.16 ms
[19:50:59.802] [engine] C:instanced | 159.3 fps | submit 0.11 ms | 187.9 Mtris/s
[19:51:00.630] [engine] ---- switching to mode A:512-draws ----
[19:51:00.800] [poc6-engine] 158.7 fps | frame 6.30 ms | drain 6.16 ms
[19:51:00.804] [engine] A:512-draws | 158.7 fps | submit 0.12 ms | 187.2 Mtris/s
[19:51:01.800] [poc6-engine] 157.0 fps | frame 6.37 ms | drain 6.16 ms
[19:51:01.803] [engine] A:512-draws | 157.0 fps | submit 0.20 ms | 185.2 Mtris/s
[19:51:02.801] [poc6-engine] 156.9 fps | frame 6.37 ms | drain 6.17 ms
[19:51:02.806] [engine] A:512-draws | 156.9 fps | submit 0.20 ms | 185.1 Mtris/s
[19:51:03.807] [poc6-engine] 157.0 fps | frame 6.37 ms | drain 6.16 ms
[19:51:03.814] [engine] A:512-draws | 157.0 fps | submit 0.20 ms | 185.2 Mtris/s
[19:51:04.809] [poc6-engine] 157.0 fps | frame 6.37 ms | drain 6.16 ms
[19:51:04.814] [engine] A:512-draws | 157.0 fps | submit 0.20 ms | 185.2 Mtris/s
[19:51:05.807] [poc6-engine] 156.9 fps | frame 6.37 ms | drain 6.17 ms
[19:51:05.809] [engine] A:512-draws | 156.9 fps | submit 0.20 ms | 185.1 Mtris/s
[19:51:06.808] [poc6-engine] 157.0 fps | frame 6.37 ms | drain 6.16 ms
[19:51:06.814] [engine] A:512-draws | 157.0 fps | submit 0.20 ms | 185.2 Mtris/s
[19:51:07.808] [poc6-engine] 157.0 fps | frame 6.37 ms | drain 6.16 ms
[19:51:07.822] [engine] A:512-draws | 157.0 fps | submit 0.20 ms | 185.2 Mtris/s
[19:51:08.631] [engine] ---- switching to mode C:instanced ----
[19:51:08.812] [poc6-engine] 157.3 fps | frame 6.36 ms | drain 6.16 ms
[19:51:08.815] [engine] C:instanced | 157.3 fps | submit 0.18 ms | 185.5 Mtris/s
[19:51:09.816] [poc6-engine] 159.3 fps | frame 6.28 ms | drain 6.16 ms
[19:51:09.822] [engine] C:instanced | 159.3 fps | submit 0.11 ms | 187.9 Mtris/s
[19:51:10.821] [poc6-engine] 159.2 fps | frame 6.28 ms | drain 6.16 ms
[19:51:10.829] [engine] C:instanced | 159.2 fps | submit 0.11 ms | 187.8 Mtris/s
[19:51:11.826] [poc6-engine] 159.2 fps | frame 6.28 ms | drain 6.16 ms
[19:51:11.831] [engine] C:instanced | 159.2 fps | submit 0.11 ms | 187.8 Mtris/s
[19:51:12.831] [poc6-engine] 159.3 fps | frame 6.28 ms | drain 6.16 ms
[19:51:12.837] [engine] C:instanced | 159.3 fps | submit 0.11 ms | 187.9 Mtris/s
[19:51:13.836] [poc6-engine] 159.3 fps | frame 6.28 ms | drain 6.16 ms
[19:51:13.840] [engine] C:instanced | 159.3 fps | submit 0.11 ms | 187.9 Mtris/s
[19:51:14.840] [poc6-engine] 159.2 fps | frame 6.28 ms | drain 6.16 ms
[19:51:14.857] [engine] C:instanced | 159.2 fps | submit 0.11 ms | 187.8 Mtris/s
[19:51:15.845] [poc6-engine] 159.2 fps | frame 6.28 ms | drain 6.16 ms
[19:51:15.848] [engine] C:instanced | 159.2 fps | submit 0.11 ms | 187.8 Mtris/s
[19:51:16.630] [engine] ---- switching to mode A:512-draws ----
[19:51:16.848] [poc6-engine] 158.6 fps | frame 6.30 ms | drain 6.16 ms
[19:51:16.851] [engine] A:512-draws | 158.6 fps | submit 0.13 ms | 187.1 Mtris/s
[19:51:17.847] [poc6-engine] 157.0 fps | frame 6.37 ms | drain 6.16 ms
[19:51:17.850] [engine] A:512-draws | 157.0 fps | submit 0.20 ms | 185.2 Mtris/s
[19:51:18.848] [poc6-engine] 156.9 fps | frame 6.37 ms | drain 6.17 ms
[19:51:18.850] [engine] A:512-draws | 156.9 fps | submit 0.20 ms | 185.1 Mtris/s
[19:51:19.849] [poc6-engine] 156.9 fps | frame 6.37 ms | drain 6.17 ms
[19:51:19.851] [engine] A:512-draws | 156.9 fps | submit 0.20 ms | 185.1 Mtris/s
[19:51:20.849] [poc6-engine] 156.9 fps | frame 6.37 ms | drain 6.17 ms
[19:51:20.851] [engine] A:512-draws | 156.9 fps | submit 0.20 ms | 185.1 Mtris/s
[19:51:21.850] [poc6-engine] 156.9 fps | frame 6.37 ms | drain 6.17 ms
[19:51:21.852] [engine] A:512-draws | 156.9 fps | submit 0.20 ms | 185.1 Mtris/s
[19:51:22.851] [poc6-engine] 157.0 fps | frame 6.37 ms | drain 6.16 ms
[19:51:22.854] [engine] A:512-draws | 157.0 fps | submit 0.20 ms | 185.2 Mtris/s
[19:51:23.851] [poc6-engine] 156.9 fps | frame 6.37 ms | drain 6.16 ms
[19:51:23.853] [engine] A:512-draws | 156.9 fps | submit 0.20 ms | 185.1 Mtris/s
[19:51:24.634] [engine] ---- switching to mode C:instanced ----
[19:51:24.854] [poc6-engine] 157.3 fps | frame 6.36 ms | drain 6.16 ms
[19:51:24.858] [engine] C:instanced | 157.3 fps | submit 0.18 ms | 185.6 Mtris/s
[19:51:25.860] [poc6-engine] 159.3 fps | frame 6.28 ms | drain 6.16 ms
[19:51:25.863] [engine] C:instanced | 159.3 fps | submit 0.11 ms | 187.9 Mtris/s
[19:51:26.866] [poc6-engine] 159.3 fps | frame 6.28 ms | drain 6.16 ms
[19:51:26.868] [engine] C:instanced | 159.3 fps | submit 0.11 ms | 187.9 Mtris/s
[19:51:27.868] [poc6-engine] 159.3 fps | frame 6.28 ms | drain 6.16 ms
[19:51:27.870] [engine] C:instanced | 159.3 fps | submit 0.11 ms | 187.9 Mtris/s
[19:51:28.873] [poc6-engine] 159.2 fps | frame 6.28 ms | drain 6.16 ms
[19:51:28.875] [engine] C:instanced | 159.2 fps | submit 0.11 ms | 187.8 Mtris/s
[19:51:29.877] [poc6-engine] 159.2 fps | frame 6.28 ms | drain 6.16 ms
[19:51:29.881] [engine] C:instanced | 159.2 fps | submit 0.11 ms | 187.8 Mtris/s
[19:51:30.882] [poc6-engine] 159.3 fps | frame 6.28 ms | drain 6.16 ms
[19:51:30.884] [engine] C:instanced | 159.3 fps | submit 0.11 ms | 187.9 Mtris/s
[19:51:31.887] [poc6-engine] 159.3 fps | frame 6.28 ms | drain 6.16 ms
[19:51:31.889] [engine] C:instanced | 159.3 fps | submit 0.11 ms | 187.9 Mtris/s
[19:51:32.640] [engine] ---- switching to mode A:512-draws ----
[19:51:32.889] [poc6-engine] 158.6 fps | frame 6.30 ms | drain 6.16 ms
[19:51:32.891] [engine] A:512-draws | 158.6 fps | submit 0.13 ms | 187.1 Mtris/s
[19:51:33.895] [poc6-engine] 157.0 fps | frame 6.37 ms | drain 6.16 ms
[19:51:33.897] [engine] A:512-draws | 157.0 fps | submit 0.20 ms | 185.3 Mtris/s
[19:51:34.902] [poc6-engine] 157.0 fps | frame 6.37 ms | drain 6.16 ms
[19:51:34.904] [engine] A:512-draws | 157.0 fps | submit 0.20 ms | 185.2 Mtris/s
[19:51:35.902] [poc6-engine] 157.0 fps | frame 6.37 ms | drain 6.16 ms
[19:51:35.904] [engine] A:512-draws | 157.0 fps | submit 0.20 ms | 185.2 Mtris/s
[19:51:36.902] [poc6-engine] 156.9 fps | frame 6.37 ms | drain 6.16 ms
[19:51:36.905] [engine] A:512-draws | 156.9 fps | submit 0.20 ms | 185.1 Mtris/s
[19:51:37.904] [poc6-engine] 156.9 fps | frame 6.37 ms | drain 6.16 ms
[19:51:37.906] [engine] A:512-draws | 156.9 fps | submit 0.20 ms | 185.1 Mtris/s
[19:51:38.903] [poc6-engine] 156.9 fps | frame 6.37 ms | drain 6.17 ms
[19:51:38.905] [engine] A:512-draws | 156.9 fps | submit 0.20 ms | 185.1 Mtris/s
[19:51:39.909] [poc6-engine] 157.0 fps | frame 6.37 ms | drain 6.16 ms
[19:51:39.912] [engine] A:512-draws | 157.0 fps | submit 0.20 ms | 185.2 Mtris/s
[19:51:40.642] [engine] ---- switching to mode C:instanced ----
[19:51:40.913] [poc6-engine] 157.5 fps | frame 6.35 ms | drain 6.16 ms
[19:51:40.915] [engine] C:instanced | 157.5 fps | submit 0.17 ms | 185.8 Mtris/s
[19:51:41.916] [poc6-engine] 159.2 fps | frame 6.28 ms | drain 6.16 ms
[19:51:41.918] [engine] C:instanced | 159.2 fps | submit 0.11 ms | 187.8 Mtris/s
[19:51:42.922] [poc6-engine] 159.2 fps | frame 6.28 ms | drain 6.16 ms
[19:51:42.929] [engine] C:instanced | 159.2 fps | submit 0.11 ms | 187.8 Mtris/s
[19:51:43.927] [poc6-engine] 159.2 fps | frame 6.28 ms | drain 6.16 ms
[19:51:43.929] [engine] C:instanced | 159.2 fps | submit 0.11 ms | 187.8 Mtris/s
[19:51:44.932] [poc6-engine] 159.2 fps | frame 6.28 ms | drain 6.16 ms
[19:51:44.936] [engine] C:instanced | 159.2 fps | submit 0.11 ms | 187.8 Mtris/s
[19:51:45.938] [poc6-engine] 159.2 fps | frame 6.28 ms | drain 6.16 ms
[19:51:45.939] [engine] C:instanced | 159.2 fps | submit 0.11 ms | 187.7 Mtris/s
[19:51:46.942] [poc6-engine] 159.3 fps | frame 6.28 ms | drain 6.16 ms
[19:51:46.945] [engine] C:instanced | 159.3 fps | submit 0.11 ms | 187.9 Mtris/s
[19:51:47.947] [poc6-engine] 159.3 fps | frame 6.28 ms | drain 6.16 ms
[19:51:47.950] [engine] C:instanced | 159.3 fps | submit 0.11 ms | 187.9 Mtris/s
[19:51:48.645] [engine] ---- switching to mode A:512-draws ----
[19:51:48.950] [poc6-engine] 158.4 fps | frame 6.31 ms | drain 6.16 ms
[19:51:48.955] [engine] A:512-draws | 158.4 fps | submit 0.14 ms | 186.9 Mtris/s
[19:51:49.951] [poc6-engine] 156.9 fps | frame 6.37 ms | drain 6.17 ms
[19:51:49.954] [engine] A:512-draws | 156.9 fps | submit 0.20 ms | 185.1 Mtris/s
[19:51:50.951] [poc6-engine] 157.0 fps | frame 6.37 ms | drain 6.17 ms
[19:51:50.953] [engine] A:512-draws | 157.0 fps | submit 0.20 ms | 185.2 Mtris/s
[19:51:51.952] [poc6-engine] 156.9 fps | frame 6.37 ms | drain 6.17 ms
[19:51:51.955] [engine] A:512-draws | 156.9 fps | submit 0.20 ms | 185.1 Mtris/s
[19:51:52.952] [poc6-engine] 157.0 fps | frame 6.37 ms | drain 6.16 ms
[19:51:52.955] [engine] A:512-draws | 157.0 fps | submit 0.20 ms | 185.2 Mtris/s
[19:51:53.952] [poc6-engine] 157.0 fps | frame 6.37 ms | drain 6.16 ms
[19:51:53.954] [engine] A:512-draws | 157.0 fps | submit 0.20 ms | 185.2 Mtris/s
[19:51:54.953] [poc6-engine] 156.9 fps | frame 6.37 ms | drain 6.17 ms
[19:51:54.955] [engine] A:512-draws | 156.9 fps | submit 0.20 ms | 185.1 Mtris/s
[19:51:55.954] [poc6-engine] 156.9 fps | frame 6.37 ms | drain 6.16 ms
[19:51:55.959] [engine] A:512-draws | 156.9 fps | submit 0.20 ms | 185.1 Mtris/s
[19:51:56.648] [engine] ---- switching to mode C:instanced ----
[19:51:56.956] [poc6-engine] 157.6 fps | frame 6.35 ms | drain 6.16 ms
[19:51:56.958] [engine] C:instanced | 157.6 fps | submit 0.17 ms | 185.9 Mtris/s
[19:51:57.960] [poc6-engine] 159.3 fps | frame 6.28 ms | drain 6.16 ms
[19:51:57.963] [engine] C:instanced | 159.3 fps | submit 0.11 ms | 187.9 Mtris/s
[19:51:58.965] [poc6-engine] 159.3 fps | frame 6.28 ms | drain 6.16 ms
[19:51:58.968] [engine] C:instanced | 159.3 fps | submit 0.11 ms | 187.9 Mtris/s
[19:51:59.969] [poc6-engine] 159.3 fps | frame 6.28 ms | drain 6.16 ms
[19:51:59.972] [engine] C:instanced | 159.3 fps | submit 0.11 ms | 188.0 Mtris/s
[19:52:00.974] [poc6-engine] 159.3 fps | frame 6.28 ms | drain 6.16 ms
[19:52:00.975] [engine] C:instanced | 159.3 fps | submit 0.11 ms | 187.9 Mtris/s
[19:52:01.978] [poc6-engine] 159.3 fps | frame 6.28 ms | drain 6.16 ms
[19:52:01.980] [engine] C:instanced | 159.3 fps | submit 0.11 ms | 187.9 Mtris/s
[19:52:02.983] [poc6-engine] 159.2 fps | frame 6.28 ms | drain 6.16 ms
[19:52:02.986] [engine] C:instanced | 159.2 fps | submit 0.11 ms | 187.8 Mtris/s
[19:52:03.988] [poc6-engine] 159.3 fps | frame 6.28 ms | drain 6.16 ms
[19:52:03.990] [engine] C:instanced | 159.3 fps | submit 0.11 ms | 187.9 Mtris/s
[19:52:04.653] [engine] ---- switching to mode A:512-draws ----
[19:52:04.991] [poc6-engine] 158.4 fps | frame 6.31 ms | drain 6.16 ms
[19:52:04.993] [engine] A:512-draws | 158.4 fps | submit 0.14 ms | 186.9 Mtris/s
[19:52:05.991] [poc6-engine] 157.0 fps | frame 6.37 ms | drain 6.16 ms
[19:52:05.993] [engine] A:512-draws | 157.0 fps | submit 0.20 ms | 185.2 Mtris/s
[19:52:06.997] [poc6-engine] 157.0 fps | frame 6.37 ms | drain 6.16 ms
[19:52:07.000] [engine] A:512-draws | 157.0 fps | submit 0.20 ms | 185.2 Mtris/s
[19:52:08.004] [poc6-engine] 157.0 fps | frame 6.37 ms | drain 6.16 ms
[19:52:08.006] [engine] A:512-draws | 157.0 fps | submit 0.20 ms | 185.2 Mtris/s
[19:52:09.005] [poc6-engine] 156.9 fps | frame 6.37 ms | drain 6.17 ms
[19:52:09.019] [engine] A:512-draws | 156.9 fps | submit 0.20 ms | 185.1 Mtris/s
[19:52:10.004] [poc6-engine] 156.9 fps | frame 6.37 ms | drain 6.16 ms
[19:52:10.007] [engine] A:512-draws | 156.9 fps | submit 0.20 ms | 185.1 Mtris/s
[19:52:11.005] [poc6-engine] 157.0 fps | frame 6.37 ms | drain 6.16 ms
[19:52:11.013] [engine] A:512-draws | 157.0 fps | submit 0.20 ms | 185.1 Mtris/s
[19:52:12.005] [poc6-engine] 156.9 fps | frame 6.37 ms | drain 6.17 ms
[19:52:12.007] [engine] A:512-draws | 156.9 fps | submit 0.20 ms | 185.1 Mtris/s
[19:52:12.656] [engine] ---- switching to mode C:instanced ----
[19:52:13.008] [poc6-engine] 157.7 fps | frame 6.34 ms | drain 6.16 ms
[19:52:13.012] [engine] C:instanced | 157.7 fps | submit 0.17 ms | 186.0 Mtris/s
[19:52:14.013] [poc6-engine] 159.2 fps | frame 6.28 ms | drain 6.16 ms
[19:52:14.018] [engine] C:instanced | 159.2 fps | submit 0.11 ms | 187.8 Mtris/s
[19:52:15.025] [poc6-engine] 159.2 fps | frame 6.28 ms | drain 6.16 ms
[19:52:15.035] [engine] C:instanced | 159.2 fps | submit 0.11 ms | 187.8 Mtris/s
[19:52:16.024] [poc6-engine] 159.3 fps | frame 6.28 ms | drain 6.16 ms
[19:52:16.031] [engine] C:instanced | 159.3 fps | submit 0.11 ms | 187.9 Mtris/s
[19:52:17.027] [poc6-engine] 159.3 fps | frame 6.28 ms | drain 6.16 ms
[19:52:17.033] [engine] C:instanced | 159.3 fps | submit 0.11 ms | 187.9 Mtris/s
[19:52:18.031] [poc6-engine] 159.2 fps | frame 6.28 ms | drain 6.16 ms
[19:52:18.033] [engine] C:instanced | 159.2 fps | submit 0.11 ms | 187.8 Mtris/s
[19:52:19.040] [poc6-engine] 159.2 fps | frame 6.28 ms | drain 6.16 ms
[19:52:19.043] [engine] C:instanced | 159.2 fps | submit 0.11 ms | 187.8 Mtris/s
[19:52:20.041] [poc6-engine] 159.3 fps | frame 6.28 ms | drain 6.16 ms
[19:52:20.045] [engine] C:instanced | 159.3 fps | submit 0.11 ms | 187.9 Mtris/s
[19:52:20.657] [engine] ---- switching to mode A:512-draws ----
[19:52:21.044] [poc6-engine] 158.3 fps | frame 6.32 ms | drain 6.16 ms
[19:52:21.046] [engine] A:512-draws | 158.3 fps | submit 0.14 ms | 186.8 Mtris/s
[19:52:22.045] [poc6-engine] 157.0 fps | frame 6.37 ms | drain 6.17 ms
[19:52:22.054] [engine] A:512-draws | 157.0 fps | submit 0.20 ms | 185.2 Mtris/s
[19:52:23.051] [poc6-engine] 157.0 fps | frame 6.37 ms | drain 6.16 ms
[19:52:23.054] [engine] A:512-draws | 157.0 fps | submit 0.20 ms | 185.2 Mtris/s
[19:52:24.052] [poc6-engine] 156.9 fps | frame 6.37 ms | drain 6.17 ms
[19:52:24.054] [engine] A:512-draws | 156.9 fps | submit 0.20 ms | 185.1 Mtris/s
[19:52:25.052] [poc6-engine] 156.9 fps | frame 6.37 ms | drain 6.17 ms
[19:52:25.055] [engine] A:512-draws | 156.9 fps | submit 0.20 ms | 185.1 Mtris/s
[19:52:26.052] [poc6-engine] 157.0 fps | frame 6.37 ms | drain 6.17 ms
[19:52:26.056] [engine] A:512-draws | 157.0 fps | submit 0.20 ms | 185.1 Mtris/s
[19:52:27.055] [poc6-engine] 157.0 fps | frame 6.37 ms | drain 6.16 ms
[19:52:27.057] [engine] A:512-draws | 157.0 fps | submit 0.20 ms | 185.2 Mtris/s
[19:52:28.053] [poc6-engine] 157.0 fps | frame 6.37 ms | drain 6.16 ms
[19:52:28.056] [engine] A:512-draws | 157.0 fps | submit 0.20 ms | 185.2 Mtris/s
[19:52:28.659] [engine] ---- switching to mode C:instanced ----
[19:52:29.055] [poc6-engine] 157.7 fps | frame 6.34 ms | drain 6.16 ms
[19:52:29.057] [engine] C:instanced | 157.7 fps | submit 0.16 ms | 186.1 Mtris/s
[19:52:30.059] [poc6-engine] 159.3 fps | frame 6.28 ms | drain 6.16 ms
[19:52:30.061] [engine] C:instanced | 159.3 fps | submit 0.11 ms | 187.9 Mtris/s
[19:52:31.063] [poc6-engine] 159.3 fps | frame 6.28 ms | drain 6.16 ms
[19:52:31.065] [engine] C:instanced | 159.3 fps | submit 0.11 ms | 187.9 Mtris/s
[19:52:32.068] [poc6-engine] 159.3 fps | frame 6.28 ms | drain 6.16 ms
[19:52:32.073] [engine] C:instanced | 159.3 fps | submit 0.11 ms | 187.9 Mtris/s
[19:52:33.074] [poc6-engine] 159.2 fps | frame 6.28 ms | drain 6.16 ms
[19:52:33.076] [engine] C:instanced | 159.2 fps | submit 0.11 ms | 187.8 Mtris/s
[19:52:34.078] [poc6-engine] 159.3 fps | frame 6.28 ms | drain 6.16 ms
[19:52:34.080] [engine] C:instanced | 159.3 fps | submit 0.11 ms | 187.9 Mtris/s
[19:52:35.082] [poc6-engine] 159.3 fps | frame 6.28 ms | drain 6.16 ms
[19:52:35.085] [engine] C:instanced | 159.3 fps | submit 0.11 ms | 187.9 Mtris/s
[19:52:36.087] [poc6-engine] 159.3 fps | frame 6.28 ms | drain 6.16 ms
[19:52:36.089] [engine] C:instanced | 159.3 fps | submit 0.11 ms | 187.9 Mtris/s
[19:52:36.664] [engine] ---- switching to mode A:512-draws ----
[19:52:37.091] [poc6-engine] 158.3 fps | frame 6.32 ms | drain 6.16 ms
[19:52:37.093] [engine] A:512-draws | 158.3 fps | submit 0.15 ms | 186.7 Mtris/s
[19:52:38.091] [poc6-engine] 157.0 fps | frame 6.37 ms | drain 6.16 ms
[19:52:38.094] [engine] A:512-draws | 157.0 fps | submit 0.20 ms | 185.2 Mtris/s
[19:52:39.093] [poc6-engine] 156.9 fps | frame 6.37 ms | drain 6.17 ms
[19:52:39.094] [engine] A:512-draws | 156.9 fps | submit 0.20 ms | 185.0 Mtris/s
[19:52:40.092] [poc6-engine] 156.9 fps | frame 6.37 ms | drain 6.16 ms
[19:52:40.097] [engine] A:512-draws | 156.9 fps | submit 0.20 ms | 185.1 Mtris/s
[19:52:41.093] [poc6-engine] 156.9 fps | frame 6.37 ms | drain 6.16 ms
[19:52:41.095] [engine] A:512-draws | 156.9 fps | submit 0.20 ms | 185.1 Mtris/s
[19:52:42.093] [poc6-engine] 156.9 fps | frame 6.37 ms | drain 6.17 ms
[19:52:42.096] [engine] A:512-draws | 156.9 fps | submit 0.20 ms | 185.1 Mtris/s
[19:52:43.093] [poc6-engine] 157.0 fps | frame 6.37 ms | drain 6.16 ms
[19:52:43.096] [engine] A:512-draws | 157.0 fps | submit 0.20 ms | 185.2 Mtris/s
[19:52:44.093] [poc6-engine] 157.0 fps | frame 6.37 ms | drain 6.16 ms
[19:52:44.096] [engine] A:512-draws | 157.0 fps | submit 0.20 ms | 185.2 Mtris/s
[19:52:44.667] [engine] ---- switching to mode C:instanced ----
[19:52:45.094] [poc6-engine] 157.8 fps | frame 6.34 ms | drain 6.16 ms
[19:52:45.097] [engine] C:instanced | 157.8 fps | submit 0.16 ms | 186.2 Mtris/s
[19:52:46.101] [poc6-engine] 159.2 fps | frame 6.28 ms | drain 6.16 ms
[19:52:46.104] [engine] C:instanced | 159.2 fps | submit 0.11 ms | 187.8 Mtris/s
[19:52:47.104] [poc6-engine] 159.2 fps | frame 6.28 ms | drain 6.16 ms
[19:52:47.107] [engine] C:instanced | 159.2 fps | submit 0.11 ms | 187.8 Mtris/s
[19:52:48.110] [poc6-engine] 159.1 fps | frame 6.29 ms | drain 6.16 ms
[19:52:48.113] [engine] C:instanced | 159.1 fps | submit 0.11 ms | 187.7 Mtris/s
[19:52:49.115] [poc6-engine] 159.2 fps | frame 6.28 ms | drain 6.16 ms
[19:52:49.117] [engine] C:instanced | 159.2 fps | submit 0.11 ms | 187.8 Mtris/s
[19:52:50.119] [poc6-engine] 159.3 fps | frame 6.28 ms | drain 6.16 ms
[19:52:50.121] [engine] C:instanced | 159.3 fps | submit 0.11 ms | 187.9 Mtris/s
[19:52:51.125] [poc6-engine] 159.2 fps | frame 6.28 ms | drain 6.16 ms
[19:52:51.128] [engine] C:instanced | 159.2 fps | submit 0.11 ms | 187.8 Mtris/s
[19:52:52.129] [poc6-engine] 159.2 fps | frame 6.28 ms | drain 6.16 ms
[19:52:52.131] [engine] C:instanced | 159.2 fps | submit 0.11 ms | 187.8 Mtris/s
[19:52:52.669] [engine] ---- switching to mode A:512-draws ----
[19:52:53.135] [poc6-engine] 158.1 fps | frame 6.33 ms | drain 6.16 ms
[19:52:53.138] [engine] A:512-draws | 158.1 fps | submit 0.15 ms | 186.5 Mtris/s
[19:52:54.135] [poc6-engine] 156.9 fps | frame 6.37 ms | drain 6.17 ms
[19:52:54.138] [engine] A:512-draws | 156.9 fps | submit 0.20 ms | 185.1 Mtris/s
[19:52:55.136] [poc6-engine] 157.0 fps | frame 6.37 ms | drain 6.16 ms
[19:52:55.138] [engine] A:512-draws | 157.0 fps | submit 0.20 ms | 185.1 Mtris/s
[19:52:56.137] [poc6-engine] 156.9 fps | frame 6.37 ms | drain 6.16 ms
[19:52:56.146] [engine] A:512-draws | 156.9 fps | submit 0.20 ms | 185.1 Mtris/s
[19:52:57.137] [poc6-engine] 157.0 fps | frame 6.37 ms | drain 6.16 ms
[19:52:57.139] [engine] A:512-draws | 157.0 fps | submit 0.20 ms | 185.2 Mtris/s
[19:52:58.137] [poc6-engine] 157.0 fps | frame 6.37 ms | drain 6.17 ms
[19:52:58.139] [engine] A:512-draws | 157.0 fps | submit 0.20 ms | 185.2 Mtris/s
[19:52:59.137] [poc6-engine] 156.9 fps | frame 6.37 ms | drain 6.17 ms
[19:52:59.139] [engine] A:512-draws | 156.9 fps | submit 0.20 ms | 185.1 Mtris/s
[19:53:00.137] [poc6-engine] 157.0 fps | frame 6.37 ms | drain 6.16 ms
[19:53:00.140] [engine] A:512-draws | 157.0 fps | submit 0.20 ms | 185.2 Mtris/s
[19:53:00.673] [engine] ---- switching to mode C:instanced ----
[19:53:01.138] [poc6-engine] 158.0 fps | frame 6.33 ms | drain 6.16 ms
[19:53:01.140] [engine] C:instanced | 158.0 fps | submit 0.16 ms | 186.3 Mtris/s
[19:53:02.144] [poc6-engine] 159.3 fps | frame 6.28 ms | drain 6.16 ms
[19:53:02.146] [engine] C:instanced | 159.3 fps | submit 0.11 ms | 187.9 Mtris/s
[19:53:03.146] [poc6-engine] 159.3 fps | frame 6.28 ms | drain 6.16 ms
[19:53:03.148] [engine] C:instanced | 159.3 fps | submit 0.11 ms | 187.9 Mtris/s
[19:53:04.150] [poc6-engine] 159.4 fps | frame 6.27 ms | drain 6.16 ms
[19:53:04.152] [engine] C:instanced | 159.4 fps | submit 0.11 ms | 188.0 Mtris/s
[19:53:05.156] [poc6-engine] 159.4 fps | frame 6.27 ms | drain 6.16 ms
[19:53:05.157] [engine] C:instanced | 159.4 fps | submit 0.11 ms | 188.0 Mtris/s
[19:53:06.159] [poc6-engine] 159.3 fps | frame 6.28 ms | drain 6.16 ms
[19:53:06.161] [engine] C:instanced | 159.3 fps | submit 0.11 ms | 187.9 Mtris/s
[19:53:07.162] [poc6-engine] 159.3 fps | frame 6.28 ms | drain 6.16 ms
[19:53:07.164] [engine] C:instanced | 159.3 fps | submit 0.11 ms | 187.9 Mtris/s
[19:53:08.169] [poc6-engine] 159.2 fps | frame 6.28 ms | drain 6.16 ms
[19:53:08.171] [engine] C:instanced | 159.2 fps | submit 0.11 ms | 187.8 Mtris/s
[19:53:08.677] [engine] ---- switching to mode A:512-draws ----
[19:53:09.173] [poc6-engine] 158.0 fps | frame 6.33 ms | drain 6.16 ms
[19:53:09.175] [engine] A:512-draws | 158.0 fps | submit 0.15 ms | 186.4 Mtris/s
[19:53:10.180] [poc6-engine] 157.0 fps | frame 6.37 ms | drain 6.16 ms
[19:53:10.182] [engine] A:512-draws | 157.0 fps | submit 0.20 ms | 185.2 Mtris/s
[19:53:11.180] [poc6-engine] 157.0 fps | frame 6.37 ms | drain 6.16 ms
[19:53:11.182] [engine] A:512-draws | 157.0 fps | submit 0.20 ms | 185.2 Mtris/s
[19:53:12.181] [poc6-engine] 157.0 fps | frame 6.37 ms | drain 6.16 ms
[19:53:12.183] [engine] A:512-draws | 157.0 fps | submit 0.20 ms | 185.2 Mtris/s
[19:53:13.182] [poc6-engine] 156.9 fps | frame 6.37 ms | drain 6.17 ms
[19:53:13.184] [engine] A:512-draws | 156.9 fps | submit 0.20 ms | 185.1 Mtris/s
[19:53:14.181] [poc6-engine] 157.0 fps | frame 6.37 ms | drain 6.16 ms
[19:53:14.183] [engine] A:512-draws | 157.0 fps | submit 0.20 ms | 185.2 Mtris/s
[19:53:15.182] [poc6-engine] 157.0 fps | frame 6.37 ms | drain 6.17 ms
[19:53:15.185] [engine] A:512-draws | 157.0 fps | submit 0.20 ms | 185.2 Mtris/s
[19:53:16.182] [poc6-engine] 156.9 fps | frame 6.37 ms | drain 6.16 ms
[19:53:16.189] [engine] A:512-draws | 156.9 fps | submit 0.20 ms | 185.1 Mtris/s
[19:53:16.679] [engine] ---- switching to mode C:instanced ----
[19:53:17.188] [poc6-engine] 158.0 fps | frame 6.33 ms | drain 6.16 ms
[19:53:17.191] [engine] C:instanced | 158.0 fps | submit 0.15 ms | 186.4 Mtris/s
[19:53:18.194] [poc6-engine] 159.2 fps | frame 6.28 ms | drain 6.16 ms
[19:53:18.198] [engine] C:instanced | 159.2 fps | submit 0.11 ms | 187.9 Mtris/s
[19:53:19.198] [poc6-engine] 159.2 fps | frame 6.28 ms | drain 6.16 ms
[19:53:19.206] [engine] C:instanced | 159.2 fps | submit 0.11 ms | 187.8 Mtris/s
[19:53:20.203] [poc6-engine] 159.2 fps | frame 6.28 ms | drain 6.16 ms
[19:53:20.206] [engine] C:instanced | 159.2 fps | submit 0.11 ms | 187.8 Mtris/s
[19:53:21.207] [poc6-engine] 159.3 fps | frame 6.28 ms | drain 6.16 ms
[19:53:21.211] [engine] C:instanced | 159.3 fps | submit 0.11 ms | 187.9 Mtris/s
[19:53:22.214] [poc6-engine] 159.2 fps | frame 6.28 ms | drain 6.16 ms
[19:53:22.218] [engine] C:instanced | 159.2 fps | submit 0.11 ms | 187.8 Mtris/s
[19:53:23.218] [poc6-engine] 159.2 fps | frame 6.28 ms | drain 6.16 ms
[19:53:23.222] [engine] C:instanced | 159.2 fps | submit 0.11 ms | 187.8 Mtris/s
[19:53:24.223] [poc6-engine] 159.2 fps | frame 6.28 ms | drain 6.16 ms
[19:53:24.229] [engine] C:instanced | 159.2 fps | submit 0.11 ms | 187.8 Mtris/s
[19:53:24.682] [engine] ---- switching to mode A:512-draws ----
[19:53:25.224] [poc6-engine] 157.8 fps | frame 6.34 ms | drain 6.17 ms
[19:53:25.229] [engine] A:512-draws | 157.8 fps | submit 0.16 ms | 186.2 Mtris/s
[19:53:26.224] [poc6-engine] 156.9 fps | frame 6.37 ms | drain 6.17 ms
[19:53:26.226] [engine] A:512-draws | 156.9 fps | submit 0.20 ms | 185.1 Mtris/s
[19:53:27.225] [poc6-engine] 156.9 fps | frame 6.37 ms | drain 6.17 ms
[19:53:27.229] [engine] A:512-draws | 156.9 fps | submit 0.20 ms | 185.1 Mtris/s
[19:53:28.224] [poc6-engine] 157.0 fps | frame 6.37 ms | drain 6.16 ms
[19:53:28.232] [engine] A:512-draws | 157.0 fps | submit 0.20 ms | 185.2 Mtris/s
[19:53:29.225] [poc6-engine] 156.9 fps | frame 6.37 ms | drain 6.16 ms
[19:53:29.228] [engine] A:512-draws | 156.9 fps | submit 0.20 ms | 185.1 Mtris/s
[19:53:30.226] [poc6-engine] 156.9 fps | frame 6.37 ms | drain 6.17 ms
[19:53:30.233] [engine] A:512-draws | 156.9 fps | submit 0.20 ms | 185.1 Mtris/s
[19:53:31.232] [poc6-engine] 157.0 fps | frame 6.37 ms | drain 6.16 ms
[19:53:31.238] [engine] A:512-draws | 157.0 fps | submit 0.20 ms | 185.2 Mtris/s
[19:53:32.233] [poc6-engine] 157.0 fps | frame 6.37 ms | drain 6.16 ms
[19:53:32.235] [engine] A:512-draws | 157.0 fps | submit 0.20 ms | 185.2 Mtris/s
[19:53:32.687] [engine] ---- switching to mode C:instanced ----
[19:53:33.238] [poc6-engine] 158.1 fps | frame 6.33 ms | drain 6.16 ms
[19:53:33.241] [engine] C:instanced | 158.1 fps | submit 0.15 ms | 186.5 Mtris/s
[19:53:34.243] [poc6-engine] 159.2 fps | frame 6.28 ms | drain 6.16 ms
[19:53:34.248] [engine] C:instanced | 159.2 fps | submit 0.11 ms | 187.9 Mtris/s
[19:53:35.247] [poc6-engine] 159.3 fps | frame 6.28 ms | drain 6.16 ms
[19:53:35.251] [engine] C:instanced | 159.3 fps | submit 0.11 ms | 187.9 Mtris/s
[19:53:36.252] [poc6-engine] 159.2 fps | frame 6.28 ms | drain 6.16 ms
[19:53:36.256] [engine] C:instanced | 159.2 fps | submit 0.11 ms | 187.8 Mtris/s
[19:53:37.257] [poc6-engine] 159.3 fps | frame 6.28 ms | drain 6.16 ms
[19:53:37.261] [engine] C:instanced | 159.3 fps | submit 0.11 ms | 187.9 Mtris/s
[19:53:38.263] [poc6-engine] 159.3 fps | frame 6.28 ms | drain 6.16 ms
[19:53:38.269] [engine] C:instanced | 159.3 fps | submit 0.11 ms | 187.9 Mtris/s
[19:53:39.271] [poc6-engine] 159.2 fps | frame 6.28 ms | drain 6.16 ms
[19:53:39.278] [engine] C:instanced | 159.2 fps | submit 0.11 ms | 187.8 Mtris/s
[19:53:40.270] [poc6-engine] 159.3 fps | frame 6.28 ms | drain 6.16 ms
[19:53:40.276] [engine] C:instanced | 159.3 fps | submit 0.11 ms | 187.9 Mtris/s
[19:53:40.692] [engine] ---- switching to mode A:512-draws ----
[19:53:41.271] [poc6-engine] 157.8 fps | frame 6.34 ms | drain 6.16 ms
[19:53:41.274] [engine] A:512-draws | 157.8 fps | submit 0.16 ms | 186.2 Mtris/s
[19:53:42.278] [poc6-engine] 157.0 fps | frame 6.37 ms | drain 6.16 ms
[19:53:42.283] [engine] A:512-draws | 157.0 fps | submit 0.20 ms | 185.2 Mtris/s
[19:53:43.293] [poc6-engine] 157.0 fps | frame 6.37 ms | drain 6.16 ms
[19:53:43.309] [engine] A:512-draws | 157.0 fps | submit 0.20 ms | 185.2 Mtris/s
[19:53:44.286] [poc6-engine] 157.0 fps | frame 6.37 ms | drain 6.16 ms
[19:53:44.291] [engine] A:512-draws | 157.0 fps | submit 0.20 ms | 185.2 Mtris/s
[19:53:45.290] [poc6-engine] 157.0 fps | frame 6.37 ms | drain 6.16 ms
[19:53:45.292] [engine] A:512-draws | 157.0 fps | submit 0.20 ms | 185.2 Mtris/s
[19:53:46.291] [poc6-engine] 157.0 fps | frame 6.37 ms | drain 6.16 ms
[19:53:46.296] [engine] A:512-draws | 157.0 fps | submit 0.20 ms | 185.2 Mtris/s
[19:53:47.290] [poc6-engine] 156.9 fps | frame 6.37 ms | drain 6.17 ms
[19:53:47.295] [engine] A:512-draws | 156.9 fps | submit 0.20 ms | 185.1 Mtris/s
[19:53:48.291] [poc6-engine] 156.9 fps | frame 6.37 ms | drain 6.16 ms
[19:53:48.296] [engine] A:512-draws | 156.9 fps | submit 0.20 ms | 185.1 Mtris/s
[19:53:48.694] [engine] ---- switching to mode C:instanced ----
[19:53:49.297] [poc6-engine] 158.2 fps | frame 6.32 ms | drain 6.16 ms
[19:53:49.300] [engine] C:instanced | 158.2 fps | submit 0.14 ms | 186.6 Mtris/s
[19:53:50.305] [poc6-engine] 159.2 fps | frame 6.28 ms | drain 6.16 ms
[19:53:50.308] [engine] C:instanced | 159.2 fps | submit 0.11 ms | 187.8 Mtris/s
[19:53:51.307] [poc6-engine] 159.2 fps | frame 6.28 ms | drain 6.16 ms
[19:53:51.309] [engine] C:instanced | 159.2 fps | submit 0.11 ms | 187.8 Mtris/s
[19:53:52.312] [poc6-engine] 159.2 fps | frame 6.28 ms | drain 6.16 ms
[19:53:52.314] [engine] C:instanced | 159.2 fps | submit 0.11 ms | 187.8 Mtris/s
[19:53:53.318] [poc6-engine] 159.3 fps | frame 6.28 ms | drain 6.16 ms
[19:53:53.322] [engine] C:instanced | 159.3 fps | submit 0.11 ms | 187.9 Mtris/s
[19:53:54.321] [poc6-engine] 159.3 fps | frame 6.28 ms | drain 6.16 ms
[19:53:54.324] [engine] C:instanced | 159.3 fps | submit 0.11 ms | 187.9 Mtris/s
[19:53:55.326] [poc6-engine] 159.2 fps | frame 6.28 ms | drain 6.16 ms
[19:53:55.329] [engine] C:instanced | 159.2 fps | submit 0.11 ms | 187.7 Mtris/s
[19:53:56.331] [poc6-engine] 159.2 fps | frame 6.28 ms | drain 6.16 ms
[19:53:56.335] [engine] C:instanced | 159.2 fps | submit 0.11 ms | 187.8 Mtris/s
[19:53:56.696] [engine] ---- switching to mode A:512-draws ----
[19:53:57.336] [poc6-engine] 157.6 fps | frame 6.34 ms | drain 6.16 ms
[19:53:57.338] [engine] A:512-draws | 157.6 fps | submit 0.16 ms | 186.0 Mtris/s
[19:53:58.333] [poc6-engine] 157.0 fps | frame 6.37 ms | drain 6.16 ms
[19:53:58.336] [engine] A:512-draws | 157.0 fps | submit 0.20 ms | 185.2 Mtris/s
[19:53:59.333] [poc6-engine] 157.0 fps | frame 6.37 ms | drain 6.16 ms
[19:53:59.335] [engine] A:512-draws | 157.0 fps | submit 0.20 ms | 185.2 Mtris/s
[19:54:00.340] [poc6-engine] 157.0 fps | frame 6.37 ms | drain 6.16 ms
[19:54:00.342] [engine] A:512-draws | 157.0 fps | submit 0.20 ms | 185.2 Mtris/s
[19:54:01.340] [poc6-engine] 157.0 fps | frame 6.37 ms | drain 6.16 ms
[19:54:01.343] [engine] A:512-draws | 157.0 fps | submit 0.20 ms | 185.2 Mtris/s
[19:54:02.341] [poc6-engine] 156.9 fps | frame 6.37 ms | drain 6.17 ms
[19:54:02.344] [engine] A:512-draws | 156.9 fps | submit 0.20 ms | 185.1 Mtris/s
[19:54:03.340] [poc6-engine] 156.9 fps | frame 6.37 ms | drain 6.16 ms
[19:54:03.342] [engine] A:512-draws | 156.9 fps | submit 0.20 ms | 185.1 Mtris/s
[19:54:04.341] [poc6-engine] 156.9 fps | frame 6.37 ms | drain 6.17 ms
[19:54:04.344] [engine] A:512-draws | 156.9 fps | submit 0.20 ms | 185.1 Mtris/s
[19:54:04.699] [engine] ---- switching to mode C:instanced ----
[19:54:05.345] [poc6-engine] 158.4 fps | frame 6.31 ms | drain 6.16 ms
[19:54:05.348] [engine] C:instanced | 158.4 fps | submit 0.14 ms | 186.9 Mtris/s
[19:54:06.350] [poc6-engine] 159.3 fps | frame 6.28 ms | drain 6.16 ms
[19:54:06.352] [engine] C:instanced | 159.3 fps | submit 0.11 ms | 188.0 Mtris/s
[19:54:07.354] [poc6-engine] 159.2 fps | frame 6.28 ms | drain 6.16 ms
[19:54:07.356] [engine] C:instanced | 159.2 fps | submit 0.11 ms | 187.8 Mtris/s
[19:54:08.358] [poc6-engine] 159.3 fps | frame 6.28 ms | drain 6.16 ms
[19:54:08.361] [engine] C:instanced | 159.3 fps | submit 0.11 ms | 187.9 Mtris/s
[19:54:09.363] [poc6-engine] 159.3 fps | frame 6.28 ms | drain 6.16 ms
[19:54:09.366] [engine] C:instanced | 159.3 fps | submit 0.11 ms | 187.9 Mtris/s
[19:54:10.368] [poc6-engine] 159.3 fps | frame 6.28 ms | drain 6.16 ms
[19:54:10.370] [engine] C:instanced | 159.3 fps | submit 0.11 ms | 187.9 Mtris/s
[19:54:11.372] [poc6-engine] 159.3 fps | frame 6.28 ms | drain 6.16 ms
[19:54:11.375] [engine] C:instanced | 159.3 fps | submit 0.11 ms | 187.9 Mtris/s
[19:54:12.376] [poc6-engine] 159.3 fps | frame 6.28 ms | drain 6.16 ms
[19:54:12.380] [engine] C:instanced | 159.3 fps | submit 0.11 ms | 187.9 Mtris/s
[19:54:12.704] [engine] ---- switching to mode A:512-draws ----
[19:54:13.378] [poc6-engine] 157.6 fps | frame 6.34 ms | drain 6.16 ms
[19:54:13.380] [engine] A:512-draws | 157.6 fps | submit 0.17 ms | 185.9 Mtris/s
[19:54:14.379] [poc6-engine] 157.0 fps | frame 6.37 ms | drain 6.16 ms
[19:54:14.381] [engine] A:512-draws | 157.0 fps | submit 0.20 ms | 185.2 Mtris/s
[19:54:15.380] [poc6-engine] 156.9 fps | frame 6.37 ms | drain 6.16 ms
[19:54:15.382] [engine] A:512-draws | 156.9 fps | submit 0.20 ms | 185.1 Mtris/s
[19:54:16.381] [poc6-engine] 157.0 fps | frame 6.37 ms | drain 6.16 ms
[19:54:16.383] [engine] A:512-draws | 157.0 fps | submit 0.20 ms | 185.2 Mtris/s
[19:54:17.380] [poc6-engine] 156.9 fps | frame 6.37 ms | drain 6.17 ms
[19:54:17.382] [engine] A:512-draws | 156.9 fps | submit 0.20 ms | 185.1 Mtris/s
[19:54:18.381] [poc6-engine] 156.9 fps | frame 6.37 ms | drain 6.17 ms
[19:54:18.382] [engine] A:512-draws | 156.9 fps | submit 0.20 ms | 185.1 Mtris/s
[19:54:19.380] [poc6-engine] 157.0 fps | frame 6.37 ms | drain 6.16 ms
[19:54:19.382] [engine] A:512-draws | 157.0 fps | submit 0.20 ms | 185.2 Mtris/s
[19:54:20.381] [poc6-engine] 157.0 fps | frame 6.37 ms | drain 6.16 ms
[19:54:20.384] [engine] A:512-draws | 157.0 fps | submit 0.20 ms | 185.2 Mtris/s
[19:54:20.707] [engine] ---- switching to mode C:instanced ----
[19:54:21.386] [poc6-engine] 158.4 fps | frame 6.31 ms | drain 6.16 ms
[19:54:21.389] [engine] C:instanced | 158.4 fps | submit 0.14 ms | 186.8 Mtris/s
[19:54:22.399] [poc6-engine] 159.3 fps | frame 6.28 ms | drain 6.16 ms
[19:54:22.421] [engine] C:instanced | 159.3 fps | submit 0.11 ms | 187.9 Mtris/s
[19:54:23.395] [poc6-engine] 159.2 fps | frame 6.28 ms | drain 6.16 ms
[19:54:23.398] [engine] C:instanced | 159.2 fps | submit 0.11 ms | 187.8 Mtris/s
[19:54:24.399] [poc6-engine] 159.2 fps | frame 6.28 ms | drain 6.16 ms
[19:54:24.402] [engine] C:instanced | 159.2 fps | submit 0.11 ms | 187.8 Mtris/s
[19:54:25.405] [poc6-engine] 159.2 fps | frame 6.28 ms | drain 6.16 ms
[19:54:25.411] [engine] C:instanced | 159.2 fps | submit 0.11 ms | 187.8 Mtris/s
[19:54:26.410] [poc6-engine] 159.3 fps | frame 6.28 ms | drain 6.16 ms
[19:54:26.414] [engine] C:instanced | 159.3 fps | submit 0.11 ms | 187.9 Mtris/s
[19:54:27.414] [poc6-engine] 159.3 fps | frame 6.28 ms | drain 6.16 ms
[19:54:27.418] [engine] C:instanced | 159.3 fps | submit 0.11 ms | 187.9 Mtris/s
[19:54:28.418] [poc6-engine] 159.2 fps | frame 6.28 ms | drain 6.16 ms
[19:54:28.420] [engine] C:instanced | 159.2 fps | submit 0.11 ms | 187.8 Mtris/s
[19:54:28.708] [engine] ---- switching to mode A:512-draws ----
[19:54:29.431] [poc6-engine] 157.5 fps | frame 6.35 ms | drain 6.16 ms
[19:54:29.437] [engine] A:512-draws | 157.5 fps | submit 0.17 ms | 185.8 Mtris/s
[19:54:30.422] [poc6-engine] 156.9 fps | frame 6.37 ms | drain 6.17 ms
[19:54:30.424] [engine] A:512-draws | 156.9 fps | submit 0.20 ms | 185.1 Mtris/s
[19:54:31.422] [poc6-engine] 156.9 fps | frame 6.37 ms | drain 6.17 ms
[19:54:31.425] [engine] A:512-draws | 156.9 fps | submit 0.20 ms | 185.1 Mtris/s
[19:54:32.423] [poc6-engine] 156.9 fps | frame 6.37 ms | drain 6.17 ms
[19:54:32.425] [engine] A:512-draws | 156.9 fps | submit 0.20 ms | 185.1 Mtris/s
[19:54:33.422] [poc6-engine] 157.0 fps | frame 6.37 ms | drain 6.16 ms
[19:54:33.425] [engine] A:512-draws | 157.0 fps | submit 0.20 ms | 185.2 Mtris/s
[19:54:34.429] [poc6-engine] 157.0 fps | frame 6.37 ms | drain 6.16 ms
[19:54:34.431] [engine] A:512-draws | 157.0 fps | submit 0.20 ms | 185.2 Mtris/s
[19:54:35.429] [poc6-engine] 157.0 fps | frame 6.37 ms | drain 6.16 ms
[19:54:35.432] [engine] A:512-draws | 157.0 fps | submit 0.20 ms | 185.2 Mtris/s
[19:54:36.429] [poc6-engine] 157.0 fps | frame 6.37 ms | drain 6.16 ms
[19:54:36.431] [engine] A:512-draws | 157.0 fps | submit 0.20 ms | 185.2 Mtris/s
[19:54:36.710] [engine] ---- switching to mode C:instanced ----
[19:54:37.432] [poc6-engine] 158.5 fps | frame 6.31 ms | drain 6.16 ms
[19:54:37.434] [engine] C:instanced | 158.5 fps | submit 0.13 ms | 186.9 Mtris/s
[19:54:38.437] [poc6-engine] 159.3 fps | frame 6.28 ms | drain 6.16 ms
[19:54:38.440] [engine] C:instanced | 159.3 fps | submit 0.11 ms | 187.9 Mtris/s
[19:54:39.442] [poc6-engine] 159.2 fps | frame 6.28 ms | drain 6.16 ms
[19:54:39.444] [engine] C:instanced | 159.2 fps | submit 0.11 ms | 187.8 Mtris/s
[19:54:40.447] [poc6-engine] 159.3 fps | frame 6.28 ms | drain 6.16 ms
[19:54:40.449] [engine] C:instanced | 159.3 fps | submit 0.11 ms | 187.9 Mtris/s
[19:54:41.450] [poc6-engine] 159.3 fps | frame 6.28 ms | drain 6.16 ms
[19:54:41.454] [engine] C:instanced | 159.3 fps | submit 0.11 ms | 187.9 Mtris/s
[19:54:42.456] [poc6-engine] 159.2 fps | frame 6.28 ms | drain 6.16 ms
[19:54:42.458] [engine] C:instanced | 159.2 fps | submit 0.11 ms | 187.8 Mtris/s
[19:54:43.459] [poc6-engine] 159.3 fps | frame 6.28 ms | drain 6.16 ms
[19:54:43.464] [engine] C:instanced | 159.3 fps | submit 0.11 ms | 187.9 Mtris/s
[19:54:44.464] [poc6-engine] 159.3 fps | frame 6.28 ms | drain 6.16 ms
[19:54:44.466] [engine] C:instanced | 159.3 fps | submit 0.11 ms | 187.9 Mtris/s
[19:54:44.717] [engine] ---- switching to mode A:512-draws ----
[19:54:45.468] [poc6-engine] 157.4 fps | frame 6.35 ms | drain 6.16 ms
[19:54:45.471] [engine] A:512-draws | 157.4 fps | submit 0.17 ms | 185.7 Mtris/s
[19:54:46.468] [poc6-engine] 156.9 fps | frame 6.37 ms | drain 6.17 ms
[19:54:46.530] [engine] A:512-draws | 156.9 fps | submit 0.20 ms | 185.1 Mtris/s
[19:54:47.468] [poc6-engine] 157.0 fps | frame 6.37 ms | drain 6.16 ms
[19:54:47.472] [engine] A:512-draws | 157.0 fps | submit 0.20 ms | 185.2 Mtris/s
[19:54:48.470] [poc6-engine] 156.9 fps | frame 6.37 ms | drain 6.16 ms
[19:54:48.474] [engine] A:512-draws | 156.9 fps | submit 0.20 ms | 185.1 Mtris/s
[19:54:49.471] [poc6-engine] 156.9 fps | frame 6.37 ms | drain 6.16 ms
[19:54:49.478] [engine] A:512-draws | 156.9 fps | submit 0.20 ms | 185.1 Mtris/s
[19:54:50.470] [poc6-engine] 157.0 fps | frame 6.37 ms | drain 6.17 ms
[19:54:50.473] [engine] A:512-draws | 157.0 fps | submit 0.20 ms | 185.2 Mtris/s
[19:54:51.470] [poc6-engine] 156.9 fps | frame 6.37 ms | drain 6.17 ms
[19:54:51.474] [engine] A:512-draws | 156.9 fps | submit 0.20 ms | 185.1 Mtris/s
[19:54:52.471] [poc6-engine] 156.9 fps | frame 6.37 ms | drain 6.17 ms
[19:54:52.480] [engine] A:512-draws | 156.9 fps | submit 0.20 ms | 185.1 Mtris/s
[19:54:52.720] [engine] ---- switching to mode C:instanced ----
[19:54:53.847] [poc6-engine] 158.6 fps | frame 6.31 ms | drain 6.16 ms
[19:54:53.854] [engine] C:instanced | 158.6 fps | submit 0.13 ms | 187.0 Mtris/s
[19:54:54.478] [poc6-engine] 159.2 fps | frame 6.28 ms | drain 6.16 ms
[19:54:54.480] [engine] C:instanced | 159.2 fps | submit 0.11 ms | 187.8 Mtris/s
[19:54:55.483] [poc6-engine] 159.2 fps | frame 6.28 ms | drain 6.16 ms
[19:54:55.487] [engine] C:instanced | 159.2 fps | submit 0.11 ms | 187.9 Mtris/s
[19:54:56.487] [poc6-engine] 159.3 fps | frame 6.28 ms | drain 6.16 ms
[19:54:56.490] [engine] C:instanced | 159.3 fps | submit 0.11 ms | 187.9 Mtris/s
[19:54:57.492] [poc6-engine] 159.2 fps | frame 6.28 ms | drain 6.16 ms
[19:54:57.515] [engine] C:instanced | 159.2 fps | submit 0.11 ms | 187.8 Mtris/s
[19:54:58.498] [poc6-engine] 159.2 fps | frame 6.28 ms | drain 6.16 ms
[19:54:58.502] [engine] C:instanced | 159.2 fps | submit 0.11 ms | 187.8 Mtris/s
[19:54:59.504] [poc6-engine] 159.2 fps | frame 6.28 ms | drain 6.16 ms
[19:54:59.515] [engine] C:instanced | 159.2 fps | submit 0.11 ms | 187.8 Mtris/s
[19:55:00.507] [poc6-engine] 159.3 fps | frame 6.28 ms | drain 6.16 ms
[19:55:00.512] [engine] C:instanced | 159.3 fps | submit 0.11 ms | 187.9 Mtris/s
[19:55:00.722] [engine] ---- switching to mode A:512-draws ----
[19:55:01.511] [poc6-engine] 157.4 fps | frame 6.35 ms | drain 6.16 ms
[19:55:01.514] [engine] A:512-draws | 157.4 fps | submit 0.18 ms | 185.7 Mtris/s
[19:55:02.517] [poc6-engine] 157.0 fps | frame 6.37 ms | drain 6.16 ms
[19:55:02.519] [engine] A:512-draws | 157.0 fps | submit 0.20 ms | 185.2 Mtris/s
[19:55:03.519] [poc6-engine] 157.0 fps | frame 6.37 ms | drain 6.16 ms
[19:55:03.523] [engine] A:512-draws | 157.0 fps | submit 0.20 ms | 185.2 Mtris/s
[19:55:04.518] [poc6-engine] 156.9 fps | frame 6.37 ms | drain 6.16 ms
[19:55:04.522] [engine] A:512-draws | 156.9 fps | submit 0.20 ms | 185.1 Mtris/s
[19:55:05.519] [poc6-engine] 156.9 fps | frame 6.37 ms | drain 6.16 ms
[19:55:05.522] [engine] A:512-draws | 156.9 fps | submit 0.20 ms | 185.1 Mtris/s
[19:55:06.519] [poc6-engine] 157.0 fps | frame 6.37 ms | drain 6.16 ms
[19:55:06.523] [engine] A:512-draws | 157.0 fps | submit 0.20 ms | 185.2 Mtris/s
[19:55:07.519] [poc6-engine] 157.0 fps | frame 6.37 ms | drain 6.16 ms
[19:55:07.521] [engine] A:512-draws | 157.0 fps | submit 0.20 ms | 185.2 Mtris/s
[19:55:08.525] [poc6-engine] 157.0 fps | frame 6.37 ms | drain 6.16 ms
[19:55:08.527] [engine] A:512-draws | 157.0 fps | submit 0.20 ms | 185.2 Mtris/s
[19:55:08.723] [engine] ---- switching to mode C:instanced ----
[19:55:09.527] [poc6-engine] 158.8 fps | frame 6.30 ms | drain 6.16 ms
[19:55:10.152] [engine] C:instanced | 158.8 fps | submit 0.13 ms | 187.3 Mtris/s
[19:55:10.530] [poc6-engine] 159.3 fps | frame 6.28 ms | drain 6.16 ms
[19:55:10.533] [engine] C:instanced | 159.3 fps | submit 0.11 ms | 188.0 Mtris/s
[19:55:11.535] [poc6-engine] 159.3 fps | frame 6.28 ms | drain 6.16 ms
[19:55:11.538] [engine] C:instanced | 159.3 fps | submit 0.11 ms | 187.9 Mtris/s
[19:55:12.539] [poc6-engine] 159.2 fps | frame 6.28 ms | drain 6.16 ms
[19:55:12.542] [engine] C:instanced | 159.2 fps | submit 0.11 ms | 187.8 Mtris/s
[19:55:13.545] [poc6-engine] 159.3 fps | frame 6.28 ms | drain 6.16 ms
[19:55:13.547] [engine] C:instanced | 159.3 fps | submit 0.11 ms | 187.9 Mtris/s
[19:55:14.549] [poc6-engine] 159.2 fps | frame 6.28 ms | drain 6.16 ms
[19:55:14.553] [engine] C:instanced | 159.2 fps | submit 0.11 ms | 187.8 Mtris/s
[19:55:15.554] [poc6-engine] 159.3 fps | frame 6.28 ms | drain 6.16 ms
[19:55:15.557] [engine] C:instanced | 159.3 fps | submit 0.11 ms | 187.9 Mtris/s
[19:55:16.558] [poc6-engine] 159.3 fps | frame 6.28 ms | drain 6.16 ms
[19:55:16.560] [engine] C:instanced | 159.3 fps | submit 0.11 ms | 187.9 Mtris/s
[19:55:16.729] [engine] ---- switching to mode A:512-draws ----
[19:55:17.563] [poc6-engine] 157.3 fps | frame 6.36 ms | drain 6.16 ms
[19:55:17.565] [engine] A:512-draws | 157.3 fps | submit 0.18 ms | 185.5 Mtris/s
[19:55:18.563] [poc6-engine] 156.9 fps | frame 6.37 ms | drain 6.17 ms
[19:55:18.565] [engine] A:512-draws | 156.9 fps | submit 0.20 ms | 185.1 Mtris/s
[19:55:19.564] [poc6-engine] 156.9 fps | frame 6.37 ms | drain 6.17 ms
[19:55:19.566] [engine] A:512-draws | 156.9 fps | submit 0.20 ms | 185.1 Mtris/s
[19:55:20.563] [poc6-engine] 156.9 fps | frame 6.37 ms | drain 6.17 ms
[19:55:20.566] [engine] A:512-draws | 156.9 fps | submit 0.20 ms | 185.1 Mtris/s
[19:55:21.564] [poc6-engine] 157.0 fps | frame 6.37 ms | drain 6.16 ms
[19:55:21.566] [engine] A:512-draws | 157.0 fps | submit 0.20 ms | 185.2 Mtris/s
[19:55:22.566] [poc6-engine] 157.0 fps | frame 6.37 ms | drain 6.16 ms
[19:55:22.572] [engine] A:512-draws | 157.0 fps | submit 0.20 ms | 185.2 Mtris/s
[19:55:23.565] [poc6-engine] 157.0 fps | frame 6.37 ms | drain 6.16 ms
[19:55:23.568] [engine] A:512-draws | 157.0 fps | submit 0.20 ms | 185.2 Mtris/s
[19:55:24.566] [poc6-engine] 156.9 fps | frame 6.37 ms | drain 6.16 ms
[19:55:24.569] [engine] A:512-draws | 156.9 fps | submit 0.20 ms | 185.1 Mtris/s
[19:55:24.732] [engine] ---- switching to mode C:instanced ----
[19:55:25.567] [poc6-engine] 158.7 fps | frame 6.30 ms | drain 6.16 ms
[19:55:25.569] [engine] C:instanced | 158.7 fps | submit 0.12 ms | 187.2 Mtris/s
[19:55:26.571] [poc6-engine] 159.2 fps | frame 6.28 ms | drain 6.16 ms
[19:55:26.575] [engine] C:instanced | 159.2 fps | submit 0.11 ms | 187.8 Mtris/s
[19:55:27.577] [poc6-engine] 159.2 fps | frame 6.28 ms | drain 6.16 ms
[19:55:27.579] [engine] C:instanced | 159.2 fps | submit 0.11 ms | 187.8 Mtris/s
[19:55:28.581] [poc6-engine] 159.2 fps | frame 6.28 ms | drain 6.16 ms
[19:55:28.584] [engine] C:instanced | 159.2 fps | submit 0.11 ms | 187.8 Mtris/s
[19:55:29.586] [poc6-engine] 159.3 fps | frame 6.28 ms | drain 6.16 ms
[19:55:29.589] [engine] C:instanced | 159.3 fps | submit 0.11 ms | 187.9 Mtris/s
[19:55:30.591] [poc6-engine] 159.2 fps | frame 6.28 ms | drain 6.16 ms
[19:55:30.593] [engine] C:instanced | 159.2 fps | submit 0.11 ms | 187.8 Mtris/s
[19:55:31.596] [poc6-engine] 159.2 fps | frame 6.28 ms | drain 6.16 ms
[19:55:31.599] [engine] C:instanced | 159.2 fps | submit 0.11 ms | 187.8 Mtris/s
[19:55:32.601] [poc6-engine] 159.3 fps | frame 6.28 ms | drain 6.16 ms
[19:55:32.604] [engine] C:instanced | 159.3 fps | submit 0.11 ms | 187.9 Mtris/s
[19:55:32.735] [engine] ---- switching to mode A:512-draws ----
[19:55:33.607] [poc6-engine] 157.0 fps | frame 6.37 ms | drain 6.16 ms
[19:55:33.609] [engine] A:512-draws | 157.0 fps | submit 0.18 ms | 185.3 Mtris/s
[19:55:34.607] [poc6-engine] 156.9 fps | frame 6.37 ms | drain 6.17 ms
[19:55:34.609] [engine] A:512-draws | 156.9 fps | submit 0.20 ms | 185.1 Mtris/s
[19:55:35.609] [poc6-engine] 157.0 fps | frame 6.37 ms | drain 6.16 ms
[19:55:35.611] [engine] A:512-draws | 157.0 fps | submit 0.20 ms | 185.2 Mtris/s
[19:55:36.607] [poc6-engine] 157.0 fps | frame 6.37 ms | drain 6.16 ms
[19:55:36.610] [engine] A:512-draws | 157.0 fps | submit 0.20 ms | 185.2 Mtris/s
[19:55:37.607] [poc6-engine] 157.0 fps | frame 6.37 ms | drain 6.16 ms
[19:55:37.610] [engine] A:512-draws | 157.0 fps | submit 0.20 ms | 185.2 Mtris/s
[19:55:38.609] [poc6-engine] 157.0 fps | frame 6.37 ms | drain 6.17 ms
[19:55:38.612] [engine] A:512-draws | 157.0 fps | submit 0.20 ms | 185.2 Mtris/s
[19:55:39.608] [poc6-engine] 157.0 fps | frame 6.37 ms | drain 6.16 ms
[19:55:39.611] [engine] A:512-draws | 157.0 fps | submit 0.20 ms | 185.2 Mtris/s
[19:55:40.609] [poc6-engine] 156.9 fps | frame 6.37 ms | drain 6.16 ms
[19:55:40.611] [engine] A:512-draws | 156.9 fps | submit 0.20 ms | 185.1 Mtris/s
[19:55:40.739] [engine] ---- switching to mode C:instanced ----
[19:55:41.612] [poc6-engine] 158.8 fps | frame 6.30 ms | drain 6.16 ms
[19:55:41.617] [engine] C:instanced | 158.8 fps | submit 0.12 ms | 187.3 Mtris/s
[19:55:42.615] [poc6-engine] 159.2 fps | frame 6.28 ms | drain 6.16 ms
[19:55:42.619] [engine] C:instanced | 159.2 fps | submit 0.11 ms | 187.8 Mtris/s
[19:55:43.622] [poc6-engine] 159.3 fps | frame 6.28 ms | drain 6.16 ms
[19:55:43.626] [engine] C:instanced | 159.3 fps | submit 0.11 ms | 187.9 Mtris/s
[19:55:44.623] [poc6-engine] 159.3 fps | frame 6.28 ms | drain 6.16 ms
[19:55:44.627] [engine] C:instanced | 159.3 fps | submit 0.11 ms | 187.9 Mtris/s
[19:55:45.628] [poc6-engine] 159.3 fps | frame 6.28 ms | drain 6.16 ms
[19:55:45.630] [engine] C:instanced | 159.3 fps | submit 0.11 ms | 187.9 Mtris/s
[19:55:46.632] [poc6-engine] 159.3 fps | frame 6.28 ms | drain 6.16 ms
[19:55:46.634] [engine] C:instanced | 159.3 fps | submit 0.11 ms | 187.9 Mtris/s
[19:55:47.638] [poc6-engine] 159.3 fps | frame 6.28 ms | drain 6.16 ms
[19:55:47.640] [engine] C:instanced | 159.3 fps | submit 0.11 ms | 187.9 Mtris/s
[19:55:48.642] [poc6-engine] 159.3 fps | frame 6.28 ms | drain 6.16 ms
[19:55:48.645] [engine] C:instanced | 159.3 fps | submit 0.11 ms | 187.9 Mtris/s
[19:55:48.743] [engine] ---- switching to mode A:512-draws ----
[19:55:49.647] [poc6-engine] 157.1 fps | frame 6.36 ms | drain 6.16 ms
[19:55:49.658] [engine] A:512-draws | 157.1 fps | submit 0.19 ms | 185.3 Mtris/s
[19:55:50.648] [poc6-engine] 156.9 fps | frame 6.37 ms | drain 6.17 ms
[19:55:50.653] [engine] A:512-draws | 156.9 fps | submit 0.20 ms | 185.1 Mtris/s
[19:55:51.648] [poc6-engine] 157.0 fps | frame 6.37 ms | drain 6.16 ms
[19:55:51.652] [engine] A:512-draws | 157.0 fps | submit 0.20 ms | 185.2 Mtris/s
[19:55:52.648] [poc6-engine] 156.9 fps | frame 6.37 ms | drain 6.16 ms
[19:55:52.653] [engine] A:512-draws | 156.9 fps | submit 0.20 ms | 185.1 Mtris/s
[19:55:53.649] [poc6-engine] 156.9 fps | frame 6.37 ms | drain 6.17 ms
[19:55:53.654] [engine] A:512-draws | 156.9 fps | submit 0.20 ms | 185.1 Mtris/s
[19:55:54.649] [poc6-engine] 156.9 fps | frame 6.37 ms | drain 6.17 ms
[19:55:54.657] [engine] A:512-draws | 156.9 fps | submit 0.20 ms | 185.1 Mtris/s
[19:55:55.651] [poc6-engine] 156.9 fps | frame 6.37 ms | drain 6.17 ms
[19:55:55.659] [engine] A:512-draws | 156.9 fps | submit 0.20 ms | 185.1 Mtris/s
[19:55:56.650] [poc6-engine] 156.9 fps | frame 6.37 ms | drain 6.17 ms
[19:55:56.656] [engine] A:512-draws | 156.9 fps | submit 0.20 ms | 185.1 Mtris/s
[19:55:56.747] [engine] ---- switching to mode C:instanced ----
[19:55:57.652] [poc6-engine] 158.8 fps | frame 6.30 ms | drain 6.16 ms
[19:55:57.657] [engine] C:instanced | 158.8 fps | submit 0.12 ms | 187.4 Mtris/s
[19:55:58.656] [poc6-engine] 159.3 fps | frame 6.28 ms | drain 6.16 ms
[19:55:58.662] [engine] C:instanced | 159.3 fps | submit 0.11 ms | 187.9 Mtris/s
[19:55:59.660] [poc6-engine] 159.3 fps | frame 6.28 ms | drain 6.16 ms
[19:55:59.663] [engine] C:instanced | 159.3 fps | submit 0.11 ms | 187.9 Mtris/s
[19:56:00.667] [poc6-engine] 159.1 fps | frame 6.28 ms | drain 6.16 ms
[19:56:00.672] [engine] C:instanced | 159.1 fps | submit 0.11 ms | 187.7 Mtris/s
[19:56:01.671] [poc6-engine] 159.2 fps | frame 6.28 ms | drain 6.16 ms
[19:56:01.673] [engine] C:instanced | 159.2 fps | submit 0.11 ms | 187.8 Mtris/s
[19:56:02.676] [poc6-engine] 159.2 fps | frame 6.28 ms | drain 6.16 ms
[19:56:02.678] [engine] C:instanced | 159.2 fps | submit 0.11 ms | 187.8 Mtris/s
[19:56:03.679] [poc6-engine] 159.3 fps | frame 6.28 ms | drain 6.16 ms
[19:56:03.682] [engine] C:instanced | 159.3 fps | submit 0.11 ms | 187.9 Mtris/s
[19:56:04.685] [poc6-engine] 159.2 fps | frame 6.28 ms | drain 6.16 ms
[19:56:04.687] [engine] C:instanced | 159.2 fps | submit 0.11 ms | 187.8 Mtris/s
[19:56:04.747] [engine] ---- switching to mode A:512-draws ----
[19:56:05.690] [poc6-engine] 157.1 fps | frame 6.37 ms | drain 6.16 ms
[19:56:05.693] [engine] A:512-draws | 157.1 fps | submit 0.19 ms | 185.3 Mtris/s
[19:56:06.693] [poc6-engine] 157.0 fps | frame 6.37 ms | drain 6.16 ms
[19:56:06.694] [engine] A:512-draws | 157.0 fps | submit 0.20 ms | 185.2 Mtris/s
[19:56:07.692] [poc6-engine] 156.9 fps | frame 6.37 ms | drain 6.16 ms
[19:56:07.694] [engine] A:512-draws | 156.9 fps | submit 0.20 ms | 185.1 Mtris/s
[19:56:08.691] [poc6-engine] 156.9 fps | frame 6.37 ms | drain 6.16 ms
[19:56:08.694] [engine] A:512-draws | 156.9 fps | submit 0.20 ms | 185.1 Mtris/s
[19:56:09.698] [poc6-engine] 157.0 fps | frame 6.37 ms | drain 6.16 ms
[19:56:09.700] [engine] A:512-draws | 157.0 fps | submit 0.20 ms | 185.2 Mtris/s
[19:56:10.698] [poc6-engine] 157.0 fps | frame 6.37 ms | drain 6.16 ms
[19:56:10.700] [engine] A:512-draws | 157.0 fps | submit 0.20 ms | 185.2 Mtris/s
[19:56:11.704] [poc6-engine] 157.0 fps | frame 6.37 ms | drain 6.16 ms
[19:56:11.707] [engine] A:512-draws | 157.0 fps | submit 0.20 ms | 185.2 Mtris/s
[19:56:12.705] [poc6-engine] 157.0 fps | frame 6.37 ms | drain 6.16 ms
[19:56:12.707] [engine] A:512-draws | 157.0 fps | submit 0.20 ms | 185.2 Mtris/s
[19:56:12.750] [engine] ---- switching to mode C:instanced ----
[19:56:13.710] [poc6-engine] 159.1 fps | frame 6.29 ms | drain 6.16 ms
[19:56:13.713] [engine] C:instanced | 159.1 fps | submit 0.11 ms | 187.6 Mtris/s
[19:56:14.714] [poc6-engine] 159.3 fps | frame 6.28 ms | drain 6.16 ms
[19:56:14.718] [engine] C:instanced | 159.3 fps | submit 0.11 ms | 187.9 Mtris/s
[19:56:15.719] [poc6-engine] 159.2 fps | frame 6.28 ms | drain 6.16 ms
[19:56:15.722] [engine] C:instanced | 159.2 fps | submit 0.11 ms | 187.8 Mtris/s
[19:56:16.723] [poc6-engine] 159.3 fps | frame 6.28 ms | drain 6.16 ms
[19:56:16.727] [engine] C:instanced | 159.3 fps | submit 0.11 ms | 187.9 Mtris/s
[19:56:17.728] [poc6-engine] 159.3 fps | frame 6.28 ms | drain 6.16 ms
[19:56:17.731] [engine] C:instanced | 159.3 fps | submit 0.11 ms | 187.9 Mtris/s
[19:56:18.733] [poc6-engine] 159.2 fps | frame 6.28 ms | drain 6.16 ms
[19:56:18.737] [engine] C:instanced | 159.2 fps | submit 0.11 ms | 187.9 Mtris/s
[19:56:19.737] [poc6-engine] 159.4 fps | frame 6.27 ms | drain 6.16 ms
[19:56:19.740] [engine] C:instanced | 159.4 fps | submit 0.11 ms | 188.0 Mtris/s
[19:56:20.741] [poc6-engine] 159.3 fps | frame 6.28 ms | drain 6.16 ms
[19:56:20.745] [engine] C:instanced | 159.3 fps | submit 0.11 ms | 187.9 Mtris/s
[19:56:20.755] [engine] ---- switching to mode A:512-draws ----
[19:56:21.742] [poc6-engine] 156.9 fps | frame 6.37 ms | drain 6.17 ms
[19:56:21.744] [engine] A:512-draws | 156.9 fps | submit 0.20 ms | 185.1 Mtris/s
[19:56:22.743] [poc6-engine] 156.9 fps | frame 6.37 ms | drain 6.16 ms
[19:56:22.745] [engine] A:512-draws | 156.9 fps | submit 0.20 ms | 185.1 Mtris/s
[19:56:23.744] [poc6-engine] 156.9 fps | frame 6.37 ms | drain 6.17 ms
[19:56:23.746] [engine] A:512-draws | 156.9 fps | submit 0.20 ms | 185.1 Mtris/s
[19:56:24.744] [poc6-engine] 157.0 fps | frame 6.37 ms | drain 6.17 ms
[19:56:24.746] [engine] A:512-draws | 157.0 fps | submit 0.20 ms | 185.2 Mtris/s
[19:56:25.746] [poc6-engine] 157.0 fps | frame 6.37 ms | drain 6.17 ms
[19:56:25.748] [engine] A:512-draws | 157.0 fps | submit 0.20 ms | 185.2 Mtris/s
[19:56:26.744] [poc6-engine] 157.0 fps | frame 6.37 ms | drain 6.17 ms
[19:56:26.746] [engine] A:512-draws | 157.0 fps | submit 0.20 ms | 185.1 Mtris/s
[19:56:27.745] [poc6-engine] 156.9 fps | frame 6.37 ms | drain 6.17 ms
[19:56:27.749] [engine] A:512-draws | 156.9 fps | submit 0.20 ms | 185.1 Mtris/s
[19:56:28.746] [poc6-engine] 156.9 fps | frame 6.38 ms | drain 6.17 ms
[19:56:28.748] [engine] A:512-draws | 156.9 fps | submit 0.20 ms | 185.0 Mtris/s
[19:56:28.760] [engine] ---- switching to mode C:instanced ----
[19:56:29.751] [poc6-engine] 159.1 fps | frame 6.28 ms | drain 6.16 ms
[19:56:29.754] [engine] C:instanced | 159.1 fps | submit 0.11 ms | 187.7 Mtris/s
[19:56:30.758] [poc6-engine] 159.2 fps | frame 6.28 ms | drain 6.16 ms
[19:56:30.766] [engine] C:instanced | 159.2 fps | submit 0.11 ms | 187.8 Mtris/s
[19:56:31.764] [poc6-engine] 159.2 fps | frame 6.28 ms | drain 6.16 ms
[19:56:31.772] [engine] C:instanced | 159.2 fps | submit 0.11 ms | 187.8 Mtris/s
[19:56:32.766] [poc6-engine] 159.2 fps | frame 6.28 ms | drain 6.16 ms
[19:56:32.773] [engine] C:instanced | 159.2 fps | submit 0.11 ms | 187.8 Mtris/s
[19:56:33.771] [poc6-engine] 159.2 fps | frame 6.28 ms | drain 6.16 ms
[19:56:33.777] [engine] C:instanced | 159.2 fps | submit 0.11 ms | 187.9 Mtris/s
[19:56:34.776] [poc6-engine] 159.3 fps | frame 6.28 ms | drain 6.16 ms
[19:56:34.780] [engine] C:instanced | 159.3 fps | submit 0.11 ms | 187.9 Mtris/s
[19:56:35.781] [poc6-engine] 159.3 fps | frame 6.28 ms | drain 6.16 ms
[19:56:35.789] [engine] C:instanced | 159.3 fps | submit 0.11 ms | 187.9 Mtris/s
[19:56:36.760] [engine] ---- switching to mode A:512-draws ----
[19:56:36.780] [poc6-engine] 159.0 fps | frame 6.29 ms | drain 6.16 ms
[19:56:36.784] [engine] A:512-draws | 159.0 fps | submit 0.11 ms | 187.5 Mtris/s
[19:56:37.780] [poc6-engine] 157.0 fps | frame 6.37 ms | drain 6.16 ms
[19:56:37.792] [engine] A:512-draws | 157.0 fps | submit 0.20 ms | 185.2 Mtris/s
[19:56:38.782] [poc6-engine] 157.0 fps | frame 6.37 ms | drain 6.17 ms
[19:56:38.793] [engine] A:512-draws | 157.0 fps | submit 0.20 ms | 185.1 Mtris/s
[19:56:39.781] [poc6-engine] 157.0 fps | frame 6.37 ms | drain 6.16 ms
[19:56:39.782] [engine] A:512-draws | 157.0 fps | submit 0.20 ms | 185.2 Mtris/s
[19:56:40.780] [poc6-engine] 157.0 fps | frame 6.37 ms | drain 6.16 ms
[19:56:40.782] [engine] A:512-draws | 157.0 fps | submit 0.20 ms | 185.2 Mtris/s
[19:56:41.780] [poc6-engine] 157.0 fps | frame 6.37 ms | drain 6.16 ms
[19:56:41.783] [engine] A:512-draws | 157.0 fps | submit 0.20 ms | 185.2 Mtris/s
[19:56:42.782] [poc6-engine] 156.9 fps | frame 6.38 ms | drain 6.17 ms
[19:56:42.784] [engine] A:512-draws | 156.9 fps | submit 0.20 ms | 185.0 Mtris/s
[19:56:43.781] [poc6-engine] 157.0 fps | frame 6.37 ms | drain 6.16 ms
[19:56:43.784] [engine] A:512-draws | 157.0 fps | submit 0.20 ms | 185.2 Mtris/s
[19:56:44.763] [engine] ---- switching to mode C:instanced ----
[19:56:44.781] [poc6-engine] 156.9 fps | frame 6.37 ms | drain 6.16 ms
[19:56:44.783] [engine] C:instanced | 156.9 fps | submit 0.20 ms | 185.1 Mtris/s
[19:56:45.787] [poc6-engine] 159.3 fps | frame 6.28 ms | drain 6.16 ms
[19:56:45.791] [engine] C:instanced | 159.3 fps | submit 0.11 ms | 187.9 Mtris/s
[19:56:46.790] [poc6-engine] 159.3 fps | frame 6.28 ms | drain 6.16 ms
[19:56:46.792] [engine] C:instanced | 159.3 fps | submit 0.11 ms | 187.9 Mtris/s
[19:56:47.795] [poc6-engine] 159.3 fps | frame 6.28 ms | drain 6.16 ms
[19:56:47.798] [engine] C:instanced | 159.3 fps | submit 0.11 ms | 187.9 Mtris/s
[19:56:48.805] [poc6-engine] 159.3 fps | frame 6.28 ms | drain 6.16 ms
[19:56:48.819] [engine] C:instanced | 159.3 fps | submit 0.11 ms | 187.9 Mtris/s
[19:56:49.804] [poc6-engine] 159.3 fps | frame 6.28 ms | drain 6.16 ms
[19:56:49.806] [engine] C:instanced | 159.3 fps | submit 0.11 ms | 187.9 Mtris/s
[19:56:50.809] [poc6-engine] 159.3 fps | frame 6.28 ms | drain 6.16 ms
[19:56:50.811] [engine] C:instanced | 159.3 fps | submit 0.11 ms | 187.9 Mtris/s
[19:56:51.813] [poc6-engine] 159.3 fps | frame 6.28 ms | drain 6.16 ms
[19:56:51.815] [engine] C:instanced | 159.3 fps | submit 0.11 ms | 187.9 Mtris/s
[19:56:52.767] [engine] ---- switching to mode A:512-draws ----
[19:56:52.819] [poc6-engine] 159.0 fps | frame 6.29 ms | drain 6.16 ms
[19:56:52.821] [engine] A:512-draws | 159.0 fps | submit 0.11 ms | 187.6 Mtris/s
[19:56:53.819] [poc6-engine] 157.0 fps | frame 6.37 ms | drain 6.16 ms
[19:56:53.822] [engine] A:512-draws | 157.0 fps | submit 0.20 ms | 185.2 Mtris/s
[19:56:54.820] [poc6-engine] 156.9 fps | frame 6.37 ms | drain 6.16 ms
[19:56:54.822] [engine] A:512-draws | 156.9 fps | submit 0.20 ms | 185.1 Mtris/s
[19:56:55.820] [poc6-engine] 156.9 fps | frame 6.37 ms | drain 6.17 ms
[19:56:55.822] [engine] A:512-draws | 156.9 fps | submit 0.20 ms | 185.1 Mtris/s
[19:56:56.821] [poc6-engine] 156.9 fps | frame 6.37 ms | drain 6.17 ms
[19:56:56.823] [engine] A:512-draws | 156.9 fps | submit 0.20 ms | 185.1 Mtris/s
[19:56:57.821] [poc6-engine] 157.0 fps | frame 6.37 ms | drain 6.16 ms
[19:56:57.823] [engine] A:512-draws | 157.0 fps | submit 0.20 ms | 185.2 Mtris/s
[19:56:58.821] [poc6-engine] 157.0 fps | frame 6.37 ms | drain 6.17 ms
[19:56:58.823] [engine] A:512-draws | 157.0 fps | submit 0.20 ms | 185.2 Mtris/s
[19:56:59.821] [poc6-engine] 156.9 fps | frame 6.37 ms | drain 6.17 ms
[19:56:59.823] [engine] A:512-draws | 156.9 fps | submit 0.20 ms | 185.1 Mtris/s
[19:57:00.771] [engine] ---- switching to mode C:instanced ----
[19:57:00.822] [poc6-engine] 156.9 fps | frame 6.37 ms | drain 6.17 ms
[19:57:00.824] [engine] C:instanced | 156.9 fps | submit 0.19 ms | 185.1 Mtris/s
[19:57:01.828] [poc6-engine] 159.3 fps | frame 6.28 ms | drain 6.16 ms
[19:57:01.831] [engine] C:instanced | 159.3 fps | submit 0.11 ms | 187.9 Mtris/s
[19:57:02.833] [poc6-engine] 159.2 fps | frame 6.28 ms | drain 6.16 ms
[19:57:02.835] [engine] C:instanced | 159.2 fps | submit 0.11 ms | 187.8 Mtris/s
[19:57:03.838] [poc6-engine] 159.2 fps | frame 6.28 ms | drain 6.16 ms
[19:57:03.839] [engine] C:instanced | 159.2 fps | submit 0.11 ms | 187.8 Mtris/s
[19:57:04.845] [poc6-engine] 159.2 fps | frame 6.28 ms | drain 6.16 ms
[19:57:04.847] [engine] C:instanced | 159.2 fps | submit 0.11 ms | 187.8 Mtris/s
[19:57:05.849] [poc6-engine] 159.1 fps | frame 6.28 ms | drain 6.16 ms
[19:57:05.851] [engine] C:instanced | 159.1 fps | submit 0.11 ms | 187.7 Mtris/s
[19:57:06.851] [poc6-engine] 159.3 fps | frame 6.28 ms | drain 6.16 ms
[19:57:06.853] [engine] C:instanced | 159.3 fps | submit 0.11 ms | 187.9 Mtris/s
[19:57:07.857] [poc6-engine] 159.3 fps | frame 6.28 ms | drain 6.16 ms
[19:57:07.860] [engine] C:instanced | 159.3 fps | submit 0.11 ms | 187.9 Mtris/s
[19:57:08.773] [engine] ---- switching to mode A:512-draws ----
[19:57:08.856] [poc6-engine] 159.0 fps | frame 6.29 ms | drain 6.16 ms
[19:57:08.858] [engine] A:512-draws | 159.0 fps | submit 0.12 ms | 187.5 Mtris/s
[19:57:09.857] [poc6-engine] 156.9 fps | frame 6.37 ms | drain 6.17 ms
[19:57:09.859] [engine] A:512-draws | 156.9 fps | submit 0.20 ms | 185.1 Mtris/s
[20:08:32.254] [               main.cpp]                          main@L0056: Hello!
[20:08:32.263] [               main.cpp]                          main@L0087: We need the kernel exploit to load the payload
[20:08:32.265] [          gx2sploit.cpp]               DoKernelExploit@L0205: Running GX2Sploit
[20:08:32.323] [          gx2sploit.cpp]               DoKernelExploit@L0272: GX2Sploit done
[20:08:32.326] [             ElfUtils.c]                 LoadFileToMem@L0027: Loading file /vol/external01/wiiu/payload.elf.
[20:08:32.336] [             ElfUtils.c]                   InstallMain@L0104: Copy section to 00FD0000 from 1062BDD8 (size: 118200)
[20:08:32.338] [               main.cpp]                          main@L0095: New entrypoint at 00FD1C4C
[20:11:28.560] [poc7-fillrate] starting
[20:11:29.031] [shader] CafeGLSL compiler loaded
[20:11:29.042] [shader] compiled ok (vs 72 bytes, ps 56 bytes, 2 attribs)
[20:11:29.050] [shader] compiled ok (vs 72 bytes, ps 32 bytes, 2 attribs)
[20:11:29.066] [shader] compiled ok (vs 72 bytes, ps 600 bytes, 2 attribs)
[20:11:29.069] [fill] textures ready (linear pitch 256, tiled pitch 256)
[20:11:30.102] [poc7-fillrate] 57.7 fps | frame 17.32 ms | drain 17.51 ms
[20:11:30.105] [fill] A:flat | 32x overdraw | 57.7 fps | 1.70 Gpix/s
[20:11:31.108] [poc7-fillrate] 56.7 fps | frame 17.65 ms | drain 17.51 ms
[20:11:31.111] [fill] A:flat | 32x overdraw | 56.7 fps | 1.67 Gpix/s
[20:11:32.117] [poc7-fillrate] 56.7 fps | frame 17.64 ms | drain 17.51 ms
[20:11:32.119] [fill] A:flat | 32x overdraw | 56.7 fps | 1.67 Gpix/s
[20:11:33.119] [poc7-fillrate] 56.7 fps | frame 17.64 ms | drain 17.51 ms
[20:11:33.123] [fill] A:flat | 32x overdraw | 56.7 fps | 1.67 Gpix/s
[20:11:34.125] [poc7-fillrate] 56.7 fps | frame 17.64 ms | drain 17.52 ms
[20:11:34.128] [fill] A:flat | 32x overdraw | 56.7 fps | 1.67 Gpix/s
[20:11:35.131] [poc7-fillrate] 56.7 fps | frame 17.65 ms | drain 17.51 ms
[20:11:35.134] [fill] A:flat | 32x overdraw | 56.7 fps | 1.67 Gpix/s
[20:11:36.137] [poc7-fillrate] 56.6 fps | frame 17.65 ms | drain 17.51 ms
[20:11:36.140] [fill] A:flat | 32x overdraw | 56.6 fps | 1.67 Gpix/s
[20:11:37.091] [fill] ---- switching to mode B:tex-linear ----
[20:11:37.144] [poc7-fillrate] 56.6 fps | frame 17.67 ms | drain 17.53 ms
[20:11:37.147] [fill] B:tex-linear | 32x overdraw | 56.6 fps | 1.67 Gpix/s
[20:11:38.145] [poc7-fillrate] 55.9 fps | frame 17.87 ms | drain 17.75 ms
[20:11:38.148] [fill] B:tex-linear | 32x overdraw | 55.9 fps | 1.65 Gpix/s
[20:11:39.146] [poc7-fillrate] 55.9 fps | frame 17.88 ms | drain 17.75 ms
[20:11:39.150] [fill] B:tex-linear | 32x overdraw | 55.9 fps | 1.65 Gpix/s
[20:11:40.148] [poc7-fillrate] 55.9 fps | frame 17.87 ms | drain 17.75 ms
[20:11:40.149] [fill] B:tex-linear | 32x overdraw | 55.9 fps | 1.65 Gpix/s
[20:11:41.150] [poc7-fillrate] 55.9 fps | frame 17.88 ms | drain 17.74 ms
[20:11:41.151] [fill] B:tex-linear | 32x overdraw | 55.9 fps | 1.65 Gpix/s
[20:11:42.151] [poc7-fillrate] 55.9 fps | frame 17.88 ms | drain 17.75 ms
[20:11:42.153] [fill] B:tex-linear | 32x overdraw | 55.9 fps | 1.65 Gpix/s
[20:11:43.152] [poc7-fillrate] 55.9 fps | frame 17.88 ms | drain 17.75 ms
[20:11:43.155] [fill] B:tex-linear | 32x overdraw | 55.9 fps | 1.65 Gpix/s
[20:11:44.154] [poc7-fillrate] 55.9 fps | frame 17.88 ms | drain 17.75 ms
[20:11:44.157] [fill] B:tex-linear | 32x overdraw | 55.9 fps | 1.65 Gpix/s
[20:11:45.101] [fill] ---- switching to mode C:tex-tiled ----
[20:11:45.155] [poc7-fillrate] 55.9 fps | frame 17.89 ms | drain 17.74 ms
[20:11:45.158] [fill] C:tex-tiled | 32x overdraw | 55.9 fps | 1.65 Gpix/s
[20:11:46.161] [poc7-fillrate] 56.6 fps | frame 17.66 ms | drain 17.52 ms
[20:11:46.163] [fill] C:tex-tiled | 32x overdraw | 56.6 fps | 1.67 Gpix/s
[20:11:47.167] [poc7-fillrate] 56.6 fps | frame 17.65 ms | drain 17.52 ms
[20:11:47.169] [fill] C:tex-tiled | 32x overdraw | 56.6 fps | 1.67 Gpix/s
[20:11:48.173] [poc7-fillrate] 56.7 fps | frame 17.65 ms | drain 17.52 ms
[20:11:48.175] [fill] C:tex-tiled | 32x overdraw | 56.7 fps | 1.67 Gpix/s
[20:11:49.179] [poc7-fillrate] 56.6 fps | frame 17.66 ms | drain 17.52 ms
[20:11:49.183] [fill] C:tex-tiled | 32x overdraw | 56.6 fps | 1.67 Gpix/s
[20:11:50.185] [poc7-fillrate] 56.6 fps | frame 17.65 ms | drain 17.52 ms
[20:11:50.189] [fill] C:tex-tiled | 32x overdraw | 56.6 fps | 1.67 Gpix/s
[20:11:51.191] [poc7-fillrate] 56.7 fps | frame 17.65 ms | drain 17.52 ms
[20:11:51.194] [fill] C:tex-tiled | 32x overdraw | 56.7 fps | 1.67 Gpix/s
[20:11:52.198] [poc7-fillrate] 56.6 fps | frame 17.66 ms | drain 17.52 ms
[20:11:52.200] [fill] C:tex-tiled | 32x overdraw | 56.6 fps | 1.67 Gpix/s
[20:11:53.116] [fill] ---- switching to mode D:tiled+phong ----
[20:11:53.203] [poc7-fillrate] 52.8 fps | frame 18.95 ms | drain 18.80 ms
[20:11:53.206] [fill] D:tiled+phong | 32x overdraw | 52.8 fps | 1.56 Gpix/s
[20:11:54.233] [poc7-fillrate] 11.7 fps | frame 85.75 ms | drain 85.55 ms
[20:11:54.235] [fill] D:tiled+phong | 32x overdraw | 11.7 fps | 0.34 Gpix/s
[20:11:55.261] [poc7-fillrate] 11.7 fps | frame 85.74 ms | drain 85.54 ms
[20:11:55.263] [fill] D:tiled+phong | 32x overdraw | 11.7 fps | 0.34 Gpix/s
[20:11:56.289] [poc7-fillrate] 11.7 fps | frame 85.74 ms | drain 85.54 ms
[20:11:56.292] [fill] D:tiled+phong | 32x overdraw | 11.7 fps | 0.34 Gpix/s
[20:11:57.318] [poc7-fillrate] 11.7 fps | frame 85.76 ms | drain 85.55 ms
[20:11:57.321] [fill] D:tiled+phong | 32x overdraw | 11.7 fps | 0.34 Gpix/s
[20:11:58.348] [poc7-fillrate] 11.7 fps | frame 85.74 ms | drain 85.54 ms
[20:11:58.350] [fill] D:tiled+phong | 32x overdraw | 11.7 fps | 0.34 Gpix/s
[20:11:59.377] [poc7-fillrate] 11.7 fps | frame 85.74 ms | drain 85.54 ms
[20:11:59.379] [fill] D:tiled+phong | 32x overdraw | 11.7 fps | 0.34 Gpix/s
[20:12:00.405] [poc7-fillrate] 11.7 fps | frame 85.75 ms | drain 85.55 ms
[20:12:00.408] [fill] D:tiled+phong | 32x overdraw | 11.7 fps | 0.34 Gpix/s
[20:12:01.177] [fill] ---- switching to mode A:flat ----
[20:12:01.407] [poc7-fillrate] 22.0 fps | frame 45.53 ms | drain 45.34 ms
[20:12:01.409] [fill] A:flat | 32x overdraw | 22.0 fps | 0.65 Gpix/s
[20:12:02.413] [poc7-fillrate] 56.7 fps | frame 17.65 ms | drain 17.51 ms
[20:12:02.415] [fill] A:flat | 32x overdraw | 56.7 fps | 1.67 Gpix/s
[20:12:03.419] [poc7-fillrate] 56.7 fps | frame 17.65 ms | drain 17.52 ms
[20:12:03.423] [fill] A:flat | 32x overdraw | 56.7 fps | 1.67 Gpix/s
[20:12:04.425] [poc7-fillrate] 56.7 fps | frame 17.65 ms | drain 17.52 ms
[20:12:04.430] [fill] A:flat | 32x overdraw | 56.7 fps | 1.67 Gpix/s
[20:12:05.433] [poc7-fillrate] 56.7 fps | frame 17.64 ms | drain 17.51 ms
[20:12:05.440] [fill] A:flat | 32x overdraw | 56.7 fps | 1.67 Gpix/s
[20:12:06.437] [poc7-fillrate] 56.7 fps | frame 17.65 ms | drain 17.51 ms
[20:12:06.446] [fill] A:flat | 32x overdraw | 56.7 fps | 1.67 Gpix/s
[20:12:07.444] [poc7-fillrate] 56.7 fps | frame 17.65 ms | drain 17.52 ms
[20:12:07.446] [fill] A:flat | 32x overdraw | 56.7 fps | 1.67 Gpix/s
[20:12:08.449] [poc7-fillrate] 56.7 fps | frame 17.65 ms | drain 17.51 ms
[20:12:08.451] [fill] A:flat | 32x overdraw | 56.7 fps | 1.67 Gpix/s
[20:12:09.193] [fill] ---- switching to mode B:tex-linear ----
[20:12:09.458] [poc7-fillrate] 56.4 fps | frame 17.72 ms | drain 17.57 ms
[20:12:09.460] [fill] B:tex-linear | 32x overdraw | 56.4 fps | 1.66 Gpix/s
[20:12:10.459] [poc7-fillrate] 55.9 fps | frame 17.88 ms | drain 17.75 ms
[20:12:10.464] [fill] B:tex-linear | 32x overdraw | 55.9 fps | 1.65 Gpix/s
[20:12:11.461] [poc7-fillrate] 55.9 fps | frame 17.87 ms | drain 17.75 ms
[20:12:11.464] [fill] B:tex-linear | 32x overdraw | 55.9 fps | 1.65 Gpix/s
[20:12:12.462] [poc7-fillrate] 55.9 fps | frame 17.88 ms | drain 17.74 ms
[20:12:12.466] [fill] B:tex-linear | 32x overdraw | 55.9 fps | 1.65 Gpix/s
[20:12:13.463] [poc7-fillrate] 55.9 fps | frame 17.88 ms | drain 17.75 ms
[20:12:13.466] [fill] B:tex-linear | 32x overdraw | 55.9 fps | 1.65 Gpix/s
[20:12:14.464] [poc7-fillrate] 55.9 fps | frame 17.88 ms | drain 17.75 ms
[20:12:14.469] [fill] B:tex-linear | 32x overdraw | 55.9 fps | 1.65 Gpix/s
[20:12:15.465] [poc7-fillrate] 55.9 fps | frame 17.88 ms | drain 17.75 ms
[20:12:15.467] [fill] B:tex-linear | 32x overdraw | 55.9 fps | 1.65 Gpix/s
[20:12:16.466] [poc7-fillrate] 55.9 fps | frame 17.88 ms | drain 17.75 ms
[20:12:16.467] [fill] B:tex-linear | 32x overdraw | 55.9 fps | 1.65 Gpix/s
[20:12:17.199] [fill] ---- switching to mode C:tex-tiled ----
[20:12:17.481] [poc7-fillrate] 56.1 fps | frame 17.82 ms | drain 17.68 ms
[20:12:17.483] [fill] C:tex-tiled | 32x overdraw | 56.1 fps | 1.65 Gpix/s
[20:12:18.488] [poc7-fillrate] 56.6 fps | frame 17.66 ms | drain 17.52 ms
[20:12:18.490] [fill] C:tex-tiled | 32x overdraw | 56.6 fps | 1.67 Gpix/s
[20:12:19.494] [poc7-fillrate] 56.6 fps | frame 17.65 ms | drain 17.52 ms
[20:12:19.496] [fill] C:tex-tiled | 32x overdraw | 56.6 fps | 1.67 Gpix/s
[20:12:20.501] [poc7-fillrate] 56.6 fps | frame 17.65 ms | drain 17.52 ms
[20:12:20.503] [fill] C:tex-tiled | 32x overdraw | 56.6 fps | 1.67 Gpix/s
[20:12:21.507] [poc7-fillrate] 56.6 fps | frame 17.66 ms | drain 17.52 ms
[20:12:21.509] [fill] C:tex-tiled | 32x overdraw | 56.6 fps | 1.67 Gpix/s
[20:12:22.513] [poc7-fillrate] 56.7 fps | frame 17.65 ms | drain 17.52 ms
[20:12:22.515] [fill] C:tex-tiled | 32x overdraw | 56.7 fps | 1.67 Gpix/s
[20:12:23.520] [poc7-fillrate] 56.7 fps | frame 17.65 ms | drain 17.52 ms
[20:12:23.522] [fill] C:tex-tiled | 32x overdraw | 56.7 fps | 1.67 Gpix/s
[20:12:24.526] [poc7-fillrate] 56.6 fps | frame 17.66 ms | drain 17.52 ms
[20:12:24.528] [fill] C:tex-tiled | 32x overdraw | 56.6 fps | 1.67 Gpix/s
[20:12:25.214] [fill] ---- switching to mode D:tiled+phong ----
[20:12:25.557] [poc7-fillrate] 41.7 fps | frame 24.00 ms | drain 23.85 ms
[20:12:25.559] [fill] D:tiled+phong | 32x overdraw | 41.7 fps | 1.23 Gpix/s
[20:12:26.587] [poc7-fillrate] 11.7 fps | frame 85.74 ms | drain 85.55 ms
[20:12:26.589] [fill] D:tiled+phong | 32x overdraw | 11.7 fps | 0.34 Gpix/s
[20:12:27.616] [poc7-fillrate] 11.7 fps | frame 85.77 ms | drain 85.55 ms
[20:12:27.618] [fill] D:tiled+phong | 32x overdraw | 11.7 fps | 0.34 Gpix/s
[20:12:28.645] [poc7-fillrate] 11.7 fps | frame 85.79 ms | drain 85.57 ms
[20:12:28.647] [fill] D:tiled+phong | 32x overdraw | 11.7 fps | 0.34 Gpix/s
[20:12:29.674] [poc7-fillrate] 11.7 fps | frame 85.74 ms | drain 85.54 ms
[20:12:29.676] [fill] D:tiled+phong | 32x overdraw | 11.7 fps | 0.34 Gpix/s
[20:12:30.703] [poc7-fillrate] 11.7 fps | frame 85.75 ms | drain 85.54 ms
[20:12:30.705] [fill] D:tiled+phong | 32x overdraw | 11.7 fps | 0.34 Gpix/s
[20:12:31.731] [poc7-fillrate] 11.7 fps | frame 85.74 ms | drain 85.54 ms
[20:12:31.732] [fill] D:tiled+phong | 32x overdraw | 11.7 fps | 0.34 Gpix/s
[20:12:32.761] [poc7-fillrate] 11.7 fps | frame 85.76 ms | drain 85.54 ms
[20:12:32.763] [fill] D:tiled+phong | 32x overdraw | 11.7 fps | 0.34 Gpix/s
[20:12:33.276] [fill] ---- switching to mode A:flat ----
[20:12:33.770] [poc7-fillrate] 33.7 fps | frame 29.69 ms | drain 29.52 ms
[20:12:33.773] [fill] A:flat | 32x overdraw | 33.7 fps | 0.99 Gpix/s
[20:12:34.776] [poc7-fillrate] 56.7 fps | frame 17.65 ms | drain 17.51 ms
[20:12:34.779] [fill] A:flat | 32x overdraw | 56.7 fps | 1.67 Gpix/s
[20:12:35.782] [poc7-fillrate] 56.7 fps | frame 17.64 ms | drain 17.51 ms
[20:12:35.784] [fill] A:flat | 32x overdraw | 56.7 fps | 1.67 Gpix/s
[20:12:36.790] [poc7-fillrate] 56.7 fps | frame 17.64 ms | drain 17.51 ms
[20:12:36.792] [fill] A:flat | 32x overdraw | 56.7 fps | 1.67 Gpix/s
[20:12:37.793] [poc7-fillrate] 56.7 fps | frame 17.65 ms | drain 17.51 ms
[20:12:37.795] [fill] A:flat | 32x overdraw | 56.7 fps | 1.67 Gpix/s
[20:12:38.799] [poc7-fillrate] 56.7 fps | frame 17.65 ms | drain 17.51 ms
[20:12:39.250] [fill] A:flat | 32x overdraw | 56.7 fps | 1.67 Gpix/s
[20:12:39.806] [poc7-fillrate] 56.7 fps | frame 17.65 ms | drain 17.51 ms
[20:12:39.808] [fill] A:flat | 32x overdraw | 56.7 fps | 1.67 Gpix/s
[20:12:40.811] [poc7-fillrate] 56.7 fps | frame 17.64 ms | drain 17.51 ms
[20:12:40.814] [fill] A:flat | 32x overdraw | 56.7 fps | 1.67 Gpix/s
[20:12:41.288] [fill] ---- switching to mode B:tex-linear ----
[20:12:41.826] [poc7-fillrate] 56.3 fps | frame 17.78 ms | drain 17.64 ms
[20:12:41.832] [fill] B:tex-linear | 32x overdraw | 56.3 fps | 1.66 Gpix/s
[20:12:42.825] [poc7-fillrate] 55.9 fps | frame 17.87 ms | drain 17.75 ms
[20:12:42.829] [fill] B:tex-linear | 32x overdraw | 55.9 fps | 1.65 Gpix/s
[20:12:43.826] [poc7-fillrate] 55.9 fps | frame 17.87 ms | drain 17.75 ms
[20:12:43.829] [fill] B:tex-linear | 32x overdraw | 55.9 fps | 1.65 Gpix/s
[20:12:44.828] [poc7-fillrate] 55.9 fps | frame 17.88 ms | drain 17.75 ms
[20:12:44.834] [fill] B:tex-linear | 32x overdraw | 55.9 fps | 1.65 Gpix/s
[20:12:45.835] [poc7-fillrate] 55.9 fps | frame 17.88 ms | drain 17.75 ms
[20:12:45.851] [fill] B:tex-linear | 32x overdraw | 55.9 fps | 1.65 Gpix/s
[20:12:46.833] [poc7-fillrate] 55.9 fps | frame 17.88 ms | drain 17.75 ms
[20:12:46.836] [fill] B:tex-linear | 32x overdraw | 55.9 fps | 1.65 Gpix/s
[20:12:47.830] [poc7-fillrate] 56.0 fps | frame 17.87 ms | drain 17.74 ms
[20:12:47.832] [fill] B:tex-linear | 32x overdraw | 56.0 fps | 1.65 Gpix/s
[20:12:48.833] [poc7-fillrate] 55.9 fps | frame 17.88 ms | drain 17.75 ms
[20:12:48.846] [fill] B:tex-linear | 32x overdraw | 55.9 fps | 1.65 Gpix/s
[20:12:49.297] [fill] ---- switching to mode C:tex-tiled ----
[20:12:49.844] [poc7-fillrate] 56.3 fps | frame 17.76 ms | drain 17.62 ms
[20:12:49.850] [fill] C:tex-tiled | 32x overdraw | 56.3 fps | 1.66 Gpix/s
[20:12:50.851] [poc7-fillrate] 56.6 fps | frame 17.65 ms | drain 17.52 ms
[20:12:50.854] [fill] C:tex-tiled | 32x overdraw | 56.6 fps | 1.67 Gpix/s
[20:12:51.856] [poc7-fillrate] 56.6 fps | frame 17.66 ms | drain 17.52 ms
[20:12:51.859] [fill] C:tex-tiled | 32x overdraw | 56.6 fps | 1.67 Gpix/s
[20:12:52.862] [poc7-fillrate] 56.6 fps | frame 17.65 ms | drain 17.52 ms
[20:12:52.865] [fill] C:tex-tiled | 32x overdraw | 56.6 fps | 1.67 Gpix/s
[20:12:53.868] [poc7-fillrate] 56.7 fps | frame 17.65 ms | drain 17.52 ms
[20:12:53.870] [fill] C:tex-tiled | 32x overdraw | 56.7 fps | 1.67 Gpix/s
[20:12:54.875] [poc7-fillrate] 56.6 fps | frame 17.66 ms | drain 17.52 ms
[20:12:54.878] [fill] C:tex-tiled | 32x overdraw | 56.6 fps | 1.67 Gpix/s
[20:12:55.881] [poc7-fillrate] 56.7 fps | frame 17.65 ms | drain 17.52 ms
[20:12:55.883] [fill] C:tex-tiled | 32x overdraw | 56.7 fps | 1.67 Gpix/s
[20:12:56.886] [poc7-fillrate] 56.7 fps | frame 17.65 ms | drain 17.52 ms
[20:12:56.890] [fill] C:tex-tiled | 32x overdraw | 56.7 fps | 1.67 Gpix/s
[20:12:57.311] [fill] ---- switching to mode D:tiled+phong ----
[20:12:57.911] [poc7-fillrate] 30.3 fps | frame 33.04 ms | drain 32.88 ms
[20:12:57.914] [fill] D:tiled+phong | 32x overdraw | 30.3 fps | 0.89 Gpix/s
[20:12:58.939] [poc7-fillrate] 11.7 fps | frame 85.73 ms | drain 85.54 ms
[20:12:58.943] [fill] D:tiled+phong | 32x overdraw | 11.7 fps | 0.34 Gpix/s
[20:12:59.968] [poc7-fillrate] 11.7 fps | frame 85.75 ms | drain 85.54 ms
[20:12:59.971] [fill] D:tiled+phong | 32x overdraw | 11.7 fps | 0.34 Gpix/s
[20:13:00.998] [poc7-fillrate] 11.7 fps | frame 85.74 ms | drain 85.54 ms
[20:13:01.000] [fill] D:tiled+phong | 32x overdraw | 11.7 fps | 0.34 Gpix/s
[20:13:02.027] [poc7-fillrate] 11.7 fps | frame 85.76 ms | drain 85.54 ms
[20:13:02.029] [fill] D:tiled+phong | 32x overdraw | 11.7 fps | 0.34 Gpix/s
[20:13:03.056] [poc7-fillrate] 11.7 fps | frame 85.74 ms | drain 85.55 ms
[20:13:03.059] [fill] D:tiled+phong | 32x overdraw | 11.7 fps | 0.34 Gpix/s
[20:13:04.085] [poc7-fillrate] 11.7 fps | frame 85.75 ms | drain 85.56 ms
[20:13:04.087] [fill] D:tiled+phong | 32x overdraw | 11.7 fps | 0.34 Gpix/s
[20:13:05.114] [poc7-fillrate] 11.7 fps | frame 85.74 ms | drain 85.54 ms
[20:13:05.116] [fill] D:tiled+phong | 32x overdraw | 11.7 fps | 0.34 Gpix/s
[20:13:05.372] [fill] ---- switching to mode A:flat ----
[20:13:06.131] [poc7-fillrate] 45.2 fps | frame 22.11 ms | drain 21.95 ms
[20:13:06.133] [fill] A:flat | 32x overdraw | 45.2 fps | 1.33 Gpix/s
[20:13:07.136] [poc7-fillrate] 56.7 fps | frame 17.64 ms | drain 17.51 ms
[20:13:07.138] [fill] A:flat | 32x overdraw | 56.7 fps | 1.67 Gpix/s
[20:13:08.141] [poc7-fillrate] 56.7 fps | frame 17.64 ms | drain 17.51 ms
[20:13:08.143] [fill] A:flat | 32x overdraw | 56.7 fps | 1.67 Gpix/s
[20:13:09.148] [poc7-fillrate] 56.7 fps | frame 17.64 ms | drain 17.51 ms
[20:13:09.157] [fill] A:flat | 32x overdraw | 56.7 fps | 1.67 Gpix/s
[20:13:10.153] [poc7-fillrate] 56.7 fps | frame 17.65 ms | drain 17.51 ms
[20:13:10.155] [fill] A:flat | 32x overdraw | 56.7 fps | 1.67 Gpix/s
[20:13:11.159] [poc7-fillrate] 56.7 fps | frame 17.65 ms | drain 17.51 ms
[20:13:11.161] [fill] A:flat | 32x overdraw | 56.7 fps | 1.67 Gpix/s
[20:13:12.171] [poc7-fillrate] 56.7 fps | frame 17.64 ms | drain 17.51 ms
[20:13:12.174] [fill] A:flat | 32x overdraw | 56.7 fps | 1.67 Gpix/s
[20:13:13.170] [poc7-fillrate] 56.7 fps | frame 17.65 ms | drain 17.52 ms
[20:13:13.173] [fill] A:flat | 32x overdraw | 56.7 fps | 1.67 Gpix/s
[20:13:13.382] [fill] ---- switching to mode B:tex-linear ----
[20:13:14.188] [poc7-fillrate] 56.1 fps | frame 17.84 ms | drain 17.70 ms
[20:13:14.190] [fill] B:tex-linear | 32x overdraw | 56.1 fps | 1.65 Gpix/s
[20:13:15.189] [poc7-fillrate] 55.9 fps | frame 17.88 ms | drain 17.75 ms
[20:13:15.191] [fill] B:tex-linear | 32x overdraw | 55.9 fps | 1.65 Gpix/s
[20:13:16.189] [poc7-fillrate] 55.9 fps | frame 17.88 ms | drain 17.75 ms
[20:13:16.192] [fill] B:tex-linear | 32x overdraw | 55.9 fps | 1.65 Gpix/s
[20:13:17.191] [poc7-fillrate] 55.9 fps | frame 17.88 ms | drain 17.75 ms
[20:13:17.193] [fill] B:tex-linear | 32x overdraw | 55.9 fps | 1.65 Gpix/s
[20:13:18.192] [poc7-fillrate] 55.9 fps | frame 17.88 ms | drain 17.75 ms
[20:13:18.194] [fill] B:tex-linear | 32x overdraw | 55.9 fps | 1.65 Gpix/s
[20:13:19.193] [poc7-fillrate] 55.9 fps | frame 17.88 ms | drain 17.75 ms
[20:13:19.196] [fill] B:tex-linear | 32x overdraw | 55.9 fps | 1.65 Gpix/s
[20:13:20.193] [poc7-fillrate] 55.9 fps | frame 17.88 ms | drain 17.75 ms
[20:13:20.197] [fill] B:tex-linear | 32x overdraw | 55.9 fps | 1.65 Gpix/s
[20:13:21.195] [poc7-fillrate] 55.9 fps | frame 17.88 ms | drain 17.75 ms
[20:13:21.197] [fill] B:tex-linear | 32x overdraw | 55.9 fps | 1.65 Gpix/s
[20:13:21.392] [fill] ---- switching to mode C:tex-tiled ----
[20:13:22.205] [poc7-fillrate] 56.5 fps | frame 17.71 ms | drain 17.57 ms
[20:13:22.208] [fill] C:tex-tiled | 32x overdraw | 56.5 fps | 1.67 Gpix/s
[20:13:23.211] [poc7-fillrate] 56.7 fps | frame 17.65 ms | drain 17.52 ms
[20:13:23.214] [fill] C:tex-tiled | 32x overdraw | 56.7 fps | 1.67 Gpix/s
[20:13:24.217] [poc7-fillrate] 56.6 fps | frame 17.66 ms | drain 17.52 ms
[20:13:24.219] [fill] C:tex-tiled | 32x overdraw | 56.6 fps | 1.67 Gpix/s
[20:13:25.224] [poc7-fillrate] 56.6 fps | frame 17.66 ms | drain 17.52 ms
[20:13:25.227] [fill] C:tex-tiled | 32x overdraw | 56.6 fps | 1.67 Gpix/s
[20:13:26.230] [poc7-fillrate] 56.6 fps | frame 17.66 ms | drain 17.52 ms
[20:13:26.232] [fill] C:tex-tiled | 32x overdraw | 56.6 fps | 1.67 Gpix/s
[20:13:27.236] [poc7-fillrate] 56.6 fps | frame 17.66 ms | drain 17.52 ms
[20:13:27.239] [fill] C:tex-tiled | 32x overdraw | 56.6 fps | 1.67 Gpix/s
[20:13:28.244] [poc7-fillrate] 56.6 fps | frame 17.66 ms | drain 17.52 ms
[20:13:28.246] [fill] C:tex-tiled | 32x overdraw | 56.6 fps | 1.67 Gpix/s
[20:13:29.249] [poc7-fillrate] 56.6 fps | frame 17.66 ms | drain 17.52 ms
[20:13:29.252] [fill] C:tex-tiled | 32x overdraw | 56.6 fps | 1.67 Gpix/s
[20:13:29.410] [fill] ---- switching to mode D:tiled+phong ----
[20:13:30.266] [poc7-fillrate] 18.7 fps | frame 53.54 ms | drain 53.32 ms
[20:13:30.269] [fill] D:tiled+phong | 32x overdraw | 18.7 fps | 0.55 Gpix/s
[20:19:02.119] [               main.cpp]                          main@L0056: Hello!
[20:19:02.125] [               main.cpp]                          main@L0087: We need the kernel exploit to load the payload
[20:19:02.128] [          gx2sploit.cpp]               DoKernelExploit@L0205: Running GX2Sploit
[20:19:02.190] [          gx2sploit.cpp]               DoKernelExploit@L0272: GX2Sploit done
[20:19:02.192] [             ElfUtils.c]                 LoadFileToMem@L0027: Loading file /vol/external01/wiiu/payload.elf.
[20:19:02.205] [             ElfUtils.c]                   InstallMain@L0104: Copy section to 00FD0000 from 1062BDD8 (size: 118200)
[20:19:02.208] [               main.cpp]                          main@L0095: New entrypoint at 00FD1C4C
[20:19:31.853] [poc7-fillrate] starting
[20:19:32.322] [shader] CafeGLSL compiler loaded
[20:19:32.331] [shader] compiled ok (vs 72 bytes, ps 56 bytes, 2 attribs)
[20:19:32.341] [shader] compiled ok (vs 72 bytes, ps 32 bytes, 2 attribs)
[20:19:32.357] [shader] compiled ok (vs 72 bytes, ps 600 bytes, 2 attribs)
[20:19:32.363] [fill] textures ready (linear pitch 256, tiled pitch 256)
[20:19:33.389] [poc7-fillrate] 57.7 fps | frame 17.32 ms | drain 17.51 ms
[20:19:33.391] [fill] A:flat | 32x overdraw | 57.7 fps | 1.70 Gpix/s
[20:19:34.394] [poc7-fillrate] 56.7 fps | frame 17.64 ms | drain 17.51 ms
[20:19:34.403] [fill] A:flat | 32x overdraw | 56.7 fps | 1.67 Gpix/s
[20:19:35.400] [poc7-fillrate] 56.7 fps | frame 17.64 ms | drain 17.51 ms
[20:19:35.405] [fill] A:flat | 32x overdraw | 56.7 fps | 1.67 Gpix/s
[20:19:36.405] [poc7-fillrate] 56.7 fps | frame 17.64 ms | drain 17.51 ms
[20:19:36.409] [fill] A:flat | 32x overdraw | 56.7 fps | 1.67 Gpix/s
[20:19:37.411] [poc7-fillrate] 56.7 fps | frame 17.64 ms | drain 17.51 ms
[20:19:37.419] [fill] A:flat | 32x overdraw | 56.7 fps | 1.67 Gpix/s
[20:19:38.417] [poc7-fillrate] 56.7 fps | frame 17.64 ms | drain 17.51 ms
[20:19:38.429] [fill] A:flat | 32x overdraw | 56.7 fps | 1.67 Gpix/s
[20:19:39.422] [poc7-fillrate] 56.7 fps | frame 17.64 ms | drain 17.51 ms
[20:19:39.425] [fill] A:flat | 32x overdraw | 56.7 fps | 1.67 Gpix/s
[20:19:40.376] [fill] ---- switching to mode B:tex-linear ----
[20:19:40.428] [poc7-fillrate] 56.6 fps | frame 17.66 ms | drain 17.52 ms
[20:19:40.433] [fill] B:tex-linear | 32x overdraw | 56.6 fps | 1.67 Gpix/s
[20:19:41.429] [poc7-fillrate] 56.0 fps | frame 17.87 ms | drain 17.74 ms
[20:19:41.431] [fill] B:tex-linear | 32x overdraw | 56.0 fps | 1.65 Gpix/s
[20:19:42.430] [poc7-fillrate] 55.9 fps | frame 17.88 ms | drain 17.74 ms
[20:19:42.432] [fill] B:tex-linear | 32x overdraw | 55.9 fps | 1.65 Gpix/s
[20:19:43.432] [poc7-fillrate] 56.0 fps | frame 17.87 ms | drain 17.74 ms
[20:19:43.434] [fill] B:tex-linear | 32x overdraw | 56.0 fps | 1.65 Gpix/s
[20:19:44.431] [poc7-fillrate] 56.0 fps | frame 17.87 ms | drain 17.74 ms
[20:19:44.433] [fill] B:tex-linear | 32x overdraw | 56.0 fps | 1.65 Gpix/s
[20:19:45.431] [poc7-fillrate] 56.0 fps | frame 17.87 ms | drain 17.74 ms
[20:19:45.435] [fill] B:tex-linear | 32x overdraw | 56.0 fps | 1.65 Gpix/s
[20:19:46.433] [poc7-fillrate] 56.0 fps | frame 17.87 ms | drain 17.74 ms
[20:19:46.434] [fill] B:tex-linear | 32x overdraw | 56.0 fps | 1.65 Gpix/s
[20:19:47.434] [poc7-fillrate] 55.9 fps | frame 17.88 ms | drain 17.74 ms
[20:19:47.436] [fill] B:tex-linear | 32x overdraw | 55.9 fps | 1.65 Gpix/s
[20:19:48.382] [fill] ---- switching to mode C:tex-tiled ----
[20:19:48.434] [poc7-fillrate] 55.9 fps | frame 17.87 ms | drain 17.73 ms
[20:19:48.438] [fill] C:tex-tiled | 32x overdraw | 55.9 fps | 1.65 Gpix/s
[20:19:49.441] [poc7-fillrate] 56.7 fps | frame 17.65 ms | drain 17.52 ms
[20:19:49.443] [fill] C:tex-tiled | 32x overdraw | 56.7 fps | 1.67 Gpix/s
[20:19:50.448] [poc7-fillrate] 56.7 fps | frame 17.65 ms | drain 17.52 ms
[20:19:50.450] [fill] C:tex-tiled | 32x overdraw | 56.7 fps | 1.67 Gpix/s
[20:19:51.453] [poc7-fillrate] 56.7 fps | frame 17.65 ms | drain 17.52 ms
[20:19:51.456] [fill] C:tex-tiled | 32x overdraw | 56.7 fps | 1.67 Gpix/s
[20:19:52.459] [poc7-fillrate] 56.6 fps | frame 17.65 ms | drain 17.52 ms
[20:19:52.463] [fill] C:tex-tiled | 32x overdraw | 56.6 fps | 1.67 Gpix/s
[20:19:53.466] [poc7-fillrate] 56.6 fps | frame 17.66 ms | drain 17.52 ms
[20:19:53.468] [fill] C:tex-tiled | 32x overdraw | 56.6 fps | 1.67 Gpix/s
[20:19:54.472] [poc7-fillrate] 56.6 fps | frame 17.65 ms | drain 17.52 ms
[20:19:54.474] [fill] C:tex-tiled | 32x overdraw | 56.6 fps | 1.67 Gpix/s
[20:19:55.478] [poc7-fillrate] 56.7 fps | frame 17.65 ms | drain 17.52 ms
[20:19:55.481] [fill] C:tex-tiled | 32x overdraw | 56.7 fps | 1.67 Gpix/s
[20:19:56.396] [fill] ---- switching to mode D:tiled+phong ----
[20:19:56.482] [poc7-fillrate] 52.8 fps | frame 18.94 ms | drain 18.80 ms
[20:19:56.484] [fill] D:tiled+phong | 32x overdraw | 52.8 fps | 1.56 Gpix/s
[20:19:57.512] [poc7-fillrate] 11.7 fps | frame 85.74 ms | drain 85.54 ms
[20:19:57.516] [fill] D:tiled+phong | 32x overdraw | 11.7 fps | 0.34 Gpix/s
[20:19:58.540] [poc7-fillrate] 11.7 fps | frame 85.75 ms | drain 85.54 ms
[20:19:58.542] [fill] D:tiled+phong | 32x overdraw | 11.7 fps | 0.34 Gpix/s
[20:19:59.568] [poc7-fillrate] 11.7 fps | frame 85.73 ms | drain 85.53 ms
[20:19:59.570] [fill] D:tiled+phong | 32x overdraw | 11.7 fps | 0.34 Gpix/s
[20:20:00.597] [poc7-fillrate] 11.7 fps | frame 85.73 ms | drain 85.53 ms
[20:20:00.599] [fill] D:tiled+phong | 32x overdraw | 11.7 fps | 0.34 Gpix/s
[20:20:01.626] [poc7-fillrate] 11.7 fps | frame 85.74 ms | drain 85.54 ms
[20:20:01.630] [fill] D:tiled+phong | 32x overdraw | 11.7 fps | 0.34 Gpix/s
[20:20:02.655] [poc7-fillrate] 11.7 fps | frame 85.76 ms | drain 85.56 ms
[20:20:02.657] [fill] D:tiled+phong | 32x overdraw | 11.7 fps | 0.34 Gpix/s
[20:33:54.199] [               main.cpp]                          main@L0056: Hello!
[20:33:54.206] [               main.cpp]                          main@L0087: We need the kernel exploit to load the payload
[20:33:54.208] [          gx2sploit.cpp]               DoKernelExploit@L0205: Running GX2Sploit
[20:33:54.268] [          gx2sploit.cpp]               DoKernelExploit@L0272: GX2Sploit done
[20:33:54.270] [             ElfUtils.c]                 LoadFileToMem@L0027: Loading file /vol/external01/wiiu/payload.elf.
[20:33:54.281] [             ElfUtils.c]                   InstallMain@L0104: Copy section to 00FD0000 from 1062BDD8 (size: 118200)
[20:33:54.284] [               main.cpp]                          main@L0095: New entrypoint at 00FD1C4C
[20:34:30.379] [poc8-fence] starting
[20:34:30.842] [shader] CafeGLSL compiler loaded
[20:34:30.869] [shader] compiled ok (vs 688 bytes, ps 8 bytes, 2 attribs)
[20:34:31.880] [poc8-fence] 160.5 fps | frame 6.23 ms | drain 6.16 ms
[20:34:31.883] [fence] A:drawdone-sync | 160.5 fps | sync-wait 6.16 ms | 189.3 Mtris/s
[20:34:32.885] [poc8-fence] 159.3 fps | frame 6.28 ms | drain 6.16 ms
[20:34:32.886] [fence] A:drawdone-sync | 159.3 fps | sync-wait 6.16 ms | 187.9 Mtris/s
[20:34:33.889] [poc8-fence] 159.3 fps | frame 6.28 ms | drain 6.16 ms
[20:34:33.891] [fence] A:drawdone-sync | 159.3 fps | sync-wait 6.16 ms | 187.9 Mtris/s
[20:34:34.894] [poc8-fence] 159.3 fps | frame 6.28 ms | drain 6.16 ms
[20:34:34.896] [fence] A:drawdone-sync | 159.3 fps | sync-wait 6.16 ms | 187.9 Mtris/s
[20:34:35.898] [poc8-fence] 159.3 fps | frame 6.28 ms | drain 6.16 ms
[20:34:35.901] [fence] A:drawdone-sync | 159.3 fps | sync-wait 6.16 ms | 187.9 Mtris/s
[20:34:36.902] [poc8-fence] 159.3 fps | frame 6.28 ms | drain 6.16 ms
[20:34:36.904] [fence] A:drawdone-sync | 159.3 fps | sync-wait 6.16 ms | 188.0 Mtris/s
[20:34:37.906] [poc8-fence] 159.4 fps | frame 6.27 ms | drain 6.16 ms
[20:34:37.908] [fence] A:drawdone-sync | 159.4 fps | sync-wait 6.16 ms | 188.0 Mtris/s
[20:34:38.873] [fence] ---- switching to mode B:fenced-pipeline ----
[20:34:38.911] [poc8-fence] 156.1 fps | frame 6.40 ms | drain 6.04 ms
[20:34:38.914] [fence] B:fenced-pipeline | 156.1 fps | sync-wait 6.04 ms | 184.2 Mtris/s
[20:34:39.913] [poc8-fence] 59.9 fps | frame 16.68 ms | drain 0.00 ms
[20:34:39.916] [fence] B:fenced-pipeline | 59.9 fps | sync-wait 0.00 ms | 70.7 Mtris/s
[20:34:40.914] [poc8-fence] 59.9 fps | frame 16.68 ms | drain 0.00 ms
[20:34:40.916] [fence] B:fenced-pipeline | 59.9 fps | sync-wait 0.00 ms | 70.7 Mtris/s
[20:34:41.914] [poc8-fence] 59.9 fps | frame 16.68 ms | drain 0.00 ms
[20:34:41.916] [fence] B:fenced-pipeline | 59.9 fps | sync-wait 0.00 ms | 70.7 Mtris/s
[20:34:42.916] [poc8-fence] 59.9 fps | frame 16.68 ms | drain 0.00 ms
[20:34:42.917] [fence] B:fenced-pipeline | 59.9 fps | sync-wait 0.00 ms | 70.7 Mtris/s
[20:34:43.917] [poc8-fence] 59.9 fps | frame 16.68 ms | drain 0.00 ms
[20:34:43.918] [fence] B:fenced-pipeline | 59.9 fps | sync-wait 0.00 ms | 70.7 Mtris/s
[20:34:44.917] [poc8-fence] 59.9 fps | frame 16.68 ms | drain 0.00 ms
[20:34:44.920] [fence] B:fenced-pipeline | 59.9 fps | sync-wait 0.00 ms | 70.7 Mtris/s
[20:34:45.921] [poc8-fence] 59.9 fps | frame 16.68 ms | drain 0.00 ms
[20:34:45.923] [fence] B:fenced-pipeline | 59.9 fps | sync-wait 0.00 ms | 70.7 Mtris/s
[20:34:46.892] [fence] ---- switching to mode A:drawdone-sync ----
[20:34:46.924] [poc8-fence] 62.6 fps | frame 15.96 ms | drain 0.49 ms
[20:34:46.926] [fence] A:drawdone-sync | 62.6 fps | sync-wait 0.49 ms | 73.9 Mtris/s
[20:34:47.928] [poc8-fence] 159.3 fps | frame 6.28 ms | drain 6.16 ms
[20:34:47.931] [fence] A:drawdone-sync | 159.3 fps | sync-wait 6.16 ms | 187.9 Mtris/s
[20:34:48.933] [poc8-fence] 159.2 fps | frame 6.28 ms | drain 6.16 ms
[20:34:48.936] [fence] A:drawdone-sync | 159.2 fps | sync-wait 6.16 ms | 187.9 Mtris/s
[20:34:49.938] [poc8-fence] 159.2 fps | frame 6.28 ms | drain 6.16 ms
[20:34:49.941] [fence] A:drawdone-sync | 159.2 fps | sync-wait 6.16 ms | 187.8 Mtris/s
[20:34:50.942] [poc8-fence] 159.2 fps | frame 6.28 ms | drain 6.16 ms
[20:34:50.945] [fence] A:drawdone-sync | 159.2 fps | sync-wait 6.16 ms | 187.9 Mtris/s
[20:34:51.949] [poc8-fence] 159.2 fps | frame 6.28 ms | drain 6.16 ms
[20:34:51.951] [fence] A:drawdone-sync | 159.2 fps | sync-wait 6.16 ms | 187.9 Mtris/s
[20:34:52.953] [poc8-fence] 159.2 fps | frame 6.28 ms | drain 6.16 ms
[20:34:52.955] [fence] A:drawdone-sync | 159.2 fps | sync-wait 6.16 ms | 187.8 Mtris/s
[20:34:53.958] [poc8-fence] 159.2 fps | frame 6.28 ms | drain 6.16 ms
[20:34:53.960] [fence] A:drawdone-sync | 159.2 fps | sync-wait 6.16 ms | 187.8 Mtris/s
[20:34:54.887] [fence] ---- switching to mode B:fenced-pipeline ----
[20:34:54.960] [poc8-fence] 153.5 fps | frame 6.52 ms | drain 5.92 ms
[20:34:54.964] [fence] B:fenced-pipeline | 153.5 fps | sync-wait 5.92 ms | 181.1 Mtris/s
[20:34:55.962] [poc8-fence] 59.9 fps | frame 16.68 ms | drain 0.00 ms
[20:34:55.966] [fence] B:fenced-pipeline | 59.9 fps | sync-wait 0.00 ms | 70.7 Mtris/s
[20:34:56.963] [poc8-fence] 59.9 fps | frame 16.68 ms | drain 0.00 ms
[20:34:56.965] [fence] B:fenced-pipeline | 59.9 fps | sync-wait 0.00 ms | 70.7 Mtris/s
[20:34:57.964] [poc8-fence] 59.9 fps | frame 16.68 ms | drain 0.00 ms
[20:34:57.967] [fence] B:fenced-pipeline | 59.9 fps | sync-wait 0.00 ms | 70.7 Mtris/s
[20:34:58.966] [poc8-fence] 59.9 fps | frame 16.68 ms | drain 0.00 ms
[20:34:58.974] [fence] B:fenced-pipeline | 59.9 fps | sync-wait 0.00 ms | 70.7 Mtris/s
[20:34:59.966] [poc8-fence] 59.9 fps | frame 16.68 ms | drain 0.00 ms
[20:34:59.968] [fence] B:fenced-pipeline | 59.9 fps | sync-wait 0.00 ms | 70.7 Mtris/s
[20:35:00.968] [poc8-fence] 59.9 fps | frame 16.68 ms | drain 0.00 ms
[20:35:00.972] [fence] B:fenced-pipeline | 59.9 fps | sync-wait 0.00 ms | 70.7 Mtris/s
[20:35:01.968] [poc8-fence] 59.9 fps | frame 16.68 ms | drain 0.00 ms
[20:35:01.973] [fence] B:fenced-pipeline | 59.9 fps | sync-wait 0.00 ms | 70.7 Mtris/s
[20:35:02.907] [fence] ---- switching to mode A:drawdone-sync ----
[20:35:02.971] [poc8-fence] 65.8 fps | frame 15.21 ms | drain 0.93 ms
[20:35:02.975] [fence] A:drawdone-sync | 65.8 fps | sync-wait 0.93 ms | 77.6 Mtris/s
[20:35:03.976] [poc8-fence] 159.2 fps | frame 6.28 ms | drain 6.16 ms
[20:35:03.978] [fence] A:drawdone-sync | 159.2 fps | sync-wait 6.16 ms | 187.9 Mtris/s
[20:35:04.981] [poc8-fence] 159.2 fps | frame 6.28 ms | drain 6.16 ms
[20:35:04.983] [fence] A:drawdone-sync | 159.2 fps | sync-wait 6.16 ms | 187.8 Mtris/s
[20:35:05.986] [poc8-fence] 159.3 fps | frame 6.28 ms | drain 6.16 ms
[20:35:05.988] [fence] A:drawdone-sync | 159.3 fps | sync-wait 6.16 ms | 187.9 Mtris/s
[20:35:06.990] [poc8-fence] 159.3 fps | frame 6.28 ms | drain 6.16 ms
[20:35:06.993] [fence] A:drawdone-sync | 159.3 fps | sync-wait 6.16 ms | 187.9 Mtris/s
[20:35:07.997] [poc8-fence] 159.2 fps | frame 6.28 ms | drain 6.16 ms
[20:35:08.009] [fence] A:drawdone-sync | 159.2 fps | sync-wait 6.16 ms | 187.8 Mtris/s
[20:35:09.000] [poc8-fence] 159.3 fps | frame 6.28 ms | drain 6.16 ms
[20:35:09.005] [fence] A:drawdone-sync | 159.3 fps | sync-wait 6.16 ms | 187.9 Mtris/s
[20:35:10.004] [poc8-fence] 159.3 fps | frame 6.28 ms | drain 6.16 ms
[20:35:10.009] [fence] A:drawdone-sync | 159.3 fps | sync-wait 6.16 ms | 187.9 Mtris/s
[20:35:10.909] [fence] ---- switching to mode B:fenced-pipeline ----
[20:35:11.010] [poc8-fence] 150.1 fps | frame 6.66 ms | drain 5.87 ms
[20:35:11.012] [fence] B:fenced-pipeline | 150.1 fps | sync-wait 5.87 ms | 177.0 Mtris/s
[20:35:12.011] [poc8-fence] 59.9 fps | frame 16.68 ms | drain 0.00 ms
[20:35:12.014] [fence] B:fenced-pipeline | 59.9 fps | sync-wait 0.00 ms | 70.7 Mtris/s
[20:35:13.012] [poc8-fence] 59.9 fps | frame 16.68 ms | drain 0.00 ms
[20:35:13.018] [fence] B:fenced-pipeline | 59.9 fps | sync-wait 0.00 ms | 70.7 Mtris/s
[20:35:14.013] [poc8-fence] 59.9 fps | frame 16.68 ms | drain 0.00 ms
[20:35:14.020] [fence] B:fenced-pipeline | 59.9 fps | sync-wait 0.00 ms | 70.7 Mtris/s
[20:35:15.015] [poc8-fence] 59.9 fps | frame 16.68 ms | drain 0.00 ms
[20:35:15.026] [fence] B:fenced-pipeline | 59.9 fps | sync-wait 0.00 ms | 70.7 Mtris/s
[20:35:16.015] [poc8-fence] 59.9 fps | frame 16.68 ms | drain 0.00 ms
[20:35:16.018] [fence] B:fenced-pipeline | 59.9 fps | sync-wait 0.00 ms | 70.7 Mtris/s
[20:35:17.016] [poc8-fence] 59.9 fps | frame 16.68 ms | drain 0.00 ms
[20:35:17.017] [fence] B:fenced-pipeline | 59.9 fps | sync-wait 0.00 ms | 70.7 Mtris/s
[20:35:18.016] [poc8-fence] 59.9 fps | frame 16.68 ms | drain 0.00 ms
[20:35:18.020] [fence] B:fenced-pipeline | 59.9 fps | sync-wait 0.00 ms | 70.7 Mtris/s
[20:35:18.925] [fence] ---- switching to mode A:drawdone-sync ----
[20:35:19.018] [poc8-fence] 68.9 fps | frame 14.52 ms | drain 1.34 ms
[20:35:19.021] [fence] A:drawdone-sync | 68.9 fps | sync-wait 1.34 ms | 81.3 Mtris/s
[20:35:20.025] [poc8-fence] 159.3 fps | frame 6.28 ms | drain 6.16 ms
[20:35:20.026] [fence] A:drawdone-sync | 159.3 fps | sync-wait 6.16 ms | 187.9 Mtris/s
[20:35:21.027] [poc8-fence] 159.3 fps | frame 6.28 ms | drain 6.16 ms
[20:35:21.029] [fence] A:drawdone-sync | 159.3 fps | sync-wait 6.16 ms | 187.9 Mtris/s
[20:35:22.032] [poc8-fence] 159.2 fps | frame 6.28 ms | drain 6.16 ms
[20:35:22.035] [fence] A:drawdone-sync | 159.2 fps | sync-wait 6.16 ms | 187.8 Mtris/s
[20:35:23.037] [poc8-fence] 159.3 fps | frame 6.28 ms | drain 6.16 ms
[20:35:23.040] [fence] A:drawdone-sync | 159.3 fps | sync-wait 6.16 ms | 187.9 Mtris/s
[20:35:24.042] [poc8-fence] 159.2 fps | frame 6.28 ms | drain 6.16 ms
[20:35:24.046] [fence] A:drawdone-sync | 159.2 fps | sync-wait 6.16 ms | 187.8 Mtris/s
[20:35:25.047] [poc8-fence] 159.2 fps | frame 6.28 ms | drain 6.16 ms
[20:35:25.048] [fence] A:drawdone-sync | 159.2 fps | sync-wait 6.16 ms | 187.8 Mtris/s
[20:35:26.051] [poc8-fence] 159.2 fps | frame 6.28 ms | drain 6.16 ms
[20:35:26.053] [fence] A:drawdone-sync | 159.2 fps | sync-wait 6.16 ms | 187.9 Mtris/s
[20:35:26.924] [fence] ---- switching to mode B:fenced-pipeline ----
[20:35:27.059] [poc8-fence] 146.8 fps | frame 6.81 ms | drain 5.79 ms
[20:35:27.061] [fence] B:fenced-pipeline | 146.8 fps | sync-wait 5.79 ms | 173.2 Mtris/s
[20:35:28.060] [poc8-fence] 59.9 fps | frame 16.68 ms | drain 0.00 ms
[20:35:28.061] [fence] B:fenced-pipeline | 59.9 fps | sync-wait 0.00 ms | 70.7 Mtris/s
[20:35:29.061] [poc8-fence] 59.9 fps | frame 16.68 ms | drain 0.00 ms
[20:35:29.066] [fence] B:fenced-pipeline | 59.9 fps | sync-wait 0.00 ms | 70.7 Mtris/s
[20:35:30.063] [poc8-fence] 59.9 fps | frame 16.68 ms | drain 0.00 ms
[20:35:30.066] [fence] B:fenced-pipeline | 59.9 fps | sync-wait 0.00 ms | 70.7 Mtris/s
[20:35:31.070] [poc8-fence] 59.9 fps | frame 16.68 ms | drain 0.00 ms
[20:35:31.090] [fence] B:fenced-pipeline | 59.9 fps | sync-wait 0.00 ms | 70.7 Mtris/s
[20:35:32.065] [poc8-fence] 59.9 fps | frame 16.68 ms | drain 0.00 ms
[20:35:32.070] [fence] B:fenced-pipeline | 59.9 fps | sync-wait 0.00 ms | 70.7 Mtris/s
[20:35:33.065] [poc8-fence] 59.9 fps | frame 16.68 ms | drain 0.00 ms
[20:35:33.067] [fence] B:fenced-pipeline | 59.9 fps | sync-wait 0.00 ms | 70.7 Mtris/s
[20:35:34.066] [poc8-fence] 59.9 fps | frame 16.68 ms | drain 0.00 ms
[20:35:34.068] [fence] B:fenced-pipeline | 59.9 fps | sync-wait 0.00 ms | 70.7 Mtris/s
[20:35:34.940] [fence] ---- switching to mode A:drawdone-sync ----
[20:35:35.072] [poc8-fence] 72.6 fps | frame 13.78 ms | drain 1.77 ms
[20:35:35.074] [fence] A:drawdone-sync | 72.6 fps | sync-wait 1.77 ms | 85.6 Mtris/s
[20:35:36.077] [poc8-fence] 159.2 fps | frame 6.28 ms | drain 6.16 ms
[20:35:36.080] [fence] A:drawdone-sync | 159.2 fps | sync-wait 6.16 ms | 187.9 Mtris/s
[20:35:37.082] [poc8-fence] 159.3 fps | frame 6.28 ms | drain 6.16 ms
[20:35:37.086] [fence] A:drawdone-sync | 159.3 fps | sync-wait 6.16 ms | 187.9 Mtris/s
[20:35:38.086] [poc8-fence] 159.3 fps | frame 6.28 ms | drain 6.16 ms
[20:35:38.090] [fence] A:drawdone-sync | 159.3 fps | sync-wait 6.16 ms | 187.9 Mtris/s
[20:35:39.090] [poc8-fence] 159.3 fps | frame 6.28 ms | drain 6.16 ms
[20:35:39.092] [fence] A:drawdone-sync | 159.3 fps | sync-wait 6.16 ms | 188.0 Mtris/s
[20:35:40.094] [poc8-fence] 159.3 fps | frame 6.28 ms | drain 6.16 ms
[20:35:40.102] [fence] A:drawdone-sync | 159.3 fps | sync-wait 6.16 ms | 187.9 Mtris/s
[20:35:41.098] [poc8-fence] 159.4 fps | frame 6.27 ms | drain 6.16 ms
[20:35:41.101] [fence] A:drawdone-sync | 159.4 fps | sync-wait 6.16 ms | 188.0 Mtris/s
[20:35:42.102] [poc8-fence] 159.4 fps | frame 6.28 ms | drain 6.16 ms
[20:35:42.107] [fence] A:drawdone-sync | 159.4 fps | sync-wait 6.16 ms | 188.0 Mtris/s
[20:35:42.938] [fence] ---- switching to mode B:fenced-pipeline ----
[20:35:43.127] [poc8-fence] 143.1 fps | frame 6.99 ms | drain 5.69 ms
[20:35:43.155] [fence] B:fenced-pipeline | 143.1 fps | sync-wait 5.69 ms | 168.8 Mtris/s
[20:35:44.109] [poc8-fence] 59.9 fps | frame 16.68 ms | drain 0.00 ms
[20:35:44.112] [fence] B:fenced-pipeline | 59.9 fps | sync-wait 0.00 ms | 70.7 Mtris/s
[20:35:45.111] [poc8-fence] 59.9 fps | frame 16.68 ms | drain 0.00 ms
[20:35:45.113] [fence] B:fenced-pipeline | 59.9 fps | sync-wait 0.00 ms | 70.7 Mtris/s
[20:35:46.112] [poc8-fence] 59.9 fps | frame 16.68 ms | drain 0.00 ms
[20:35:46.120] [fence] B:fenced-pipeline | 59.9 fps | sync-wait 0.00 ms | 70.7 Mtris/s
[20:35:47.112] [poc8-fence] 59.9 fps | frame 16.68 ms | drain 0.00 ms
[20:35:47.118] [fence] B:fenced-pipeline | 59.9 fps | sync-wait 0.00 ms | 70.7 Mtris/s
[20:35:48.115] [poc8-fence] 59.9 fps | frame 16.68 ms | drain 0.00 ms
[20:35:48.146] [fence] B:fenced-pipeline | 59.9 fps | sync-wait 0.00 ms | 70.7 Mtris/s
[20:35:49.114] [poc8-fence] 59.9 fps | frame 16.68 ms | drain 0.00 ms
[20:35:49.116] [fence] B:fenced-pipeline | 59.9 fps | sync-wait 0.00 ms | 70.7 Mtris/s
[20:35:50.114] [poc8-fence] 59.9 fps | frame 16.68 ms | drain 0.00 ms
[20:35:50.116] [fence] B:fenced-pipeline | 59.9 fps | sync-wait 0.00 ms | 70.7 Mtris/s
[20:35:50.955] [fence] ---- switching to mode A:drawdone-sync ----
[20:35:51.118] [poc8-fence] 75.7 fps | frame 13.21 ms | drain 2.11 ms
[20:35:51.120] [fence] A:drawdone-sync | 75.7 fps | sync-wait 2.11 ms | 89.3 Mtris/s
[20:35:52.123] [poc8-fence] 159.3 fps | frame 6.28 ms | drain 6.16 ms
[20:35:52.127] [fence] A:drawdone-sync | 159.3 fps | sync-wait 6.16 ms | 187.9 Mtris/s
[20:35:53.129] [poc8-fence] 159.2 fps | frame 6.28 ms | drain 6.16 ms
[20:35:53.131] [fence] A:drawdone-sync | 159.2 fps | sync-wait 6.16 ms | 187.8 Mtris/s
[20:35:54.134] [poc8-fence] 159.3 fps | frame 6.28 ms | drain 6.16 ms
[20:35:54.140] [fence] A:drawdone-sync | 159.3 fps | sync-wait 6.16 ms | 187.9 Mtris/s
[20:35:55.137] [poc8-fence] 159.3 fps | frame 6.28 ms | drain 6.16 ms
[20:35:55.141] [fence] A:drawdone-sync | 159.3 fps | sync-wait 6.16 ms | 187.9 Mtris/s
[20:35:56.142] [poc8-fence] 159.3 fps | frame 6.28 ms | drain 6.16 ms
[20:35:56.145] [fence] A:drawdone-sync | 159.3 fps | sync-wait 6.16 ms | 187.9 Mtris/s
[20:35:57.147] [poc8-fence] 159.2 fps | frame 6.28 ms | drain 6.16 ms
[20:35:57.150] [fence] A:drawdone-sync | 159.2 fps | sync-wait 6.16 ms | 187.8 Mtris/s
[20:35:58.151] [poc8-fence] 159.3 fps | frame 6.28 ms | drain 6.16 ms
[20:35:58.159] [fence] A:drawdone-sync | 159.3 fps | sync-wait 6.16 ms | 187.9 Mtris/s
[20:35:58.954] [fence] ---- switching to mode B:fenced-pipeline ----
[20:35:59.157] [poc8-fence] 140.1 fps | frame 7.14 ms | drain 5.59 ms
[20:35:59.162] [fence] B:fenced-pipeline | 140.1 fps | sync-wait 5.59 ms | 165.3 Mtris/s
[20:36:00.161] [poc8-fence] 59.9 fps | frame 16.68 ms | drain 0.00 ms
[20:36:00.164] [fence] B:fenced-pipeline | 59.9 fps | sync-wait 0.00 ms | 70.7 Mtris/s
[20:36:01.159] [poc8-fence] 59.9 fps | frame 16.68 ms | drain 0.00 ms
[20:36:01.165] [fence] B:fenced-pipeline | 59.9 fps | sync-wait 0.00 ms | 70.7 Mtris/s
[20:36:02.161] [poc8-fence] 59.9 fps | frame 16.68 ms | drain 0.00 ms
[20:36:02.171] [fence] B:fenced-pipeline | 59.9 fps | sync-wait 0.00 ms | 70.7 Mtris/s
[20:36:03.162] [poc8-fence] 59.9 fps | frame 16.68 ms | drain 0.00 ms
[20:36:03.168] [fence] B:fenced-pipeline | 59.9 fps | sync-wait 0.00 ms | 70.7 Mtris/s
[20:36:04.163] [poc8-fence] 59.9 fps | frame 16.68 ms | drain 0.00 ms
[20:36:04.167] [fence] B:fenced-pipeline | 59.9 fps | sync-wait 0.00 ms | 70.7 Mtris/s
[20:36:05.164] [poc8-fence] 59.9 fps | frame 16.68 ms | drain 0.00 ms
[20:36:05.169] [fence] B:fenced-pipeline | 59.9 fps | sync-wait 0.00 ms | 70.7 Mtris/s
[20:36:06.166] [poc8-fence] 59.9 fps | frame 16.68 ms | drain 0.00 ms
[20:36:06.170] [fence] B:fenced-pipeline | 59.9 fps | sync-wait 0.00 ms | 70.7 Mtris/s
[20:36:06.972] [fence] ---- switching to mode A:drawdone-sync ----
[20:36:07.169] [poc8-fence] 78.9 fps | frame 12.68 ms | drain 2.42 ms
[20:36:07.177] [fence] A:drawdone-sync | 78.9 fps | sync-wait 2.42 ms | 93.0 Mtris/s
[20:36:08.184] [poc8-fence] 159.3 fps | frame 6.28 ms | drain 6.16 ms
[20:36:08.196] [fence] A:drawdone-sync | 159.3 fps | sync-wait 6.16 ms | 187.9 Mtris/s
[20:36:09.174] [poc8-fence] 159.4 fps | frame 6.28 ms | drain 6.16 ms
[20:36:09.179] [fence] A:drawdone-sync | 159.4 fps | sync-wait 6.16 ms | 188.0 Mtris/s
[20:36:10.179] [poc8-fence] 159.3 fps | frame 6.28 ms | drain 6.16 ms
[20:36:10.183] [fence] A:drawdone-sync | 159.3 fps | sync-wait 6.16 ms | 187.9 Mtris/s
[20:36:11.185] [poc8-fence] 159.3 fps | frame 6.28 ms | drain 6.16 ms
[20:36:11.191] [fence] A:drawdone-sync | 159.3 fps | sync-wait 6.16 ms | 187.9 Mtris/s
[20:36:12.189] [poc8-fence] 159.4 fps | frame 6.28 ms | drain 6.16 ms
[20:36:12.193] [fence] A:drawdone-sync | 159.4 fps | sync-wait 6.16 ms | 188.0 Mtris/s
[20:36:13.194] [poc8-fence] 159.2 fps | frame 6.28 ms | drain 6.16 ms
[20:36:13.198] [fence] A:drawdone-sync | 159.2 fps | sync-wait 6.16 ms | 187.8 Mtris/s
[20:36:14.198] [poc8-fence] 159.3 fps | frame 6.28 ms | drain 6.16 ms
[20:36:14.202] [fence] A:drawdone-sync | 159.3 fps | sync-wait 6.16 ms | 187.9 Mtris/s
[20:36:14.970] [fence] ---- switching to mode B:fenced-pipeline ----
[20:36:15.207] [poc8-fence] 136.8 fps | frame 7.31 ms | drain 5.49 ms
[20:36:15.215] [fence] B:fenced-pipeline | 136.8 fps | sync-wait 5.49 ms | 161.4 Mtris/s
[20:36:16.208] [poc8-fence] 59.9 fps | frame 16.68 ms | drain 0.00 ms
[20:36:16.212] [fence] B:fenced-pipeline | 59.9 fps | sync-wait 0.00 ms | 70.7 Mtris/s
[20:36:17.209] [poc8-fence] 59.9 fps | frame 16.68 ms | drain 0.00 ms
[20:36:17.212] [fence] B:fenced-pipeline | 59.9 fps | sync-wait 0.00 ms | 70.7 Mtris/s
[20:36:18.210] [poc8-fence] 59.9 fps | frame 16.68 ms | drain 0.00 ms
[20:36:18.216] [fence] B:fenced-pipeline | 59.9 fps | sync-wait 0.00 ms | 70.7 Mtris/s
[20:36:19.211] [poc8-fence] 59.9 fps | frame 16.68 ms | drain 0.00 ms
[20:36:19.283] [fence] B:fenced-pipeline | 59.9 fps | sync-wait 0.00 ms | 70.7 Mtris/s
[20:36:20.211] [poc8-fence] 59.9 fps | frame 16.68 ms | drain 0.00 ms
[20:36:20.214] [fence] B:fenced-pipeline | 59.9 fps | sync-wait 0.00 ms | 70.7 Mtris/s
[20:36:21.212] [poc8-fence] 59.9 fps | frame 16.68 ms | drain 0.00 ms
[20:36:21.216] [fence] B:fenced-pipeline | 59.9 fps | sync-wait 0.00 ms | 70.7 Mtris/s
[20:36:22.223] [poc8-fence] 59.9 fps | frame 16.68 ms | drain 0.00 ms
[20:36:22.244] [fence] B:fenced-pipeline | 59.9 fps | sync-wait 0.00 ms | 70.7 Mtris/s
[20:36:22.987] [fence] ---- switching to mode A:drawdone-sync ----
[20:36:23.220] [poc8-fence] 82.5 fps | frame 12.12 ms | drain 2.75 ms
[20:36:23.225] [fence] A:drawdone-sync | 82.5 fps | sync-wait 2.75 ms | 97.3 Mtris/s
[20:36:24.225] [poc8-fence] 159.2 fps | frame 6.28 ms | drain 6.16 ms
[20:36:24.232] [fence] A:drawdone-sync | 159.2 fps | sync-wait 6.16 ms | 187.9 Mtris/s
[20:36:25.231] [poc8-fence] 159.2 fps | frame 6.28 ms | drain 6.16 ms
[20:36:25.238] [fence] A:drawdone-sync | 159.2 fps | sync-wait 6.16 ms | 187.8 Mtris/s
[20:36:26.235] [poc8-fence] 159.2 fps | frame 6.28 ms | drain 6.16 ms
[20:36:26.239] [fence] A:drawdone-sync | 159.2 fps | sync-wait 6.16 ms | 187.8 Mtris/s
[20:36:27.239] [poc8-fence] 159.2 fps | frame 6.28 ms | drain 6.16 ms
[20:36:27.241] [fence] A:drawdone-sync | 159.2 fps | sync-wait 6.16 ms | 187.8 Mtris/s
[20:36:28.245] [poc8-fence] 159.2 fps | frame 6.28 ms | drain 6.16 ms
[20:36:28.250] [fence] A:drawdone-sync | 159.2 fps | sync-wait 6.16 ms | 187.8 Mtris/s
[20:36:29.249] [poc8-fence] 159.2 fps | frame 6.28 ms | drain 6.16 ms
[20:36:29.254] [fence] A:drawdone-sync | 159.2 fps | sync-wait 6.16 ms | 187.8 Mtris/s
[20:36:30.254] [poc8-fence] 159.3 fps | frame 6.28 ms | drain 6.16 ms
[20:36:30.262] [fence] A:drawdone-sync | 159.3 fps | sync-wait 6.16 ms | 187.9 Mtris/s
[20:36:30.982] [fence] ---- switching to mode B:fenced-pipeline ----
[20:36:31.256] [poc8-fence] 132.8 fps | frame 7.53 ms | drain 5.37 ms
[20:36:31.259] [fence] B:fenced-pipeline | 132.8 fps | sync-wait 5.37 ms | 156.6 Mtris/s
[20:36:32.258] [poc8-fence] 59.9 fps | frame 16.68 ms | drain 0.00 ms
[20:36:32.268] [fence] B:fenced-pipeline | 59.9 fps | sync-wait 0.00 ms | 70.7 Mtris/s
[20:36:33.257] [poc8-fence] 59.9 fps | frame 16.68 ms | drain 0.00 ms
[20:36:33.261] [fence] B:fenced-pipeline | 59.9 fps | sync-wait 0.00 ms | 70.7 Mtris/s
[20:36:34.259] [poc8-fence] 59.9 fps | frame 16.68 ms | drain 0.00 ms
[20:36:34.263] [fence] B:fenced-pipeline | 59.9 fps | sync-wait 0.00 ms | 70.7 Mtris/s
[20:36:35.260] [poc8-fence] 59.9 fps | frame 16.68 ms | drain 0.00 ms
[20:36:35.264] [fence] B:fenced-pipeline | 59.9 fps | sync-wait 0.00 ms | 70.7 Mtris/s
[20:36:36.261] [poc8-fence] 59.9 fps | frame 16.68 ms | drain 0.00 ms
[20:36:36.264] [fence] B:fenced-pipeline | 59.9 fps | sync-wait 0.00 ms | 70.7 Mtris/s
[20:36:37.261] [poc8-fence] 59.9 fps | frame 16.68 ms | drain 0.00 ms
[20:36:37.264] [fence] B:fenced-pipeline | 59.9 fps | sync-wait 0.00 ms | 70.7 Mtris/s
[20:36:38.262] [poc8-fence] 59.9 fps | frame 16.68 ms | drain 0.00 ms
[20:36:38.265] [fence] B:fenced-pipeline | 59.9 fps | sync-wait 0.00 ms | 70.7 Mtris/s
[20:36:39.003] [fence] ---- switching to mode A:drawdone-sync ----
[20:36:39.266] [poc8-fence] 85.7 fps | frame 11.67 ms | drain 3.01 ms
[20:36:39.268] [fence] A:drawdone-sync | 85.7 fps | sync-wait 3.01 ms | 101.1 Mtris/s
[20:36:40.271] [poc8-fence] 159.3 fps | frame 6.28 ms | drain 6.16 ms
[20:36:40.273] [fence] A:drawdone-sync | 159.3 fps | sync-wait 6.16 ms | 187.9 Mtris/s
[20:36:41.276] [poc8-fence] 159.2 fps | frame 6.28 ms | drain 6.16 ms
[20:36:41.279] [fence] A:drawdone-sync | 159.2 fps | sync-wait 6.16 ms | 187.8 Mtris/s
[20:36:42.280] [poc8-fence] 159.3 fps | frame 6.28 ms | drain 6.16 ms
[20:36:42.283] [fence] A:drawdone-sync | 159.3 fps | sync-wait 6.16 ms | 188.0 Mtris/s
[20:36:43.284] [poc8-fence] 159.4 fps | frame 6.27 ms | drain 6.16 ms
[20:36:43.286] [fence] A:drawdone-sync | 159.4 fps | sync-wait 6.16 ms | 188.0 Mtris/s
[20:36:44.288] [poc8-fence] 159.3 fps | frame 6.28 ms | drain 6.16 ms
[20:36:44.293] [fence] A:drawdone-sync | 159.3 fps | sync-wait 6.16 ms | 187.9 Mtris/s
[20:36:45.292] [poc8-fence] 159.3 fps | frame 6.28 ms | drain 6.16 ms
[20:36:45.294] [fence] A:drawdone-sync | 159.3 fps | sync-wait 6.16 ms | 187.9 Mtris/s
[20:36:46.297] [poc8-fence] 159.3 fps | frame 6.28 ms | drain 6.16 ms
[20:36:46.299] [fence] A:drawdone-sync | 159.3 fps | sync-wait 6.16 ms | 187.9 Mtris/s
[20:36:47.001] [fence] ---- switching to mode B:fenced-pipeline ----
[20:36:47.305] [poc8-fence] 130.0 fps | frame 7.69 ms | drain 5.27 ms
[20:36:47.307] [fence] B:fenced-pipeline | 130.0 fps | sync-wait 5.27 ms | 153.3 Mtris/s
[20:36:48.306] [poc8-fence] 59.9 fps | frame 16.68 ms | drain 0.00 ms
[20:36:48.309] [fence] B:fenced-pipeline | 59.9 fps | sync-wait 0.00 ms | 70.7 Mtris/s
[20:36:49.307] [poc8-fence] 59.9 fps | frame 16.68 ms | drain 0.00 ms
[20:36:49.309] [fence] B:fenced-pipeline | 59.9 fps | sync-wait 0.00 ms | 70.7 Mtris/s
[20:36:50.308] [poc8-fence] 59.9 fps | frame 16.68 ms | drain 0.00 ms
[20:36:50.311] [fence] B:fenced-pipeline | 59.9 fps | sync-wait 0.00 ms | 70.7 Mtris/s
[20:36:51.309] [poc8-fence] 59.9 fps | frame 16.68 ms | drain 0.00 ms
[20:36:51.312] [fence] B:fenced-pipeline | 59.9 fps | sync-wait 0.00 ms | 70.7 Mtris/s
[20:36:52.309] [poc8-fence] 59.9 fps | frame 16.68 ms | drain 0.00 ms
[20:36:52.312] [fence] B:fenced-pipeline | 59.9 fps | sync-wait 0.00 ms | 70.7 Mtris/s
[20:36:53.312] [poc8-fence] 59.9 fps | frame 16.68 ms | drain 0.00 ms
[20:36:53.319] [fence] B:fenced-pipeline | 59.9 fps | sync-wait 0.00 ms | 70.7 Mtris/s
[20:36:54.312] [poc8-fence] 59.9 fps | frame 16.68 ms | drain 0.00 ms
[20:36:54.315] [fence] B:fenced-pipeline | 59.9 fps | sync-wait 0.00 ms | 70.7 Mtris/s
[20:36:55.019] [fence] ---- switching to mode A:drawdone-sync ----
[20:36:55.314] [poc8-fence] 88.8 fps | frame 11.26 ms | drain 3.25 ms
[20:36:55.319] [fence] A:drawdone-sync | 88.8 fps | sync-wait 3.25 ms | 104.8 Mtris/s
[20:36:56.319] [poc8-fence] 159.2 fps | frame 6.28 ms | drain 6.16 ms
[20:36:56.321] [fence] A:drawdone-sync | 159.2 fps | sync-wait 6.16 ms | 187.8 Mtris/s
[20:36:57.324] [poc8-fence] 159.2 fps | frame 6.28 ms | drain 6.16 ms
[20:36:57.326] [fence] A:drawdone-sync | 159.2 fps | sync-wait 6.16 ms | 187.8 Mtris/s
[20:36:58.330] [poc8-fence] 159.3 fps | frame 6.28 ms | drain 6.16 ms
[20:36:58.333] [fence] A:drawdone-sync | 159.3 fps | sync-wait 6.16 ms | 187.9 Mtris/s
[20:36:59.334] [poc8-fence] 159.2 fps | frame 6.28 ms | drain 6.16 ms
[20:36:59.338] [fence] A:drawdone-sync | 159.2 fps | sync-wait 6.16 ms | 187.8 Mtris/s
[20:37:00.338] [poc8-fence] 159.2 fps | frame 6.28 ms | drain 6.16 ms
[20:37:00.342] [fence] A:drawdone-sync | 159.2 fps | sync-wait 6.16 ms | 187.8 Mtris/s
[20:37:01.344] [poc8-fence] 159.3 fps | frame 6.28 ms | drain 6.16 ms
[20:37:01.350] [fence] A:drawdone-sync | 159.3 fps | sync-wait 6.16 ms | 187.9 Mtris/s
[20:37:02.347] [poc8-fence] 159.3 fps | frame 6.28 ms | drain 6.16 ms
[20:37:02.350] [fence] A:drawdone-sync | 159.3 fps | sync-wait 6.16 ms | 187.9 Mtris/s
[20:37:03.015] [fence] ---- switching to mode B:fenced-pipeline ----
[20:37:03.354] [poc8-fence] 127.2 fps | frame 7.86 ms | drain 5.10 ms
[20:37:03.361] [fence] B:fenced-pipeline | 127.2 fps | sync-wait 5.10 ms | 150.0 Mtris/s
[20:37:04.355] [poc8-fence] 59.9 fps | frame 16.68 ms | drain 0.00 ms
[20:37:04.357] [fence] B:fenced-pipeline | 59.9 fps | sync-wait 0.00 ms | 70.7 Mtris/s
[20:37:05.356] [poc8-fence] 59.9 fps | frame 16.68 ms | drain 0.00 ms
[20:37:05.359] [fence] B:fenced-pipeline | 59.9 fps | sync-wait 0.00 ms | 70.7 Mtris/s
[20:37:06.357] [poc8-fence] 59.9 fps | frame 16.68 ms | drain 0.00 ms
[20:37:06.359] [fence] B:fenced-pipeline | 59.9 fps | sync-wait 0.00 ms | 70.7 Mtris/s
[20:37:07.358] [poc8-fence] 59.9 fps | frame 16.68 ms | drain 0.00 ms
[20:37:07.360] [fence] B:fenced-pipeline | 59.9 fps | sync-wait 0.00 ms | 70.7 Mtris/s
[20:37:08.358] [poc8-fence] 59.9 fps | frame 16.68 ms | drain 0.00 ms
[20:37:08.361] [fence] B:fenced-pipeline | 59.9 fps | sync-wait 0.00 ms | 70.7 Mtris/s
[20:37:09.360] [poc8-fence] 59.9 fps | frame 16.68 ms | drain 0.00 ms
[20:37:09.362] [fence] B:fenced-pipeline | 59.9 fps | sync-wait 0.00 ms | 70.7 Mtris/s
[20:37:10.361] [poc8-fence] 59.9 fps | frame 16.68 ms | drain 0.00 ms
[20:37:10.363] [fence] B:fenced-pipeline | 59.9 fps | sync-wait 0.00 ms | 70.7 Mtris/s
[20:37:11.034] [fence] ---- switching to mode A:drawdone-sync ----
[20:37:11.368] [poc8-fence] 92.4 fps | frame 10.82 ms | drain 3.51 ms
[20:37:11.371] [fence] A:drawdone-sync | 92.4 fps | sync-wait 3.51 ms | 109.0 Mtris/s
[20:37:12.373] [poc8-fence] 159.3 fps | frame 6.28 ms | drain 6.16 ms
[20:37:12.376] [fence] A:drawdone-sync | 159.3 fps | sync-wait 6.16 ms | 187.9 Mtris/s
[20:37:13.376] [poc8-fence] 159.3 fps | frame 6.28 ms | drain 6.16 ms
[20:37:13.382] [fence] A:drawdone-sync | 159.3 fps | sync-wait 6.16 ms | 187.9 Mtris/s
[20:37:14.380] [poc8-fence] 159.3 fps | frame 6.28 ms | drain 6.16 ms
[20:37:14.384] [fence] A:drawdone-sync | 159.3 fps | sync-wait 6.16 ms | 187.9 Mtris/s
[20:37:15.385] [poc8-fence] 159.3 fps | frame 6.28 ms | drain 6.16 ms
[20:37:15.387] [fence] A:drawdone-sync | 159.3 fps | sync-wait 6.16 ms | 187.9 Mtris/s
[20:37:16.389] [poc8-fence] 159.3 fps | frame 6.28 ms | drain 6.16 ms
[20:37:16.394] [fence] A:drawdone-sync | 159.3 fps | sync-wait 6.16 ms | 187.9 Mtris/s
[20:37:17.393] [poc8-fence] 159.4 fps | frame 6.27 ms | drain 6.16 ms
[20:37:17.395] [fence] A:drawdone-sync | 159.4 fps | sync-wait 6.16 ms | 188.0 Mtris/s
[20:37:18.398] [poc8-fence] 159.3 fps | frame 6.28 ms | drain 6.16 ms
[20:37:18.402] [fence] A:drawdone-sync | 159.3 fps | sync-wait 6.16 ms | 188.0 Mtris/s
[20:37:19.031] [fence] ---- switching to mode B:fenced-pipeline ----
[20:37:19.404] [poc8-fence] 123.3 fps | frame 8.11 ms | drain 5.01 ms
[20:37:19.409] [fence] B:fenced-pipeline | 123.3 fps | sync-wait 5.01 ms | 145.4 Mtris/s
[20:37:20.404] [poc8-fence] 59.9 fps | frame 16.68 ms | drain 0.00 ms
[20:37:20.406] [fence] B:fenced-pipeline | 59.9 fps | sync-wait 0.00 ms | 70.7 Mtris/s
[20:37:21.406] [poc8-fence] 59.9 fps | frame 16.68 ms | drain 0.00 ms
[20:37:21.410] [fence] B:fenced-pipeline | 59.9 fps | sync-wait 0.00 ms | 70.7 Mtris/s
[20:37:22.408] [poc8-fence] 59.9 fps | frame 16.68 ms | drain 0.00 ms
[20:37:22.412] [fence] B:fenced-pipeline | 59.9 fps | sync-wait 0.00 ms | 70.7 Mtris/s
[20:37:23.410] [poc8-fence] 59.9 fps | frame 16.68 ms | drain 0.00 ms
[20:37:23.414] [fence] B:fenced-pipeline | 59.9 fps | sync-wait 0.00 ms | 70.7 Mtris/s
[20:37:24.408] [poc8-fence] 59.9 fps | frame 16.68 ms | drain 0.00 ms
[20:37:24.411] [fence] B:fenced-pipeline | 59.9 fps | sync-wait 0.00 ms | 70.7 Mtris/s
[20:37:25.410] [poc8-fence] 59.9 fps | frame 16.68 ms | drain 0.00 ms
[20:37:25.412] [fence] B:fenced-pipeline | 59.9 fps | sync-wait 0.00 ms | 70.7 Mtris/s
[20:37:26.409] [poc8-fence] 59.9 fps | frame 16.68 ms | drain 0.00 ms
[20:37:26.412] [fence] B:fenced-pipeline | 59.9 fps | sync-wait 0.00 ms | 70.7 Mtris/s
[20:37:27.051] [fence] ---- switching to mode A:drawdone-sync ----
[20:37:27.415] [poc8-fence] 95.6 fps | frame 10.46 ms | drain 3.72 ms
[20:37:27.418] [fence] A:drawdone-sync | 95.6 fps | sync-wait 3.72 ms | 112.8 Mtris/s
[20:37:28.419] [poc8-fence] 159.2 fps | frame 6.28 ms | drain 6.16 ms
[20:37:28.423] [fence] A:drawdone-sync | 159.2 fps | sync-wait 6.16 ms | 187.8 Mtris/s
[20:37:29.425] [poc8-fence] 159.2 fps | frame 6.28 ms | drain 6.16 ms
[20:37:29.430] [fence] A:drawdone-sync | 159.2 fps | sync-wait 6.16 ms | 187.8 Mtris/s
[20:37:30.429] [poc8-fence] 159.3 fps | frame 6.28 ms | drain 6.16 ms
[20:37:30.433] [fence] A:drawdone-sync | 159.3 fps | sync-wait 6.16 ms | 187.9 Mtris/s
[20:37:31.434] [poc8-fence] 159.2 fps | frame 6.28 ms | drain 6.16 ms
[20:37:31.439] [fence] A:drawdone-sync | 159.2 fps | sync-wait 6.16 ms | 187.8 Mtris/s
[20:37:32.439] [poc8-fence] 159.3 fps | frame 6.28 ms | drain 6.16 ms
[20:37:32.445] [fence] A:drawdone-sync | 159.3 fps | sync-wait 6.16 ms | 187.9 Mtris/s
[20:37:33.445] [poc8-fence] 159.2 fps | frame 6.28 ms | drain 6.16 ms
[20:37:33.449] [fence] A:drawdone-sync | 159.2 fps | sync-wait 6.16 ms | 187.9 Mtris/s
[20:37:34.448] [poc8-fence] 159.2 fps | frame 6.28 ms | drain 6.16 ms
[20:37:34.451] [fence] A:drawdone-sync | 159.2 fps | sync-wait 6.16 ms | 187.8 Mtris/s
[20:37:35.044] [fence] ---- switching to mode B:fenced-pipeline ----
[20:37:35.452] [poc8-fence] 119.5 fps | frame 8.37 ms | drain 4.88 ms
[20:37:35.454] [fence] B:fenced-pipeline | 119.5 fps | sync-wait 4.88 ms | 140.9 Mtris/s
[20:37:36.453] [poc8-fence] 59.9 fps | frame 16.68 ms | drain 0.00 ms
[20:37:36.458] [fence] B:fenced-pipeline | 59.9 fps | sync-wait 0.00 ms | 70.7 Mtris/s
[20:37:37.455] [poc8-fence] 59.9 fps | frame 16.68 ms | drain 0.00 ms
[20:37:37.468] [fence] B:fenced-pipeline | 59.9 fps | sync-wait 0.00 ms | 70.7 Mtris/s
[20:37:38.462] [poc8-fence] 59.9 fps | frame 16.68 ms | drain 0.00 ms
[20:37:38.479] [fence] B:fenced-pipeline | 59.9 fps | sync-wait 0.00 ms | 70.7 Mtris/s
[20:37:39.457] [poc8-fence] 59.9 fps | frame 16.68 ms | drain 0.00 ms
[20:37:39.460] [fence] B:fenced-pipeline | 59.9 fps | sync-wait 0.00 ms | 70.7 Mtris/s
[20:37:40.460] [poc8-fence] 59.9 fps | frame 16.68 ms | drain 0.00 ms
[20:37:40.466] [fence] B:fenced-pipeline | 59.9 fps | sync-wait 0.00 ms | 70.7 Mtris/s
[20:37:41.458] [poc8-fence] 59.9 fps | frame 16.68 ms | drain 0.00 ms
[20:37:41.461] [fence] B:fenced-pipeline | 59.9 fps | sync-wait 0.00 ms | 70.7 Mtris/s
[20:37:42.460] [poc8-fence] 59.9 fps | frame 16.68 ms | drain 0.00 ms
[20:37:42.464] [fence] B:fenced-pipeline | 59.9 fps | sync-wait 0.00 ms | 70.7 Mtris/s
[20:37:43.066] [fence] ---- switching to mode A:drawdone-sync ----
[20:37:43.462] [poc8-fence] 98.8 fps | frame 10.12 ms | drain 3.92 ms
[20:37:43.466] [fence] A:drawdone-sync | 98.8 fps | sync-wait 3.92 ms | 116.5 Mtris/s
[20:37:44.466] [poc8-fence] 159.2 fps | frame 6.28 ms | drain 6.16 ms
[20:37:44.468] [fence] A:drawdone-sync | 159.2 fps | sync-wait 6.16 ms | 187.9 Mtris/s
[20:37:45.471] [poc8-fence] 159.3 fps | frame 6.28 ms | drain 6.16 ms
[20:37:45.474] [fence] A:drawdone-sync | 159.3 fps | sync-wait 6.16 ms | 188.0 Mtris/s
[20:37:46.474] [poc8-fence] 159.4 fps | frame 6.28 ms | drain 6.16 ms
[20:37:46.477] [fence] A:drawdone-sync | 159.4 fps | sync-wait 6.16 ms | 188.0 Mtris/s
[20:37:47.480] [poc8-fence] 159.3 fps | frame 6.28 ms | drain 6.16 ms
[20:37:47.482] [fence] A:drawdone-sync | 159.3 fps | sync-wait 6.16 ms | 188.0 Mtris/s
[20:37:48.483] [poc8-fence] 159.3 fps | frame 6.28 ms | drain 6.16 ms
[20:37:48.485] [fence] A:drawdone-sync | 159.3 fps | sync-wait 6.16 ms | 188.0 Mtris/s
[20:37:49.488] [poc8-fence] 159.2 fps | frame 6.28 ms | drain 6.16 ms
[20:37:49.491] [fence] A:drawdone-sync | 159.2 fps | sync-wait 6.16 ms | 187.8 Mtris/s
[20:58:35.271] [               main.cpp]                          main@L0056: Hello!
[20:58:35.279] [               main.cpp]                          main@L0087: We need the kernel exploit to load the payload
[20:58:35.281] [          gx2sploit.cpp]               DoKernelExploit@L0205: Running GX2Sploit
[20:58:35.343] [          gx2sploit.cpp]               DoKernelExploit@L0272: GX2Sploit done
[20:58:35.345] [             ElfUtils.c]                 LoadFileToMem@L0027: Loading file /vol/external01/wiiu/payload.elf.
[20:58:35.358] [             ElfUtils.c]                   InstallMain@L0104: Copy section to 00FD0000 from 1062BDD8 (size: 118200)
[20:58:35.360] [               main.cpp]                          main@L0095: New entrypoint at 00FD1C4C
[20:59:11.376] [poc8-fence] starting
[20:59:11.845] [shader] CafeGLSL compiler loaded
[20:59:11.869] [shader] compiled ok (vs 688 bytes, ps 8 bytes, 2 attribs)
[20:59:12.889] [poc8-fence] 160.3 fps | frame 6.24 ms | drain 6.17 ms
[20:59:12.892] [fence] A:drawdone-sync | 160.3 fps | sync-wait 6.17 ms | 189.1 Mtris/s
[20:59:13.894] [poc8-fence] 159.1 fps | frame 6.28 ms | drain 6.17 ms
[20:59:13.897] [fence] A:drawdone-sync | 159.1 fps | sync-wait 6.17 ms | 187.7 Mtris/s
[20:59:14.901] [poc8-fence] 159.1 fps | frame 6.29 ms | drain 6.17 ms
[20:59:14.903] [fence] A:drawdone-sync | 159.1 fps | sync-wait 6.17 ms | 187.7 Mtris/s
[20:59:15.906] [poc8-fence] 159.2 fps | frame 6.28 ms | drain 6.17 ms
[20:59:15.909] [fence] A:drawdone-sync | 159.2 fps | sync-wait 6.17 ms | 187.8 Mtris/s
[20:59:16.912] [poc8-fence] 159.1 fps | frame 6.29 ms | drain 6.16 ms
[20:59:16.914] [fence] A:drawdone-sync | 159.1 fps | sync-wait 6.16 ms | 187.7 Mtris/s
[20:59:17.917] [poc8-fence] 159.1 fps | frame 6.28 ms | drain 6.16 ms
[20:59:17.919] [fence] A:drawdone-sync | 159.1 fps | sync-wait 6.16 ms | 187.7 Mtris/s
[20:59:18.923] [poc8-fence] 159.1 fps | frame 6.28 ms | drain 6.17 ms
[20:59:18.925] [fence] A:drawdone-sync | 159.1 fps | sync-wait 6.17 ms | 187.7 Mtris/s
[20:59:19.884] [fence] ---- switching to mode B:fenced-pipeline ----
[20:59:19.928] [poc8-fence] 161.1 fps | frame 6.21 ms | drain 6.09 ms
[20:59:19.930] [fence] B:fenced-pipeline | 161.1 fps | sync-wait 6.09 ms | 190.0 Mtris/s
[20:59:20.931] [poc8-fence] 162.6 fps | frame 6.15 ms | drain 6.03 ms
[20:59:20.933] [fence] B:fenced-pipeline | 162.6 fps | sync-wait 6.03 ms | 191.8 Mtris/s
[20:59:21.934] [poc8-fence] 162.6 fps | frame 6.15 ms | drain 6.03 ms
[20:59:21.936] [fence] B:fenced-pipeline | 162.6 fps | sync-wait 6.03 ms | 191.8 Mtris/s
[20:59:22.935] [poc8-fence] 162.6 fps | frame 6.15 ms | drain 6.02 ms
[20:59:22.938] [fence] B:fenced-pipeline | 162.6 fps | sync-wait 6.02 ms | 191.8 Mtris/s
[20:59:23.940] [poc8-fence] 162.6 fps | frame 6.15 ms | drain 6.02 ms
[20:59:24.526] [fence] B:fenced-pipeline | 162.6 fps | sync-wait 6.02 ms | 191.8 Mtris/s
[20:59:24.941] [poc8-fence] 162.6 fps | frame 6.15 ms | drain 6.02 ms
[20:59:24.943] [fence] B:fenced-pipeline | 162.6 fps | sync-wait 6.02 ms | 191.8 Mtris/s
[20:59:25.943] [poc8-fence] 162.7 fps | frame 6.15 ms | drain 6.02 ms
[20:59:25.945] [fence] B:fenced-pipeline | 162.7 fps | sync-wait 6.02 ms | 191.9 Mtris/s
[20:59:26.946] [poc8-fence] 162.6 fps | frame 6.15 ms | drain 6.03 ms
[20:59:26.948] [fence] B:fenced-pipeline | 162.6 fps | sync-wait 6.03 ms | 191.8 Mtris/s
[20:59:27.899] [fence] ---- switching to mode A:drawdone-sync ----
[20:59:27.950] [poc8-fence] 160.4 fps | frame 6.24 ms | drain 6.03 ms
[20:59:27.955] [fence] A:drawdone-sync | 160.4 fps | sync-wait 6.03 ms | 189.2 Mtris/s
[20:59:28.957] [poc8-fence] 159.1 fps | frame 6.29 ms | drain 6.17 ms
[20:59:28.959] [fence] A:drawdone-sync | 159.1 fps | sync-wait 6.17 ms | 187.7 Mtris/s
[20:59:29.960] [poc8-fence] 159.1 fps | frame 6.29 ms | drain 6.17 ms
[20:59:30.135] [fence] A:drawdone-sync | 159.1 fps | sync-wait 6.17 ms | 187.6 Mtris/s
[20:59:30.968] [poc8-fence] 159.1 fps | frame 6.29 ms | drain 6.17 ms
[20:59:30.971] [fence] A:drawdone-sync | 159.1 fps | sync-wait 6.17 ms | 187.7 Mtris/s
[20:59:31.973] [poc8-fence] 159.0 fps | frame 6.29 ms | drain 6.17 ms
[20:59:31.975] [fence] A:drawdone-sync | 159.0 fps | sync-wait 6.17 ms | 187.6 Mtris/s
[20:59:32.978] [poc8-fence] 159.1 fps | frame 6.29 ms | drain 6.17 ms
[20:59:32.981] [fence] A:drawdone-sync | 159.1 fps | sync-wait 6.17 ms | 187.6 Mtris/s
[20:59:33.984] [poc8-fence] 159.1 fps | frame 6.29 ms | drain 6.17 ms
[20:59:33.988] [fence] A:drawdone-sync | 159.1 fps | sync-wait 6.17 ms | 187.6 Mtris/s
[20:59:34.991] [poc8-fence] 159.1 fps | frame 6.29 ms | drain 6.17 ms
[20:59:34.994] [fence] A:drawdone-sync | 159.1 fps | sync-wait 6.17 ms | 187.6 Mtris/s
[20:59:35.889] [fence] ---- switching to mode B:fenced-pipeline ----
[20:59:35.995] [poc8-fence] 161.3 fps | frame 6.20 ms | drain 6.08 ms
[20:59:36.004] [fence] B:fenced-pipeline | 161.3 fps | sync-wait 6.08 ms | 190.3 Mtris/s
[20:59:36.997] [poc8-fence] 162.5 fps | frame 6.15 ms | drain 6.03 ms
[20:59:37.002] [fence] B:fenced-pipeline | 162.5 fps | sync-wait 6.03 ms | 191.7 Mtris/s
[20:59:38.000] [poc8-fence] 162.6 fps | frame 6.15 ms | drain 6.03 ms
[20:59:38.003] [fence] B:fenced-pipeline | 162.6 fps | sync-wait 6.03 ms | 191.8 Mtris/s
[20:59:39.003] [poc8-fence] 162.6 fps | frame 6.15 ms | drain 6.02 ms
[20:59:39.007] [fence] B:fenced-pipeline | 162.6 fps | sync-wait 6.02 ms | 191.8 Mtris/s
[20:59:40.005] [poc8-fence] 162.6 fps | frame 6.15 ms | drain 6.03 ms
[20:59:40.008] [fence] B:fenced-pipeline | 162.6 fps | sync-wait 6.03 ms | 191.8 Mtris/s
[20:59:41.008] [poc8-fence] 162.6 fps | frame 6.15 ms | drain 6.03 ms
[20:59:41.012] [fence] B:fenced-pipeline | 162.6 fps | sync-wait 6.03 ms | 191.8 Mtris/s
[20:59:42.011] [poc8-fence] 162.5 fps | frame 6.15 ms | drain 6.03 ms
[20:59:42.016] [fence] B:fenced-pipeline | 162.5 fps | sync-wait 6.03 ms | 191.7 Mtris/s
[20:59:43.014] [poc8-fence] 162.5 fps | frame 6.15 ms | drain 6.03 ms
[20:59:43.017] [fence] B:fenced-pipeline | 162.5 fps | sync-wait 6.03 ms | 191.7 Mtris/s
[20:59:43.907] [fence] ---- switching to mode A:drawdone-sync ----
[20:59:44.019] [poc8-fence] 160.1 fps | frame 6.25 ms | drain 6.04 ms
[20:59:44.022] [fence] A:drawdone-sync | 160.1 fps | sync-wait 6.04 ms | 188.9 Mtris/s
[20:59:45.025] [poc8-fence] 159.1 fps | frame 6.29 ms | drain 6.17 ms
[20:59:45.028] [fence] A:drawdone-sync | 159.1 fps | sync-wait 6.17 ms | 187.7 Mtris/s
[20:59:46.030] [poc8-fence] 159.2 fps | frame 6.28 ms | drain 6.17 ms
[20:59:46.036] [fence] A:drawdone-sync | 159.2 fps | sync-wait 6.17 ms | 187.7 Mtris/s
[20:59:47.035] [poc8-fence] 159.1 fps | frame 6.29 ms | drain 6.17 ms
[20:59:47.037] [fence] A:drawdone-sync | 159.1 fps | sync-wait 6.17 ms | 187.6 Mtris/s
[20:59:48.042] [poc8-fence] 159.1 fps | frame 6.29 ms | drain 6.17 ms
[20:59:48.044] [fence] A:drawdone-sync | 159.1 fps | sync-wait 6.17 ms | 187.6 Mtris/s
[20:59:49.048] [poc8-fence] 159.1 fps | frame 6.29 ms | drain 6.17 ms
[20:59:49.052] [fence] A:drawdone-sync | 159.1 fps | sync-wait 6.17 ms | 187.7 Mtris/s
[20:59:50.054] [poc8-fence] 159.1 fps | frame 6.28 ms | drain 6.17 ms
[20:59:50.061] [fence] A:drawdone-sync | 159.1 fps | sync-wait 6.17 ms | 187.7 Mtris/s
[20:59:51.059] [poc8-fence] 159.1 fps | frame 6.29 ms | drain 6.17 ms
[20:59:51.063] [fence] A:drawdone-sync | 159.1 fps | sync-wait 6.17 ms | 187.7 Mtris/s
[20:59:51.895] [fence] ---- switching to mode B:fenced-pipeline ----
[20:59:52.063] [poc8-fence] 161.4 fps | frame 6.19 ms | drain 6.07 ms
[20:59:52.068] [fence] B:fenced-pipeline | 161.4 fps | sync-wait 6.07 ms | 190.4 Mtris/s
[20:59:53.064] [poc8-fence] 162.5 fps | frame 6.15 ms | drain 6.03 ms
[20:59:53.069] [fence] B:fenced-pipeline | 162.5 fps | sync-wait 6.03 ms | 191.8 Mtris/s
[20:59:54.069] [poc8-fence] 162.6 fps | frame 6.15 ms | drain 6.02 ms
[20:59:54.077] [fence] B:fenced-pipeline | 162.6 fps | sync-wait 6.02 ms | 191.8 Mtris/s
[20:59:55.070] [poc8-fence] 162.6 fps | frame 6.15 ms | drain 6.02 ms
[20:59:55.072] [fence] B:fenced-pipeline | 162.6 fps | sync-wait 6.02 ms | 191.8 Mtris/s
[20:59:56.072] [poc8-fence] 162.6 fps | frame 6.15 ms | drain 6.03 ms
[20:59:56.076] [fence] B:fenced-pipeline | 162.6 fps | sync-wait 6.03 ms | 191.8 Mtris/s
[20:59:57.075] [poc8-fence] 162.6 fps | frame 6.15 ms | drain 6.03 ms
[20:59:57.086] [fence] B:fenced-pipeline | 162.6 fps | sync-wait 6.03 ms | 191.8 Mtris/s
[20:59:58.077] [poc8-fence] 162.6 fps | frame 6.15 ms | drain 6.02 ms
[20:59:58.080] [fence] B:fenced-pipeline | 162.6 fps | sync-wait 6.02 ms | 191.8 Mtris/s
[20:59:59.080] [poc8-fence] 162.5 fps | frame 6.15 ms | drain 6.03 ms
[20:59:59.083] [fence] B:fenced-pipeline | 162.5 fps | sync-wait 6.03 ms | 191.7 Mtris/s
[20:59:59.910] [fence] ---- switching to mode A:drawdone-sync ----
[21:00:00.081] [poc8-fence] 159.9 fps | frame 6.26 ms | drain 6.05 ms
[21:00:00.084] [fence] A:drawdone-sync | 159.9 fps | sync-wait 6.05 ms | 188.6 Mtris/s
[21:00:01.088] [poc8-fence] 159.0 fps | frame 6.29 ms | drain 6.17 ms
[21:00:01.090] [fence] A:drawdone-sync | 159.0 fps | sync-wait 6.17 ms | 187.6 Mtris/s
[21:00:02.093] [poc8-fence] 159.1 fps | frame 6.29 ms | drain 6.17 ms
[21:00:02.095] [fence] A:drawdone-sync | 159.1 fps | sync-wait 6.17 ms | 187.7 Mtris/s
[21:00:03.092] [poc8-fence] 159.0 fps | frame 6.29 ms | drain 6.17 ms
[21:00:03.095] [fence] A:drawdone-sync | 159.0 fps | sync-wait 6.17 ms | 187.6 Mtris/s
[21:00:04.099] [poc8-fence] 159.1 fps | frame 6.29 ms | drain 6.17 ms
[21:00:04.101] [fence] A:drawdone-sync | 159.1 fps | sync-wait 6.17 ms | 187.7 Mtris/s
[21:00:05.104] [poc8-fence] 159.1 fps | frame 6.29 ms | drain 6.17 ms
[21:00:05.106] [fence] A:drawdone-sync | 159.1 fps | sync-wait 6.17 ms | 187.7 Mtris/s
[21:00:06.109] [poc8-fence] 159.1 fps | frame 6.29 ms | drain 6.17 ms
[21:00:06.113] [fence] A:drawdone-sync | 159.1 fps | sync-wait 6.17 ms | 187.6 Mtris/s
[21:00:07.116] [poc8-fence] 159.0 fps | frame 6.29 ms | drain 6.17 ms
[21:00:07.119] [fence] A:drawdone-sync | 159.0 fps | sync-wait 6.17 ms | 187.6 Mtris/s
[21:00:07.902] [fence] ---- switching to mode B:fenced-pipeline ----
[21:00:08.118] [poc8-fence] 161.7 fps | frame 6.19 ms | drain 6.06 ms
[21:00:08.120] [fence] B:fenced-pipeline | 161.7 fps | sync-wait 6.06 ms | 190.7 Mtris/s
[21:00:09.121] [poc8-fence] 162.6 fps | frame 6.15 ms | drain 6.02 ms
[21:00:09.123] [fence] B:fenced-pipeline | 162.6 fps | sync-wait 6.02 ms | 191.8 Mtris/s
[21:00:10.123] [poc8-fence] 162.5 fps | frame 6.15 ms | drain 6.03 ms
[21:00:10.127] [fence] B:fenced-pipeline | 162.5 fps | sync-wait 6.03 ms | 191.7 Mtris/s
[21:00:11.127] [poc8-fence] 162.5 fps | frame 6.15 ms | drain 6.03 ms
[21:00:11.129] [fence] B:fenced-pipeline | 162.5 fps | sync-wait 6.03 ms | 191.7 Mtris/s
[21:00:12.130] [poc8-fence] 161.5 fps | frame 6.19 ms | drain 6.06 ms
[21:00:12.133] [fence] B:fenced-pipeline | 161.5 fps | sync-wait 6.06 ms | 190.5 Mtris/s
[21:00:13.133] [poc8-fence] 162.5 fps | frame 6.15 ms | drain 6.03 ms
[21:00:13.285] [fence] B:fenced-pipeline | 162.5 fps | sync-wait 6.03 ms | 191.7 Mtris/s
[21:00:14.135] [poc8-fence] 162.5 fps | frame 6.15 ms | drain 6.02 ms
[21:00:14.137] [fence] B:fenced-pipeline | 162.5 fps | sync-wait 6.02 ms | 191.7 Mtris/s
[21:00:15.139] [poc8-fence] 162.5 fps | frame 6.15 ms | drain 6.02 ms
[21:00:15.141] [fence] B:fenced-pipeline | 162.5 fps | sync-wait 6.02 ms | 191.7 Mtris/s
[21:00:15.919] [fence] ---- switching to mode A:drawdone-sync ----
[21:00:16.139] [poc8-fence] 159.8 fps | frame 6.26 ms | drain 6.06 ms
[21:00:16.142] [fence] A:drawdone-sync | 159.8 fps | sync-wait 6.06 ms | 188.5 Mtris/s
[21:00:17.150] [poc8-fence] 159.0 fps | frame 6.29 ms | drain 6.17 ms
[21:00:17.152] [fence] A:drawdone-sync | 159.0 fps | sync-wait 6.17 ms | 187.6 Mtris/s
[21:00:18.150] [poc8-fence] 159.1 fps | frame 6.28 ms | drain 6.17 ms
[21:00:18.154] [fence] A:drawdone-sync | 159.1 fps | sync-wait 6.17 ms | 187.7 Mtris/s
[21:00:19.155] [poc8-fence] 159.2 fps | frame 6.28 ms | drain 6.16 ms
[21:00:19.159] [fence] A:drawdone-sync | 159.2 fps | sync-wait 6.16 ms | 187.8 Mtris/s
[21:00:20.161] [poc8-fence] 159.2 fps | frame 6.28 ms | drain 6.17 ms
[21:00:20.163] [fence] A:drawdone-sync | 159.2 fps | sync-wait 6.17 ms | 187.7 Mtris/s
[21:00:21.166] [poc8-fence] 159.2 fps | frame 6.28 ms | drain 6.16 ms
[21:00:21.169] [fence] A:drawdone-sync | 159.2 fps | sync-wait 6.16 ms | 187.8 Mtris/s
[21:00:22.171] [poc8-fence] 159.2 fps | frame 6.28 ms | drain 6.16 ms
[21:00:22.173] [fence] A:drawdone-sync | 159.2 fps | sync-wait 6.16 ms | 187.8 Mtris/s
[21:00:23.177] [poc8-fence] 159.1 fps | frame 6.29 ms | drain 6.17 ms
[21:00:23.179] [fence] A:drawdone-sync | 159.1 fps | sync-wait 6.17 ms | 187.7 Mtris/s
[21:00:23.913] [fence] ---- switching to mode B:fenced-pipeline ----
[21:00:24.178] [poc8-fence] 161.8 fps | frame 6.18 ms | drain 6.06 ms
[21:00:24.181] [fence] B:fenced-pipeline | 161.8 fps | sync-wait 6.06 ms | 190.9 Mtris/s
[21:00:25.180] [poc8-fence] 162.6 fps | frame 6.15 ms | drain 6.03 ms
[21:00:25.182] [fence] B:fenced-pipeline | 162.6 fps | sync-wait 6.03 ms | 191.8 Mtris/s
[21:00:26.183] [poc8-fence] 162.5 fps | frame 6.15 ms | drain 6.03 ms
[21:00:26.185] [fence] B:fenced-pipeline | 162.5 fps | sync-wait 6.03 ms | 191.7 Mtris/s
[21:00:27.186] [poc8-fence] 162.6 fps | frame 6.15 ms | drain 6.03 ms
[21:00:27.189] [fence] B:fenced-pipeline | 162.6 fps | sync-wait 6.03 ms | 191.8 Mtris/s
[21:00:28.188] [poc8-fence] 162.6 fps | frame 6.15 ms | drain 6.03 ms
[21:00:28.190] [fence] B:fenced-pipeline | 162.6 fps | sync-wait 6.03 ms | 191.8 Mtris/s
[21:00:29.192] [poc8-fence] 162.6 fps | frame 6.15 ms | drain 6.02 ms
[21:00:29.194] [fence] B:fenced-pipeline | 162.6 fps | sync-wait 6.02 ms | 191.8 Mtris/s
[21:00:30.194] [poc8-fence] 162.6 fps | frame 6.15 ms | drain 6.02 ms
[21:00:30.197] [fence] B:fenced-pipeline | 162.6 fps | sync-wait 6.02 ms | 191.8 Mtris/s
[21:00:31.197] [poc8-fence] 162.5 fps | frame 6.15 ms | drain 6.03 ms
[21:00:31.200] [fence] B:fenced-pipeline | 162.5 fps | sync-wait 6.03 ms | 191.7 Mtris/s
[21:00:31.927] [fence] ---- switching to mode A:drawdone-sync ----
[21:00:32.199] [poc8-fence] 159.6 fps | frame 6.27 ms | drain 6.06 ms
[21:00:32.202] [fence] A:drawdone-sync | 159.6 fps | sync-wait 6.06 ms | 188.3 Mtris/s
[21:00:33.205] [poc8-fence] 159.1 fps | frame 6.29 ms | drain 6.17 ms
[21:00:33.208] [fence] A:drawdone-sync | 159.1 fps | sync-wait 6.17 ms | 187.7 Mtris/s
[21:00:34.205] [poc8-fence] 159.0 fps | frame 6.29 ms | drain 6.17 ms
[21:00:34.208] [fence] A:drawdone-sync | 159.0 fps | sync-wait 6.17 ms | 187.5 Mtris/s
[21:00:35.204] [poc8-fence] 159.0 fps | frame 6.29 ms | drain 6.17 ms
[21:00:35.207] [fence] A:drawdone-sync | 159.0 fps | sync-wait 6.17 ms | 187.6 Mtris/s
[21:00:36.210] [poc8-fence] 159.1 fps | frame 6.29 ms | drain 6.17 ms
[21:00:36.212] [fence] A:drawdone-sync | 159.1 fps | sync-wait 6.17 ms | 187.7 Mtris/s
[21:00:37.219] [poc8-fence] 159.1 fps | frame 6.29 ms | drain 6.17 ms
[21:00:37.222] [fence] A:drawdone-sync | 159.1 fps | sync-wait 6.17 ms | 187.6 Mtris/s
[21:00:38.222] [poc8-fence] 159.1 fps | frame 6.29 ms | drain 6.17 ms
[21:00:38.225] [fence] A:drawdone-sync | 159.1 fps | sync-wait 6.17 ms | 187.6 Mtris/s
[21:00:39.227] [poc8-fence] 159.1 fps | frame 6.28 ms | drain 6.17 ms
[21:00:39.230] [fence] A:drawdone-sync | 159.1 fps | sync-wait 6.17 ms | 187.7 Mtris/s
[21:00:39.920] [fence] ---- switching to mode B:fenced-pipeline ----
[21:00:40.228] [poc8-fence] 162.0 fps | frame 6.17 ms | drain 6.05 ms
[21:00:40.230] [fence] B:fenced-pipeline | 162.0 fps | sync-wait 6.05 ms | 191.1 Mtris/s
[21:00:41.230] [poc8-fence] 162.5 fps | frame 6.15 ms | drain 6.03 ms
[21:00:41.233] [fence] B:fenced-pipeline | 162.5 fps | sync-wait 6.03 ms | 191.7 Mtris/s
[21:00:42.233] [poc8-fence] 162.5 fps | frame 6.15 ms | drain 6.03 ms
[21:00:42.235] [fence] B:fenced-pipeline | 162.5 fps | sync-wait 6.03 ms | 191.7 Mtris/s
[21:00:43.237] [poc8-fence] 162.5 fps | frame 6.15 ms | drain 6.03 ms
[21:00:43.239] [fence] B:fenced-pipeline | 162.5 fps | sync-wait 6.03 ms | 191.7 Mtris/s
[21:00:44.240] [poc8-fence] 162.5 fps | frame 6.15 ms | drain 6.03 ms
[21:00:44.242] [fence] B:fenced-pipeline | 162.5 fps | sync-wait 6.03 ms | 191.7 Mtris/s
[21:00:45.244] [poc8-fence] 162.5 fps | frame 6.15 ms | drain 6.03 ms
[21:00:45.247] [fence] B:fenced-pipeline | 162.5 fps | sync-wait 6.03 ms | 191.7 Mtris/s
[21:00:46.246] [poc8-fence] 162.5 fps | frame 6.15 ms | drain 6.03 ms
[21:00:46.249] [fence] B:fenced-pipeline | 162.5 fps | sync-wait 6.03 ms | 191.7 Mtris/s
[21:00:47.248] [poc8-fence] 162.6 fps | frame 6.15 ms | drain 6.03 ms
[21:00:47.251] [fence] B:fenced-pipeline | 162.6 fps | sync-wait 6.03 ms | 191.8 Mtris/s
[21:00:47.937] [fence] ---- switching to mode A:drawdone-sync ----
[21:00:48.252] [poc8-fence] 159.4 fps | frame 6.27 ms | drain 6.07 ms
[21:00:48.254] [fence] A:drawdone-sync | 159.4 fps | sync-wait 6.07 ms | 188.1 Mtris/s
[21:00:49.257] [poc8-fence] 159.1 fps | frame 6.28 ms | drain 6.17 ms
[21:00:49.260] [fence] A:drawdone-sync | 159.1 fps | sync-wait 6.17 ms | 187.7 Mtris/s
[21:00:50.262] [poc8-fence] 159.1 fps | frame 6.28 ms | drain 6.17 ms
[21:00:50.264] [fence] A:drawdone-sync | 159.1 fps | sync-wait 6.17 ms | 187.7 Mtris/s
[21:00:51.268] [poc8-fence] 159.1 fps | frame 6.29 ms | drain 6.17 ms
[21:00:51.271] [fence] A:drawdone-sync | 159.1 fps | sync-wait 6.17 ms | 187.7 Mtris/s
[21:00:52.274] [poc8-fence] 159.1 fps | frame 6.28 ms | drain 6.17 ms
[21:00:52.277] [fence] A:drawdone-sync | 159.1 fps | sync-wait 6.17 ms | 187.7 Mtris/s
[21:00:53.279] [poc8-fence] 159.1 fps | frame 6.28 ms | drain 6.17 ms
[21:00:53.282] [fence] A:drawdone-sync | 159.1 fps | sync-wait 6.17 ms | 187.7 Mtris/s
[21:00:54.286] [poc8-fence] 159.0 fps | frame 6.29 ms | drain 6.17 ms
[21:00:54.289] [fence] A:drawdone-sync | 159.0 fps | sync-wait 6.17 ms | 187.6 Mtris/s
[21:00:55.291] [poc8-fence] 159.0 fps | frame 6.29 ms | drain 6.17 ms
[21:00:55.294] [fence] A:drawdone-sync | 159.0 fps | sync-wait 6.17 ms | 187.6 Mtris/s
[21:00:55.927] [fence] ---- switching to mode B:fenced-pipeline ----
[21:00:56.296] [poc8-fence] 162.1 fps | frame 6.17 ms | drain 6.04 ms
[21:00:56.299] [fence] B:fenced-pipeline | 162.1 fps | sync-wait 6.04 ms | 191.2 Mtris/s
[21:00:57.299] [poc8-fence] 162.6 fps | frame 6.15 ms | drain 6.02 ms
[21:00:57.302] [fence] B:fenced-pipeline | 162.6 fps | sync-wait 6.02 ms | 191.8 Mtris/s
[21:00:58.301] [poc8-fence] 162.6 fps | frame 6.15 ms | drain 6.02 ms
[21:00:58.304] [fence] B:fenced-pipeline | 162.6 fps | sync-wait 6.02 ms | 191.8 Mtris/s
[21:00:59.304] [poc8-fence] 162.5 fps | frame 6.15 ms | drain 6.03 ms
[21:00:59.306] [fence] B:fenced-pipeline | 162.5 fps | sync-wait 6.03 ms | 191.7 Mtris/s
[21:01:00.309] [poc8-fence] 162.6 fps | frame 6.15 ms | drain 6.03 ms
[21:01:00.312] [fence] B:fenced-pipeline | 162.6 fps | sync-wait 6.03 ms | 191.8 Mtris/s
[21:01:01.310] [poc8-fence] 162.6 fps | frame 6.15 ms | drain 6.03 ms
[21:01:01.313] [fence] B:fenced-pipeline | 162.6 fps | sync-wait 6.03 ms | 191.8 Mtris/s
[21:01:02.312] [poc8-fence] 162.6 fps | frame 6.15 ms | drain 6.02 ms
[21:01:02.315] [fence] B:fenced-pipeline | 162.6 fps | sync-wait 6.02 ms | 191.8 Mtris/s
[21:01:03.315] [poc8-fence] 162.6 fps | frame 6.15 ms | drain 6.02 ms
[21:01:03.317] [fence] B:fenced-pipeline | 162.6 fps | sync-wait 6.02 ms | 191.8 Mtris/s
[21:01:03.942] [fence] ---- switching to mode A:drawdone-sync ----
[21:01:04.319] [poc8-fence] 159.3 fps | frame 6.28 ms | drain 6.08 ms
[21:01:04.321] [fence] A:drawdone-sync | 159.3 fps | sync-wait 6.08 ms | 187.9 Mtris/s
[21:01:05.325] [poc8-fence] 159.1 fps | frame 6.29 ms | drain 6.17 ms
[21:01:05.328] [fence] A:drawdone-sync | 159.1 fps | sync-wait 6.17 ms | 187.6 Mtris/s
[21:01:06.325] [poc8-fence] 159.0 fps | frame 6.29 ms | drain 6.17 ms
[21:01:06.329] [fence] A:drawdone-sync | 159.0 fps | sync-wait 6.17 ms | 187.6 Mtris/s
[21:01:07.325] [poc8-fence] 159.0 fps | frame 6.29 ms | drain 6.17 ms
[21:01:07.328] [fence] A:drawdone-sync | 159.0 fps | sync-wait 6.17 ms | 187.6 Mtris/s
[21:01:08.332] [poc8-fence] 159.0 fps | frame 6.29 ms | drain 6.17 ms
[21:01:08.335] [fence] A:drawdone-sync | 159.0 fps | sync-wait 6.17 ms | 187.6 Mtris/s
[21:01:09.337] [poc8-fence] 159.1 fps | frame 6.28 ms | drain 6.17 ms
[21:01:09.339] [fence] A:drawdone-sync | 159.1 fps | sync-wait 6.17 ms | 187.7 Mtris/s
[21:01:10.342] [poc8-fence] 159.1 fps | frame 6.28 ms | drain 6.17 ms
[21:01:10.346] [fence] A:drawdone-sync | 159.1 fps | sync-wait 6.17 ms | 187.7 Mtris/s
[21:01:11.349] [poc8-fence] 159.1 fps | frame 6.29 ms | drain 6.17 ms
[21:01:11.351] [fence] A:drawdone-sync | 159.1 fps | sync-wait 6.17 ms | 187.7 Mtris/s
[21:01:11.933] [fence] ---- switching to mode B:fenced-pipeline ----
[21:01:12.352] [poc8-fence] 162.4 fps | frame 6.16 ms | drain 6.04 ms
[21:01:12.355] [fence] B:fenced-pipeline | 162.4 fps | sync-wait 6.04 ms | 191.5 Mtris/s
[21:01:13.357] [poc8-fence] 162.6 fps | frame 6.15 ms | drain 6.03 ms
[21:01:13.359] [fence] B:fenced-pipeline | 162.6 fps | sync-wait 6.03 ms | 191.8 Mtris/s
[21:01:14.358] [poc8-fence] 162.5 fps | frame 6.15 ms | drain 6.02 ms
[21:01:14.371] [fence] B:fenced-pipeline | 162.5 fps | sync-wait 6.02 ms | 191.7 Mtris/s
[21:01:15.360] [poc8-fence] 162.6 fps | frame 6.15 ms | drain 6.02 ms
[21:01:15.362] [fence] B:fenced-pipeline | 162.6 fps | sync-wait 6.02 ms | 191.8 Mtris/s
[21:01:16.363] [poc8-fence] 162.6 fps | frame 6.15 ms | drain 6.03 ms
[21:01:16.366] [fence] B:fenced-pipeline | 162.6 fps | sync-wait 6.03 ms | 191.8 Mtris/s
[21:01:17.366] [poc8-fence] 162.6 fps | frame 6.15 ms | drain 6.02 ms
[21:01:17.368] [fence] B:fenced-pipeline | 162.6 fps | sync-wait 6.02 ms | 191.8 Mtris/s
[21:01:18.369] [poc8-fence] 162.6 fps | frame 6.15 ms | drain 6.03 ms
[21:01:18.373] [fence] B:fenced-pipeline | 162.6 fps | sync-wait 6.03 ms | 191.8 Mtris/s
[21:01:19.370] [poc8-fence] 162.6 fps | frame 6.15 ms | drain 6.02 ms
[21:01:19.374] [fence] B:fenced-pipeline | 162.6 fps | sync-wait 6.02 ms | 191.8 Mtris/s
[21:01:19.950] [fence] ---- switching to mode A:drawdone-sync ----
[21:01:20.376] [poc8-fence] 159.1 fps | frame 6.28 ms | drain 6.08 ms
[21:01:20.378] [fence] A:drawdone-sync | 159.1 fps | sync-wait 6.08 ms | 187.7 Mtris/s
[21:01:21.382] [poc8-fence] 159.2 fps | frame 6.28 ms | drain 6.16 ms
[21:01:21.384] [fence] A:drawdone-sync | 159.2 fps | sync-wait 6.16 ms | 187.7 Mtris/s
[21:01:22.387] [poc8-fence] 159.1 fps | frame 6.28 ms | drain 6.16 ms
[21:01:22.390] [fence] A:drawdone-sync | 159.1 fps | sync-wait 6.16 ms | 187.7 Mtris/s
[21:01:23.392] [poc8-fence] 159.2 fps | frame 6.28 ms | drain 6.16 ms
[21:01:23.395] [fence] A:drawdone-sync | 159.2 fps | sync-wait 6.16 ms | 187.8 Mtris/s
[21:01:24.397] [poc8-fence] 159.1 fps | frame 6.28 ms | drain 6.17 ms
[21:01:24.400] [fence] A:drawdone-sync | 159.1 fps | sync-wait 6.17 ms | 187.7 Mtris/s
[21:01:25.402] [poc8-fence] 159.1 fps | frame 6.29 ms | drain 6.17 ms
[21:01:25.405] [fence] A:drawdone-sync | 159.1 fps | sync-wait 6.17 ms | 187.7 Mtris/s
[21:01:26.409] [poc8-fence] 159.1 fps | frame 6.29 ms | drain 6.17 ms
[21:01:26.411] [fence] A:drawdone-sync | 159.1 fps | sync-wait 6.17 ms | 187.7 Mtris/s
[21:01:27.414] [poc8-fence] 159.1 fps | frame 6.28 ms | drain 6.17 ms
[21:01:27.416] [fence] A:drawdone-sync | 159.1 fps | sync-wait 6.17 ms | 187.7 Mtris/s
[21:01:27.944] [fence] ---- switching to mode B:fenced-pipeline ----
[21:01:28.417] [poc8-fence] 162.6 fps | frame 6.15 ms | drain 6.03 ms
[21:01:28.420] [fence] B:fenced-pipeline | 162.6 fps | sync-wait 6.03 ms | 191.8 Mtris/s
[21:01:29.419] [poc8-fence] 162.6 fps | frame 6.15 ms | drain 6.03 ms
[21:01:29.421] [fence] B:fenced-pipeline | 162.6 fps | sync-wait 6.03 ms | 191.8 Mtris/s
[21:01:30.422] [poc8-fence] 162.6 fps | frame 6.15 ms | drain 6.02 ms
[21:01:30.425] [fence] B:fenced-pipeline | 162.6 fps | sync-wait 6.02 ms | 191.8 Mtris/s
[21:01:31.426] [poc8-fence] 162.6 fps | frame 6.15 ms | drain 6.02 ms
[21:01:31.429] [fence] B:fenced-pipeline | 162.6 fps | sync-wait 6.02 ms | 191.8 Mtris/s
[21:01:32.427] [poc8-fence] 162.6 fps | frame 6.15 ms | drain 6.02 ms
[21:01:32.429] [fence] B:fenced-pipeline | 162.6 fps | sync-wait 6.02 ms | 191.8 Mtris/s
[21:01:33.429] [poc8-fence] 162.5 fps | frame 6.15 ms | drain 6.03 ms
[21:01:33.432] [fence] B:fenced-pipeline | 162.5 fps | sync-wait 6.03 ms | 191.7 Mtris/s
[21:01:34.432] [poc8-fence] 162.6 fps | frame 6.15 ms | drain 6.02 ms
[21:01:34.434] [fence] B:fenced-pipeline | 162.6 fps | sync-wait 6.02 ms | 191.8 Mtris/s
[21:01:35.435] [poc8-fence] 162.5 fps | frame 6.15 ms | drain 6.03 ms
[21:01:35.437] [fence] B:fenced-pipeline | 162.5 fps | sync-wait 6.03 ms | 191.7 Mtris/s
[21:01:35.958] [fence] ---- switching to mode A:drawdone-sync ----
[21:01:36.443] [poc8-fence] 158.8 fps | frame 6.30 ms | drain 6.09 ms
[21:01:36.446] [fence] A:drawdone-sync | 158.8 fps | sync-wait 6.09 ms | 187.4 Mtris/s
[21:01:37.441] [poc8-fence] 159.1 fps | frame 6.29 ms | drain 6.17 ms
[21:01:37.443] [fence] A:drawdone-sync | 159.1 fps | sync-wait 6.17 ms | 187.7 Mtris/s
[21:01:38.447] [poc8-fence] 159.1 fps | frame 6.29 ms | drain 6.17 ms
[21:01:38.450] [fence] A:drawdone-sync | 159.1 fps | sync-wait 6.17 ms | 187.7 Mtris/s
[21:01:39.453] [poc8-fence] 159.1 fps | frame 6.29 ms | drain 6.17 ms
[21:01:39.456] [fence] A:drawdone-sync | 159.1 fps | sync-wait 6.17 ms | 187.6 Mtris/s
[21:01:40.459] [poc8-fence] 159.1 fps | frame 6.29 ms | drain 6.17 ms
[21:01:40.461] [fence] A:drawdone-sync | 159.1 fps | sync-wait 6.17 ms | 187.6 Mtris/s
[21:01:41.464] [poc8-fence] 159.1 fps | frame 6.29 ms | drain 6.17 ms
[21:01:41.468] [fence] A:drawdone-sync | 159.1 fps | sync-wait 6.17 ms | 187.6 Mtris/s
[21:01:42.471] [poc8-fence] 159.1 fps | frame 6.29 ms | drain 6.17 ms
[21:01:42.473] [fence] A:drawdone-sync | 159.1 fps | sync-wait 6.17 ms | 187.6 Mtris/s
[21:01:43.476] [poc8-fence] 159.1 fps | frame 6.28 ms | drain 6.17 ms
[21:01:43.479] [fence] A:drawdone-sync | 159.1 fps | sync-wait 6.17 ms | 187.7 Mtris/s
[21:01:43.948] [fence] ---- switching to mode B:fenced-pipeline ----
[21:01:44.478] [poc8-fence] 162.7 fps | frame 6.15 ms | drain 6.02 ms
[21:01:44.480] [fence] B:fenced-pipeline | 162.7 fps | sync-wait 6.02 ms | 191.9 Mtris/s
[21:01:45.480] [poc8-fence] 162.6 fps | frame 6.15 ms | drain 6.02 ms
[21:01:45.483] [fence] B:fenced-pipeline | 162.6 fps | sync-wait 6.02 ms | 191.8 Mtris/s
[21:01:46.483] [poc8-fence] 162.5 fps | frame 6.15 ms | drain 6.02 ms
[21:01:46.487] [fence] B:fenced-pipeline | 162.5 fps | sync-wait 6.02 ms | 191.7 Mtris/s
[21:01:47.486] [poc8-fence] 162.5 fps | frame 6.15 ms | drain 6.03 ms
[21:01:47.489] [fence] B:fenced-pipeline | 162.5 fps | sync-wait 6.03 ms | 191.7 Mtris/s
[21:01:48.490] [poc8-fence] 162.5 fps | frame 6.15 ms | drain 6.03 ms
[21:01:48.492] [fence] B:fenced-pipeline | 162.5 fps | sync-wait 6.03 ms | 191.7 Mtris/s
[21:01:49.493] [poc8-fence] 162.5 fps | frame 6.15 ms | drain 6.03 ms
[21:01:49.496] [fence] B:fenced-pipeline | 162.5 fps | sync-wait 6.03 ms | 191.7 Mtris/s
[21:01:50.502] [poc8-fence] 162.6 fps | frame 6.15 ms | drain 6.03 ms
[21:01:50.504] [fence] B:fenced-pipeline | 162.6 fps | sync-wait 6.03 ms | 191.8 Mtris/s
[21:01:51.499] [poc8-fence] 162.6 fps | frame 6.15 ms | drain 6.03 ms
[21:01:51.502] [fence] B:fenced-pipeline | 162.6 fps | sync-wait 6.03 ms | 191.8 Mtris/s
[21:01:51.966] [fence] ---- switching to mode A:drawdone-sync ----
[21:01:52.500] [poc8-fence] 158.7 fps | frame 6.30 ms | drain 6.09 ms
[21:01:52.504] [fence] A:drawdone-sync | 158.7 fps | sync-wait 6.09 ms | 187.3 Mtris/s
[21:01:53.505] [poc8-fence] 159.1 fps | frame 6.28 ms | drain 6.17 ms
[21:01:53.509] [fence] A:drawdone-sync | 159.1 fps | sync-wait 6.17 ms | 187.7 Mtris/s
[21:01:54.510] [poc8-fence] 159.1 fps | frame 6.28 ms | drain 6.17 ms
[21:01:54.512] [fence] A:drawdone-sync | 159.1 fps | sync-wait 6.17 ms | 187.7 Mtris/s
[21:01:55.516] [poc8-fence] 159.1 fps | frame 6.29 ms | drain 6.17 ms
[21:01:55.519] [fence] A:drawdone-sync | 159.1 fps | sync-wait 6.17 ms | 187.7 Mtris/s
[21:01:56.522] [poc8-fence] 159.1 fps | frame 6.29 ms | drain 6.17 ms
[21:01:56.524] [fence] A:drawdone-sync | 159.1 fps | sync-wait 6.17 ms | 187.7 Mtris/s
[21:01:57.527] [poc8-fence] 159.1 fps | frame 6.28 ms | drain 6.17 ms
[21:01:57.529] [fence] A:drawdone-sync | 159.1 fps | sync-wait 6.17 ms | 187.7 Mtris/s
[21:01:58.533] [poc8-fence] 159.1 fps | frame 6.28 ms | drain 6.17 ms
[21:01:58.535] [fence] A:drawdone-sync | 159.1 fps | sync-wait 6.17 ms | 187.7 Mtris/s
[21:01:59.538] [poc8-fence] 159.1 fps | frame 6.28 ms | drain 6.16 ms
[21:01:59.541] [fence] A:drawdone-sync | 159.1 fps | sync-wait 6.16 ms | 187.7 Mtris/s
[21:01:59.954] [fence] ---- switching to mode B:fenced-pipeline ----
[21:02:00.538] [poc8-fence] 162.9 fps | frame 6.14 ms | drain 6.01 ms
[21:02:00.541] [fence] B:fenced-pipeline | 162.9 fps | sync-wait 6.01 ms | 192.2 Mtris/s
[21:02:01.541] [poc8-fence] 162.6 fps | frame 6.15 ms | drain 6.03 ms
[21:02:01.543] [fence] B:fenced-pipeline | 162.6 fps | sync-wait 6.03 ms | 191.8 Mtris/s
[21:02:02.543] [poc8-fence] 162.6 fps | frame 6.15 ms | drain 6.02 ms
[21:02:02.546] [fence] B:fenced-pipeline | 162.6 fps | sync-wait 6.02 ms | 191.8 Mtris/s
[21:02:03.547] [poc8-fence] 162.6 fps | frame 6.15 ms | drain 6.02 ms
[21:02:03.550] [fence] B:fenced-pipeline | 162.6 fps | sync-wait 6.02 ms | 191.8 Mtris/s
[21:02:04.549] [poc8-fence] 162.6 fps | frame 6.15 ms | drain 6.03 ms
[21:02:04.552] [fence] B:fenced-pipeline | 162.6 fps | sync-wait 6.03 ms | 191.8 Mtris/s
[21:02:05.551] [poc8-fence] 162.5 fps | frame 6.15 ms | drain 6.02 ms
[21:02:05.554] [fence] B:fenced-pipeline | 162.5 fps | sync-wait 6.02 ms | 191.8 Mtris/s
[21:02:06.554] [poc8-fence] 162.6 fps | frame 6.15 ms | drain 6.03 ms
[21:02:06.557] [fence] B:fenced-pipeline | 162.6 fps | sync-wait 6.03 ms | 191.8 Mtris/s
[21:02:07.557] [poc8-fence] 162.6 fps | frame 6.15 ms | drain 6.03 ms
[21:02:07.559] [fence] B:fenced-pipeline | 162.6 fps | sync-wait 6.03 ms | 191.8 Mtris/s
[21:02:07.968] [fence] ---- switching to mode A:drawdone-sync ----
[21:02:08.560] [poc8-fence] 158.5 fps | frame 6.31 ms | drain 6.11 ms
[21:02:08.562] [fence] A:drawdone-sync | 158.5 fps | sync-wait 6.11 ms | 187.0 Mtris/s
[21:02:09.565] [poc8-fence] 159.1 fps | frame 6.29 ms | drain 6.17 ms
[21:02:09.568] [fence] A:drawdone-sync | 159.1 fps | sync-wait 6.17 ms | 187.6 Mtris/s
[21:02:10.571] [poc8-fence] 159.1 fps | frame 6.29 ms | drain 6.17 ms
[21:02:10.574] [fence] A:drawdone-sync | 159.1 fps | sync-wait 6.17 ms | 187.7 Mtris/s
[21:02:11.577] [poc8-fence] 159.1 fps | frame 6.28 ms | drain 6.17 ms
[21:02:11.580] [fence] A:drawdone-sync | 159.1 fps | sync-wait 6.17 ms | 187.7 Mtris/s
[21:02:12.583] [poc8-fence] 159.1 fps | frame 6.29 ms | drain 6.17 ms
[21:02:12.587] [fence] A:drawdone-sync | 159.1 fps | sync-wait 6.17 ms | 187.7 Mtris/s
[21:02:13.590] [poc8-fence] 159.1 fps | frame 6.28 ms | drain 6.17 ms
[21:02:13.593] [fence] A:drawdone-sync | 159.1 fps | sync-wait 6.17 ms | 187.7 Mtris/s
[21:02:14.594] [poc8-fence] 159.1 fps | frame 6.29 ms | drain 6.17 ms
[21:02:14.597] [fence] A:drawdone-sync | 159.1 fps | sync-wait 6.17 ms | 187.6 Mtris/s
[21:02:15.600] [poc8-fence] 159.1 fps | frame 6.29 ms | drain 6.17 ms
[21:02:15.603] [fence] A:drawdone-sync | 159.1 fps | sync-wait 6.17 ms | 187.6 Mtris/s
[21:02:15.960] [fence] ---- switching to mode B:fenced-pipeline ----
[21:02:16.601] [poc8-fence] 163.0 fps | frame 6.14 ms | drain 6.01 ms
[21:02:16.603] [fence] B:fenced-pipeline | 163.0 fps | sync-wait 6.01 ms | 192.2 Mtris/s
[21:02:17.603] [poc8-fence] 162.5 fps | frame 6.15 ms | drain 6.03 ms
[21:02:17.614] [fence] B:fenced-pipeline | 162.5 fps | sync-wait 6.03 ms | 191.7 Mtris/s
[21:02:18.606] [poc8-fence] 162.6 fps | frame 6.15 ms | drain 6.03 ms
[21:02:18.608] [fence] B:fenced-pipeline | 162.6 fps | sync-wait 6.03 ms | 191.8 Mtris/s
[21:02:19.609] [poc8-fence] 162.6 fps | frame 6.15 ms | drain 6.03 ms
[21:02:19.611] [fence] B:fenced-pipeline | 162.6 fps | sync-wait 6.03 ms | 191.8 Mtris/s
[21:02:20.611] [poc8-fence] 162.6 fps | frame 6.15 ms | drain 6.02 ms
[21:02:20.994] [fence] B:fenced-pipeline | 162.6 fps | sync-wait 6.02 ms | 191.8 Mtris/s
[21:02:21.614] [poc8-fence] 162.5 fps | frame 6.15 ms | drain 6.03 ms
[21:02:21.616] [fence] B:fenced-pipeline | 162.5 fps | sync-wait 6.03 ms | 191.8 Mtris/s
[21:02:22.617] [poc8-fence] 162.6 fps | frame 6.15 ms | drain 6.03 ms
[21:02:22.619] [fence] B:fenced-pipeline | 162.6 fps | sync-wait 6.03 ms | 191.8 Mtris/s
[21:02:23.621] [poc8-fence] 162.6 fps | frame 6.15 ms | drain 6.02 ms
[21:02:23.623] [fence] B:fenced-pipeline | 162.6 fps | sync-wait 6.02 ms | 191.8 Mtris/s
[21:02:23.976] [fence] ---- switching to mode A:drawdone-sync ----
[21:02:24.623] [poc8-fence] 158.4 fps | frame 6.31 ms | drain 6.11 ms
[21:02:24.625] [fence] A:drawdone-sync | 158.4 fps | sync-wait 6.11 ms | 186.8 Mtris/s
[21:02:25.629] [poc8-fence] 159.1 fps | frame 6.28 ms | drain 6.16 ms
[21:02:25.631] [fence] A:drawdone-sync | 159.1 fps | sync-wait 6.16 ms | 187.7 Mtris/s
[21:02:26.634] [poc8-fence] 159.1 fps | frame 6.28 ms | drain 6.17 ms
[21:02:26.637] [fence] A:drawdone-sync | 159.1 fps | sync-wait 6.17 ms | 187.7 Mtris/s
[21:02:27.642] [poc8-fence] 159.2 fps | frame 6.28 ms | drain 6.16 ms
[21:02:27.645] [fence] A:drawdone-sync | 159.2 fps | sync-wait 6.16 ms | 187.8 Mtris/s
[21:02:28.646] [poc8-fence] 159.1 fps | frame 6.29 ms | drain 6.17 ms
[21:02:28.648] [fence] A:drawdone-sync | 159.1 fps | sync-wait 6.17 ms | 187.6 Mtris/s
[21:02:29.652] [poc8-fence] 159.1 fps | frame 6.29 ms | drain 6.17 ms
[21:02:29.653] [fence] A:drawdone-sync | 159.1 fps | sync-wait 6.17 ms | 187.6 Mtris/s
[21:02:30.660] [poc8-fence] 159.1 fps | frame 6.28 ms | drain 6.17 ms
[21:02:30.663] [fence] A:drawdone-sync | 159.1 fps | sync-wait 6.17 ms | 187.7 Mtris/s
[21:02:31.662] [poc8-fence] 159.1 fps | frame 6.29 ms | drain 6.17 ms
[21:02:31.666] [fence] A:drawdone-sync | 159.1 fps | sync-wait 6.17 ms | 187.7 Mtris/s
[21:02:31.964] [fence] ---- switching to mode B:fenced-pipeline ----
[21:02:32.666] [poc8-fence] 163.3 fps | frame 6.13 ms | drain 6.00 ms
[21:02:32.669] [fence] B:fenced-pipeline | 163.3 fps | sync-wait 6.00 ms | 192.6 Mtris/s
[21:02:33.669] [poc8-fence] 162.6 fps | frame 6.15 ms | drain 6.02 ms
[21:02:33.672] [fence] B:fenced-pipeline | 162.6 fps | sync-wait 6.02 ms | 191.8 Mtris/s
[21:02:34.672] [poc8-fence] 162.6 fps | frame 6.15 ms | drain 6.03 ms
[21:02:34.677] [fence] B:fenced-pipeline | 162.6 fps | sync-wait 6.03 ms | 191.8 Mtris/s
[21:02:35.674] [poc8-fence] 162.6 fps | frame 6.15 ms | drain 6.03 ms
[21:02:35.676] [fence] B:fenced-pipeline | 162.6 fps | sync-wait 6.03 ms | 191.8 Mtris/s
[21:02:36.677] [poc8-fence] 162.5 fps | frame 6.15 ms | drain 6.03 ms
[21:02:36.680] [fence] B:fenced-pipeline | 162.5 fps | sync-wait 6.03 ms | 191.7 Mtris/s
[21:02:37.679] [poc8-fence] 162.5 fps | frame 6.15 ms | drain 6.03 ms
[21:02:37.682] [fence] B:fenced-pipeline | 162.5 fps | sync-wait 6.03 ms | 191.7 Mtris/s
[21:02:38.686] [poc8-fence] 162.5 fps | frame 6.15 ms | drain 6.03 ms
[21:02:38.692] [fence] B:fenced-pipeline | 162.5 fps | sync-wait 6.03 ms | 191.7 Mtris/s
[21:02:39.686] [poc8-fence] 162.5 fps | frame 6.15 ms | drain 6.03 ms
[21:02:39.688] [fence] B:fenced-pipeline | 162.5 fps | sync-wait 6.03 ms | 191.7 Mtris/s
[21:02:39.981] [fence] ---- switching to mode A:drawdone-sync ----
[21:02:40.692] [poc8-fence] 158.1 fps | frame 6.32 ms | drain 6.12 ms
[21:02:40.695] [fence] A:drawdone-sync | 158.1 fps | sync-wait 6.12 ms | 186.6 Mtris/s
[21:02:41.698] [poc8-fence] 159.0 fps | frame 6.29 ms | drain 6.17 ms
[21:02:41.700] [fence] A:drawdone-sync | 159.0 fps | sync-wait 6.17 ms | 187.6 Mtris/s
[21:02:42.703] [poc8-fence] 159.1 fps | frame 6.29 ms | drain 6.17 ms
[21:02:42.706] [fence] A:drawdone-sync | 159.1 fps | sync-wait 6.17 ms | 187.6 Mtris/s
[21:02:43.703] [poc8-fence] 159.0 fps | frame 6.29 ms | drain 6.17 ms
[21:02:43.706] [fence] A:drawdone-sync | 159.0 fps | sync-wait 6.17 ms | 187.6 Mtris/s
[21:02:44.710] [poc8-fence] 159.1 fps | frame 6.29 ms | drain 6.17 ms
[21:02:44.711] [fence] A:drawdone-sync | 159.1 fps | sync-wait 6.17 ms | 187.6 Mtris/s
[21:02:45.715] [poc8-fence] 159.1 fps | frame 6.29 ms | drain 6.17 ms
[21:02:45.718] [fence] A:drawdone-sync | 159.1 fps | sync-wait 6.17 ms | 187.6 Mtris/s
[21:02:46.721] [poc8-fence] 159.0 fps | frame 6.29 ms | drain 6.17 ms
[21:02:46.723] [fence] A:drawdone-sync | 159.0 fps | sync-wait 6.17 ms | 187.6 Mtris/s
[21:02:47.727] [poc8-fence] 159.1 fps | frame 6.29 ms | drain 6.17 ms
[21:02:47.730] [fence] A:drawdone-sync | 159.1 fps | sync-wait 6.17 ms | 187.7 Mtris/s
[21:02:47.973] [fence] ---- switching to mode B:fenced-pipeline ----
[21:02:48.730] [poc8-fence] 163.4 fps | frame 6.12 ms | drain 5.99 ms
[21:02:48.733] [fence] B:fenced-pipeline | 163.4 fps | sync-wait 5.99 ms | 192.7 Mtris/s
[21:02:49.734] [poc8-fence] 162.5 fps | frame 6.15 ms | drain 6.03 ms
[21:02:49.736] [fence] B:fenced-pipeline | 162.5 fps | sync-wait 6.03 ms | 191.7 Mtris/s
[21:02:50.737] [poc8-fence] 162.5 fps | frame 6.15 ms | drain 6.03 ms
[21:02:50.739] [fence] B:fenced-pipeline | 162.5 fps | sync-wait 6.03 ms | 191.7 Mtris/s
[21:02:51.740] [poc8-fence] 162.6 fps | frame 6.15 ms | drain 6.03 ms
[21:02:51.742] [fence] B:fenced-pipeline | 162.6 fps | sync-wait 6.03 ms | 191.8 Mtris/s
[21:02:52.742] [poc8-fence] 162.6 fps | frame 6.15 ms | drain 6.02 ms
[21:02:52.745] [fence] B:fenced-pipeline | 162.6 fps | sync-wait 6.02 ms | 191.8 Mtris/s
[21:02:53.744] [poc8-fence] 162.6 fps | frame 6.15 ms | drain 6.02 ms
[21:02:53.748] [fence] B:fenced-pipeline | 162.6 fps | sync-wait 6.02 ms | 191.8 Mtris/s
[21:02:54.748] [poc8-fence] 162.5 fps | frame 6.15 ms | drain 6.03 ms
[21:02:54.750] [fence] B:fenced-pipeline | 162.5 fps | sync-wait 6.03 ms | 191.8 Mtris/s
[21:02:55.750] [poc8-fence] 162.6 fps | frame 6.15 ms | drain 6.02 ms
[21:02:55.752] [fence] B:fenced-pipeline | 162.6 fps | sync-wait 6.02 ms | 191.9 Mtris/s
[21:02:55.990] [fence] ---- switching to mode A:drawdone-sync ----
[21:02:56.750] [poc8-fence] 158.0 fps | frame 6.33 ms | drain 6.13 ms
[21:02:56.753] [fence] A:drawdone-sync | 158.0 fps | sync-wait 6.13 ms | 186.4 Mtris/s
[21:02:57.755] [poc8-fence] 159.1 fps | frame 6.29 ms | drain 6.17 ms
[21:02:57.758] [fence] A:drawdone-sync | 159.1 fps | sync-wait 6.17 ms | 187.6 Mtris/s
[21:02:58.761] [poc8-fence] 159.1 fps | frame 6.28 ms | drain 6.17 ms
[21:02:58.763] [fence] A:drawdone-sync | 159.1 fps | sync-wait 6.17 ms | 187.7 Mtris/s
[21:02:59.767] [poc8-fence] 159.1 fps | frame 6.29 ms | drain 6.17 ms
[21:02:59.769] [fence] A:drawdone-sync | 159.1 fps | sync-wait 6.17 ms | 187.7 Mtris/s
[21:03:00.773] [poc8-fence] 159.1 fps | frame 6.28 ms | drain 6.17 ms
[21:03:00.775] [fence] A:drawdone-sync | 159.1 fps | sync-wait 6.17 ms | 187.7 Mtris/s
[21:03:01.777] [poc8-fence] 159.2 fps | frame 6.28 ms | drain 6.16 ms
[21:03:01.779] [fence] A:drawdone-sync | 159.2 fps | sync-wait 6.16 ms | 187.8 Mtris/s
[21:03:02.783] [poc8-fence] 159.1 fps | frame 6.29 ms | drain 6.17 ms
[21:03:02.784] [fence] A:drawdone-sync | 159.1 fps | sync-wait 6.17 ms | 187.6 Mtris/s
[21:03:03.788] [poc8-fence] 159.1 fps | frame 6.29 ms | drain 6.17 ms
[21:03:03.791] [fence] A:drawdone-sync | 159.1 fps | sync-wait 6.17 ms | 187.6 Mtris/s
[21:03:03.978] [fence] ---- switching to mode B:fenced-pipeline ----
[21:03:04.791] [poc8-fence] 163.6 fps | frame 6.11 ms | drain 5.99 ms
[21:03:04.794] [fence] B:fenced-pipeline | 163.6 fps | sync-wait 5.99 ms | 193.0 Mtris/s
[21:03:05.794] [poc8-fence] 162.6 fps | frame 6.15 ms | drain 6.03 ms
[21:03:05.797] [fence] B:fenced-pipeline | 162.6 fps | sync-wait 6.03 ms | 191.8 Mtris/s
[21:03:06.796] [poc8-fence] 162.5 fps | frame 6.15 ms | drain 6.03 ms
[21:03:06.800] [fence] B:fenced-pipeline | 162.5 fps | sync-wait 6.03 ms | 191.7 Mtris/s
[21:03:07.800] [poc8-fence] 162.5 fps | frame 6.15 ms | drain 6.03 ms
[21:03:07.802] [fence] B:fenced-pipeline | 162.5 fps | sync-wait 6.03 ms | 191.7 Mtris/s
[21:03:08.801] [poc8-fence] 162.6 fps | frame 6.15 ms | drain 6.02 ms
[21:03:08.804] [fence] B:fenced-pipeline | 162.6 fps | sync-wait 6.02 ms | 191.8 Mtris/s
[21:03:09.805] [poc8-fence] 162.6 fps | frame 6.15 ms | drain 6.03 ms
[21:03:09.807] [fence] B:fenced-pipeline | 162.6 fps | sync-wait 6.03 ms | 191.8 Mtris/s
[21:03:10.808] [poc8-fence] 162.5 fps | frame 6.15 ms | drain 6.03 ms
[21:03:10.810] [fence] B:fenced-pipeline | 162.5 fps | sync-wait 6.03 ms | 191.7 Mtris/s
[21:03:11.811] [poc8-fence] 162.5 fps | frame 6.15 ms | drain 6.03 ms
[21:03:11.813] [fence] B:fenced-pipeline | 162.5 fps | sync-wait 6.03 ms | 191.7 Mtris/s
[21:03:11.995] [fence] ---- switching to mode A:drawdone-sync ----
[21:03:12.812] [poc8-fence] 157.8 fps | frame 6.34 ms | drain 6.14 ms
[21:03:12.815] [fence] A:drawdone-sync | 157.8 fps | sync-wait 6.14 ms | 186.1 Mtris/s
[21:03:13.818] [poc8-fence] 159.1 fps | frame 6.29 ms | drain 6.17 ms
[21:03:13.820] [fence] A:drawdone-sync | 159.1 fps | sync-wait 6.17 ms | 187.6 Mtris/s
[21:03:14.824] [poc8-fence] 159.0 fps | frame 6.29 ms | drain 6.17 ms
[21:03:14.827] [fence] A:drawdone-sync | 159.0 fps | sync-wait 6.17 ms | 187.6 Mtris/s
[21:03:15.830] [poc8-fence] 159.1 fps | frame 6.29 ms | drain 6.17 ms
[21:03:15.832] [fence] A:drawdone-sync | 159.1 fps | sync-wait 6.17 ms | 187.6 Mtris/s
[21:03:16.836] [poc8-fence] 159.0 fps | frame 6.29 ms | drain 6.17 ms
[21:03:16.838] [fence] A:drawdone-sync | 159.0 fps | sync-wait 6.17 ms | 187.6 Mtris/s
[21:03:17.842] [poc8-fence] 159.1 fps | frame 6.29 ms | drain 6.17 ms
[21:03:17.844] [fence] A:drawdone-sync | 159.1 fps | sync-wait 6.17 ms | 187.6 Mtris/s
[21:03:18.848] [poc8-fence] 159.0 fps | frame 6.29 ms | drain 6.17 ms
[21:03:18.850] [fence] A:drawdone-sync | 159.0 fps | sync-wait 6.17 ms | 187.6 Mtris/s
[21:03:19.856] [poc8-fence] 159.0 fps | frame 6.29 ms | drain 6.17 ms
[21:03:19.858] [fence] A:drawdone-sync | 159.0 fps | sync-wait 6.17 ms | 187.6 Mtris/s
[21:03:19.987] [fence] ---- switching to mode B:fenced-pipeline ----
[21:03:20.855] [poc8-fence] 163.8 fps | frame 6.11 ms | drain 5.98 ms
[21:03:20.857] [fence] B:fenced-pipeline | 163.8 fps | sync-wait 5.98 ms | 193.2 Mtris/s
[21:03:21.858] [poc8-fence] 162.6 fps | frame 6.15 ms | drain 6.03 ms
[21:03:21.861] [fence] B:fenced-pipeline | 162.6 fps | sync-wait 6.03 ms | 191.8 Mtris/s
[21:03:22.861] [poc8-fence] 162.6 fps | frame 6.15 ms | drain 6.03 ms
[21:03:22.864] [fence] B:fenced-pipeline | 162.6 fps | sync-wait 6.03 ms | 191.8 Mtris/s
[21:03:23.863] [poc8-fence] 162.6 fps | frame 6.15 ms | drain 6.02 ms
[21:03:23.866] [fence] B:fenced-pipeline | 162.6 fps | sync-wait 6.02 ms | 191.8 Mtris/s
[21:03:24.865] [poc8-fence] 162.6 fps | frame 6.15 ms | drain 6.03 ms
[21:03:24.868] [fence] B:fenced-pipeline | 162.6 fps | sync-wait 6.03 ms | 191.8 Mtris/s
[21:03:25.869] [poc8-fence] 162.6 fps | frame 6.15 ms | drain 6.03 ms
[21:03:25.872] [fence] B:fenced-pipeline | 162.6 fps | sync-wait 6.03 ms | 191.8 Mtris/s
[21:03:26.871] [poc8-fence] 162.6 fps | frame 6.15 ms | drain 6.02 ms
[21:03:26.874] [fence] B:fenced-pipeline | 162.6 fps | sync-wait 6.02 ms | 191.8 Mtris/s
[21:03:27.873] [poc8-fence] 162.6 fps | frame 6.15 ms | drain 6.03 ms
[21:03:27.876] [fence] B:fenced-pipeline | 162.6 fps | sync-wait 6.03 ms | 191.8 Mtris/s
[21:03:28.003] [fence] ---- switching to mode A:drawdone-sync ----
[21:03:28.876] [poc8-fence] 157.6 fps | frame 6.34 ms | drain 6.14 ms
[21:03:28.879] [fence] A:drawdone-sync | 157.6 fps | sync-wait 6.14 ms | 186.0 Mtris/s
[21:03:29.881] [poc8-fence] 159.2 fps | frame 6.28 ms | drain 6.16 ms
[21:03:29.883] [fence] A:drawdone-sync | 159.2 fps | sync-wait 6.16 ms | 187.8 Mtris/s
[21:03:30.886] [poc8-fence] 159.2 fps | frame 6.28 ms | drain 6.16 ms
[21:03:30.889] [fence] A:drawdone-sync | 159.2 fps | sync-wait 6.16 ms | 187.8 Mtris/s
[21:03:31.892] [poc8-fence] 159.1 fps | frame 6.28 ms | drain 6.17 ms
[21:03:31.895] [fence] A:drawdone-sync | 159.1 fps | sync-wait 6.17 ms | 187.7 Mtris/s
[21:03:32.898] [poc8-fence] 159.1 fps | frame 6.29 ms | drain 6.17 ms
[21:03:32.900] [fence] A:drawdone-sync | 159.1 fps | sync-wait 6.17 ms | 187.6 Mtris/s
[21:03:33.904] [poc8-fence] 159.1 fps | frame 6.28 ms | drain 6.17 ms
[21:03:33.906] [fence] A:drawdone-sync | 159.1 fps | sync-wait 6.17 ms | 187.7 Mtris/s
[21:03:34.909] [poc8-fence] 159.1 fps | frame 6.29 ms | drain 6.17 ms
[21:03:34.911] [fence] A:drawdone-sync | 159.1 fps | sync-wait 6.17 ms | 187.7 Mtris/s
[21:03:35.914] [poc8-fence] 159.2 fps | frame 6.28 ms | drain 6.17 ms
[21:03:35.917] [fence] A:drawdone-sync | 159.2 fps | sync-wait 6.17 ms | 187.8 Mtris/s
[21:03:35.991] [fence] ---- switching to mode B:fenced-pipeline ----
[21:03:36.920] [poc8-fence] 164.1 fps | frame 6.09 ms | drain 5.97 ms
[21:03:36.922] [fence] B:fenced-pipeline | 164.1 fps | sync-wait 5.97 ms | 193.6 Mtris/s
[21:03:37.922] [poc8-fence] 162.6 fps | frame 6.15 ms | drain 6.02 ms
[21:03:37.925] [fence] B:fenced-pipeline | 162.6 fps | sync-wait 6.02 ms | 191.8 Mtris/s
[21:03:38.925] [poc8-fence] 162.5 fps | frame 6.15 ms | drain 6.03 ms
[21:03:38.927] [fence] B:fenced-pipeline | 162.5 fps | sync-wait 6.03 ms | 191.7 Mtris/s
[21:03:39.928] [poc8-fence] 162.5 fps | frame 6.15 ms | drain 6.03 ms
[21:03:39.930] [fence] B:fenced-pipeline | 162.5 fps | sync-wait 6.03 ms | 191.7 Mtris/s
[21:03:40.931] [poc8-fence] 162.6 fps | frame 6.15 ms | drain 6.03 ms
[21:03:40.933] [fence] B:fenced-pipeline | 162.6 fps | sync-wait 6.03 ms | 191.8 Mtris/s
[21:03:41.934] [poc8-fence] 162.5 fps | frame 6.15 ms | drain 6.03 ms
[21:03:41.936] [fence] B:fenced-pipeline | 162.5 fps | sync-wait 6.03 ms | 191.7 Mtris/s
[21:03:42.937] [poc8-fence] 162.5 fps | frame 6.15 ms | drain 6.03 ms
[21:03:42.941] [fence] B:fenced-pipeline | 162.5 fps | sync-wait 6.03 ms | 191.7 Mtris/s
[21:03:43.940] [poc8-fence] 162.5 fps | frame 6.15 ms | drain 6.03 ms
[21:03:43.945] [fence] B:fenced-pipeline | 162.5 fps | sync-wait 6.03 ms | 191.7 Mtris/s
[21:03:44.008] [fence] ---- switching to mode A:drawdone-sync ----
[21:03:44.944] [poc8-fence] 157.4 fps | frame 6.35 ms | drain 6.15 ms
[21:03:44.947] [fence] A:drawdone-sync | 157.4 fps | sync-wait 6.15 ms | 185.7 Mtris/s
[21:03:45.950] [poc8-fence] 159.0 fps | frame 6.29 ms | drain 6.17 ms
[21:03:46.677] [fence] A:drawdone-sync | 159.0 fps | sync-wait 6.17 ms | 187.6 Mtris/s
[21:03:46.956] [poc8-fence] 159.0 fps | frame 6.29 ms | drain 6.17 ms
[21:03:46.958] [fence] A:drawdone-sync | 159.0 fps | sync-wait 6.17 ms | 187.6 Mtris/s
[21:03:47.956] [poc8-fence] 159.0 fps | frame 6.29 ms | drain 6.17 ms
[21:03:47.960] [fence] A:drawdone-sync | 159.0 fps | sync-wait 6.17 ms | 187.6 Mtris/s
[21:03:48.962] [poc8-fence] 159.0 fps | frame 6.29 ms | drain 6.17 ms
[21:03:48.966] [fence] A:drawdone-sync | 159.0 fps | sync-wait 6.17 ms | 187.6 Mtris/s
[21:03:49.968] [poc8-fence] 159.1 fps | frame 6.28 ms | drain 6.17 ms
[21:03:49.973] [fence] A:drawdone-sync | 159.1 fps | sync-wait 6.17 ms | 187.7 Mtris/s
[21:03:50.973] [poc8-fence] 159.1 fps | frame 6.28 ms | drain 6.17 ms
[21:03:50.975] [fence] A:drawdone-sync | 159.1 fps | sync-wait 6.17 ms | 187.7 Mtris/s
[21:03:51.979] [poc8-fence] 159.1 fps | frame 6.29 ms | drain 6.17 ms
[21:03:51.981] [fence] A:drawdone-sync | 159.1 fps | sync-wait 6.17 ms | 187.7 Mtris/s
[21:03:51.998] [fence] ---- switching to mode B:fenced-pipeline ----
[21:03:53.010] [poc8-fence] 164.2 fps | frame 6.09 ms | drain 5.96 ms
[21:03:53.018] [fence] B:fenced-pipeline | 164.2 fps | sync-wait 5.96 ms | 193.7 Mtris/s
[21:03:53.988] [poc8-fence] 162.5 fps | frame 6.15 ms | drain 6.03 ms
[21:03:53.991] [fence] B:fenced-pipeline | 162.5 fps | sync-wait 6.03 ms | 191.7 Mtris/s
[21:03:54.990] [poc8-fence] 162.5 fps | frame 6.15 ms | drain 6.03 ms
[21:03:54.993] [fence] B:fenced-pipeline | 162.5 fps | sync-wait 6.03 ms | 191.7 Mtris/s
[21:03:55.995] [poc8-fence] 162.5 fps | frame 6.15 ms | drain 6.03 ms
[21:03:55.999] [fence] B:fenced-pipeline | 162.5 fps | sync-wait 6.03 ms | 191.7 Mtris/s
[21:03:56.995] [poc8-fence] 162.6 fps | frame 6.15 ms | drain 6.03 ms
[21:03:56.997] [fence] B:fenced-pipeline | 162.6 fps | sync-wait 6.03 ms | 191.8 Mtris/s
[21:03:57.997] [poc8-fence] 162.6 fps | frame 6.15 ms | drain 6.02 ms
[21:03:57.999] [fence] B:fenced-pipeline | 162.6 fps | sync-wait 6.02 ms | 191.9 Mtris/s
[21:03:58.999] [poc8-fence] 162.6 fps | frame 6.15 ms | drain 6.03 ms
[21:03:59.002] [fence] B:fenced-pipeline | 162.6 fps | sync-wait 6.03 ms | 191.8 Mtris/s
[21:04:00.002] [poc8-fence] 162.6 fps | frame 6.15 ms | drain 6.02 ms
[21:04:00.006] [fence] B:fenced-pipeline | 162.6 fps | sync-wait 6.02 ms | 191.9 Mtris/s
[21:04:00.014] [fence] ---- switching to mode A:drawdone-sync ----
[21:04:01.007] [poc8-fence] 157.2 fps | frame 6.36 ms | drain 6.17 ms
[21:04:01.009] [fence] A:drawdone-sync | 157.2 fps | sync-wait 6.17 ms | 185.4 Mtris/s
[21:04:02.012] [poc8-fence] 159.1 fps | frame 6.28 ms | drain 6.17 ms
[21:04:02.015] [fence] A:drawdone-sync | 159.1 fps | sync-wait 6.17 ms | 187.7 Mtris/s
[21:04:03.018] [poc8-fence] 159.2 fps | frame 6.28 ms | drain 6.17 ms
[21:04:03.020] [fence] A:drawdone-sync | 159.2 fps | sync-wait 6.17 ms | 187.8 Mtris/s
[21:04:04.023] [poc8-fence] 159.2 fps | frame 6.28 ms | drain 6.16 ms
[21:04:04.025] [fence] A:drawdone-sync | 159.2 fps | sync-wait 6.16 ms | 187.8 Mtris/s
[21:04:05.029] [poc8-fence] 159.2 fps | frame 6.28 ms | drain 6.16 ms
[21:04:05.032] [fence] A:drawdone-sync | 159.2 fps | sync-wait 6.16 ms | 187.7 Mtris/s
[21:04:06.034] [poc8-fence] 159.1 fps | frame 6.29 ms | drain 6.17 ms
[21:04:06.036] [fence] A:drawdone-sync | 159.1 fps | sync-wait 6.17 ms | 187.7 Mtris/s
[21:04:07.040] [poc8-fence] 159.1 fps | frame 6.29 ms | drain 6.17 ms
[21:04:07.042] [fence] A:drawdone-sync | 159.1 fps | sync-wait 6.17 ms | 187.7 Mtris/s
[21:04:08.007] [fence] ---- switching to mode B:fenced-pipeline ----
[21:04:08.046] [poc8-fence] 161.1 fps | frame 6.21 ms | drain 6.09 ms
[21:04:08.048] [fence] B:fenced-pipeline | 161.1 fps | sync-wait 6.09 ms | 190.0 Mtris/s
[21:04:09.049] [poc8-fence] 162.5 fps | frame 6.15 ms | drain 6.03 ms
[21:04:09.053] [fence] B:fenced-pipeline | 162.5 fps | sync-wait 6.03 ms | 191.7 Mtris/s
[21:04:10.051] [poc8-fence] 162.6 fps | frame 6.15 ms | drain 6.03 ms
[21:04:10.055] [fence] B:fenced-pipeline | 162.6 fps | sync-wait 6.03 ms | 191.8 Mtris/s
[21:04:11.054] [poc8-fence] 162.5 fps | frame 6.15 ms | drain 6.03 ms
[21:04:11.057] [fence] B:fenced-pipeline | 162.5 fps | sync-wait 6.03 ms | 191.7 Mtris/s
[21:04:12.059] [poc8-fence] 162.5 fps | frame 6.15 ms | drain 6.03 ms
[21:04:12.064] [fence] B:fenced-pipeline | 162.5 fps | sync-wait 6.03 ms | 191.7 Mtris/s
[21:04:13.061] [poc8-fence] 162.6 fps | frame 6.15 ms | drain 6.03 ms
[21:04:13.064] [fence] B:fenced-pipeline | 162.6 fps | sync-wait 6.03 ms | 191.8 Mtris/s
[21:04:14.063] [poc8-fence] 162.5 fps | frame 6.15 ms | drain 6.03 ms
[21:04:14.068] [fence] B:fenced-pipeline | 162.5 fps | sync-wait 6.03 ms | 191.7 Mtris/s
[21:04:15.066] [poc8-fence] 162.5 fps | frame 6.15 ms | drain 6.03 ms
[21:04:15.070] [fence] B:fenced-pipeline | 162.5 fps | sync-wait 6.03 ms | 191.7 Mtris/s
[21:04:16.025] [fence] ---- switching to mode A:drawdone-sync ----
[21:04:16.070] [poc8-fence] 160.3 fps | frame 6.24 ms | drain 6.03 ms
[21:04:16.075] [fence] A:drawdone-sync | 160.3 fps | sync-wait 6.03 ms | 189.2 Mtris/s
[21:04:17.075] [poc8-fence] 159.1 fps | frame 6.29 ms | drain 6.17 ms
[21:04:17.077] [fence] A:drawdone-sync | 159.1 fps | sync-wait 6.17 ms | 187.7 Mtris/s
[21:04:18.081] [poc8-fence] 159.1 fps | frame 6.28 ms | drain 6.17 ms
[21:04:18.083] [fence] A:drawdone-sync | 159.1 fps | sync-wait 6.17 ms | 187.7 Mtris/s
[21:04:19.088] [poc8-fence] 159.1 fps | frame 6.29 ms | drain 6.17 ms
[21:04:19.092] [fence] A:drawdone-sync | 159.1 fps | sync-wait 6.17 ms | 187.6 Mtris/s
[21:04:20.093] [poc8-fence] 159.1 fps | frame 6.29 ms | drain 6.17 ms
[21:04:20.099] [fence] A:drawdone-sync | 159.1 fps | sync-wait 6.17 ms | 187.6 Mtris/s
[21:04:21.099] [poc8-fence] 159.1 fps | frame 6.29 ms | drain 6.17 ms
[21:04:21.101] [fence] A:drawdone-sync | 159.1 fps | sync-wait 6.17 ms | 187.7 Mtris/s
[21:04:22.104] [poc8-fence] 159.1 fps | frame 6.29 ms | drain 6.17 ms
[21:04:22.106] [fence] A:drawdone-sync | 159.1 fps | sync-wait 6.17 ms | 187.7 Mtris/s
[21:04:23.110] [poc8-fence] 159.1 fps | frame 6.29 ms | drain 6.17 ms
[21:04:23.112] [fence] A:drawdone-sync | 159.1 fps | sync-wait 6.17 ms | 187.7 Mtris/s
[21:04:24.015] [fence] ---- switching to mode B:fenced-pipeline ----
[21:04:24.113] [poc8-fence] 161.3 fps | frame 6.20 ms | drain 6.08 ms
[21:04:24.115] [fence] B:fenced-pipeline | 161.3 fps | sync-wait 6.08 ms | 190.2 Mtris/s
[21:04:25.117] [poc8-fence] 162.6 fps | frame 6.15 ms | drain 6.02 ms
[21:04:25.119] [fence] B:fenced-pipeline | 162.6 fps | sync-wait 6.02 ms | 191.8 Mtris/s
[21:04:26.120] [poc8-fence] 162.6 fps | frame 6.15 ms | drain 6.03 ms
[21:04:26.122] [fence] B:fenced-pipeline | 162.6 fps | sync-wait 6.03 ms | 191.8 Mtris/s
[21:11:25.272] [               main.cpp]                          main@L0056: Hello!
[21:11:25.278] [               main.cpp]                          main@L0087: We need the kernel exploit to load the payload
[21:11:25.281] [          gx2sploit.cpp]               DoKernelExploit@L0205: Running GX2Sploit
[21:11:25.350] [          gx2sploit.cpp]               DoKernelExploit@L0272: GX2Sploit done
[21:11:25.354] [             ElfUtils.c]                 LoadFileToMem@L0027: Loading file /vol/external01/wiiu/payload.elf.
[21:11:25.364] [             ElfUtils.c]                   InstallMain@L0104: Copy section to 00FD0000 from 1062BDD8 (size: 118200)
[21:11:25.366] [               main.cpp]                          main@L0095: New entrypoint at 00FD1C4C
[21:15:16.104] [poc9-scene] starting
[21:15:16.567] [shader] CafeGLSL compiler loaded
[21:15:16.587] [shader] compiled ok (vs 192 bytes, ps 320 bytes, 2 attribs)
[21:15:16.613] [shader] compiled ok (vs 792 bytes, ps 192 bytes, 2 attribs)
[21:15:16.618] [scene] controls: L-stick move, R-stick look, ZR up, ZL down, B boost
[21:15:17.629] [poc9-scene] 61.4 fps | frame 16.28 ms | drain 0.00 ms
[21:15:18.630] [poc9-scene] 59.9 fps | frame 16.68 ms | drain 0.00 ms
[21:15:19.632] [poc9-scene] 59.9 fps | frame 16.68 ms | drain 0.00 ms
[21:15:20.633] [poc9-scene] 59.9 fps | frame 16.68 ms | drain 0.00 ms
[21:15:21.633] [poc9-scene] 59.9 fps | frame 16.68 ms | drain 0.00 ms
[21:15:22.635] [poc9-scene] 59.9 fps | frame 16.68 ms | drain 0.00 ms
[21:15:23.635] [poc9-scene] 59.9 fps | frame 16.68 ms | drain 0.00 ms
[21:15:24.637] [poc9-scene] 59.9 fps | frame 16.68 ms | drain 0.00 ms
[21:15:25.637] [poc9-scene] 59.9 fps | frame 16.68 ms | drain 0.00 ms
[21:15:26.638] [poc9-scene] 59.9 fps | frame 16.68 ms | drain 0.00 ms
[21:15:27.639] [poc9-scene] 59.9 fps | frame 16.68 ms | drain 0.00 ms
[21:15:28.640] [poc9-scene] 59.9 fps | frame 16.68 ms | drain 0.00 ms
[21:15:29.641] [poc9-scene] 59.9 fps | frame 16.68 ms | drain 0.00 ms
[21:15:30.642] [poc9-scene] 59.9 fps | frame 16.68 ms | drain 0.00 ms
[21:15:31.643] [poc9-scene] 59.9 fps | frame 16.68 ms | drain 0.00 ms
[21:15:32.644] [poc9-scene] 59.9 fps | frame 16.68 ms | drain 0.00 ms
[21:15:33.645] [poc9-scene] 59.9 fps | frame 16.68 ms | drain 0.00 ms
[21:15:34.645] [poc9-scene] 59.9 fps | frame 16.68 ms | drain 0.00 ms
[21:15:35.647] [poc9-scene] 59.9 fps | frame 16.68 ms | drain 0.00 ms
[21:15:36.648] [poc9-scene] 59.9 fps | frame 16.68 ms | drain 0.00 ms
[21:15:37.649] [poc9-scene] 59.9 fps | frame 16.68 ms | drain 0.00 ms
[21:15:38.650] [poc9-scene] 59.9 fps | frame 16.68 ms | drain 0.00 ms
[21:15:39.651] [poc9-scene] 59.9 fps | frame 16.68 ms | drain 0.00 ms
[21:15:40.652] [poc9-scene] 59.9 fps | frame 16.68 ms | drain 0.00 ms
[21:15:41.653] [poc9-scene] 59.9 fps | frame 16.68 ms | drain 0.00 ms
[21:15:42.653] [poc9-scene] 49.0 fps | frame 20.43 ms | drain 0.00 ms
[21:15:43.655] [poc9-scene] 30.0 fps | frame 33.37 ms | drain 0.00 ms
[21:15:44.655] [poc9-scene] 30.0 fps | frame 33.37 ms | drain 0.00 ms
[21:15:45.657] [poc9-scene] 54.9 fps | frame 18.20 ms | drain 0.00 ms
[21:15:46.658] [poc9-scene] 59.9 fps | frame 16.68 ms | drain 0.00 ms
[21:15:47.659] [poc9-scene] 59.9 fps | frame 16.68 ms | drain 0.00 ms
[21:15:48.659] [poc9-scene] 59.9 fps | frame 16.68 ms | drain 0.00 ms
[21:15:49.664] [poc9-scene] 59.9 fps | frame 16.68 ms | drain 0.00 ms
[21:15:50.662] [poc9-scene] 59.9 fps | frame 16.68 ms | drain 0.00 ms
[21:15:51.662] [poc9-scene] 59.9 fps | frame 16.68 ms | drain 0.00 ms
[21:15:52.664] [poc9-scene] 59.9 fps | frame 16.68 ms | drain 0.00 ms
[21:15:53.665] [poc9-scene] 59.9 fps | frame 16.68 ms | drain 0.00 ms
[21:15:54.667] [poc9-scene] 59.9 fps | frame 16.68 ms | drain 0.00 ms
[21:15:55.668] [poc9-scene] 32.0 fps | frame 31.28 ms | drain 0.00 ms
[21:15:56.669] [poc9-scene] 30.0 fps | frame 33.37 ms | drain 0.00 ms
[21:15:57.670] [poc9-scene] 30.0 fps | frame 33.37 ms | drain 0.00 ms
[21:15:58.670] [poc9-scene] 30.0 fps | frame 33.37 ms | drain 0.00 ms
[21:15:59.670] [poc9-scene] 30.0 fps | frame 33.37 ms | drain 0.00 ms
[21:16:00.672] [poc9-scene] 30.0 fps | frame 33.37 ms | drain 0.00 ms
[21:16:01.673] [poc9-scene] 30.0 fps | frame 33.37 ms | drain 0.00 ms
[21:16:02.674] [poc9-scene] 30.0 fps | frame 33.37 ms | drain 0.00 ms
[21:16:03.674] [poc9-scene] 30.0 fps | frame 33.37 ms | drain 0.00 ms
[21:16:04.676] [poc9-scene] 30.0 fps | frame 33.37 ms | drain 0.00 ms
[21:16:05.677] [poc9-scene] 30.0 fps | frame 33.37 ms | drain 0.00 ms
[21:16:06.677] [poc9-scene] 30.0 fps | frame 33.37 ms | drain 0.00 ms
[21:16:07.679] [poc9-scene] 30.0 fps | frame 33.37 ms | drain 0.00 ms
[21:16:08.680] [poc9-scene] 48.0 fps | frame 20.85 ms | drain 0.00 ms
[21:16:09.681] [poc9-scene] 59.9 fps | frame 16.68 ms | drain 0.00 ms
[21:16:10.682] [poc9-scene] 59.9 fps | frame 16.68 ms | drain 0.00 ms
[21:16:11.683] [poc9-scene] 59.9 fps | frame 16.68 ms | drain 0.00 ms
[21:16:12.683] [poc9-scene] 59.9 fps | frame 16.68 ms | drain 0.00 ms
[21:16:13.686] [poc9-scene] 59.9 fps | frame 16.68 ms | drain 0.00 ms
[21:16:14.686] [poc9-scene] 59.9 fps | frame 16.68 ms | drain 0.00 ms
[21:16:15.687] [poc9-scene] 59.9 fps | frame 16.68 ms | drain 0.00 ms
[21:16:16.688] [poc9-scene] 59.9 fps | frame 16.68 ms | drain 0.00 ms
[21:16:17.689] [poc9-scene] 59.9 fps | frame 16.68 ms | drain 0.00 ms
[21:16:18.690] [poc9-scene] 59.9 fps | frame 16.68 ms | drain 0.00 ms
[21:16:19.691] [poc9-scene] 46.0 fps | frame 21.76 ms | drain 0.00 ms
[21:16:20.691] [poc9-scene] 30.0 fps | frame 33.37 ms | drain 0.00 ms
[21:16:21.692] [poc9-scene] 30.0 fps | frame 33.37 ms | drain 0.00 ms
[21:16:22.693] [poc9-scene] 46.0 fps | frame 21.76 ms | drain 0.00 ms
[21:16:23.695] [poc9-scene] 59.9 fps | frame 16.68 ms | drain 0.00 ms
[21:16:24.695] [poc9-scene] 59.9 fps | frame 16.68 ms | drain 0.00 ms
[21:16:25.697] [poc9-scene] 59.9 fps | frame 16.68 ms | drain 0.00 ms
[21:16:26.697] [poc9-scene] 59.9 fps | frame 16.68 ms | drain 0.00 ms
[21:16:27.698] [poc9-scene] 59.9 fps | frame 16.68 ms | drain 0.00 ms
[21:16:28.700] [poc9-scene] 59.9 fps | frame 16.68 ms | drain 0.00 ms
[21:16:29.700] [poc9-scene] 59.9 fps | frame 16.68 ms | drain 0.00 ms
[21:16:30.701] [poc9-scene] 59.9 fps | frame 16.68 ms | drain 0.00 ms
[21:16:31.702] [poc9-scene] 59.9 fps | frame 16.68 ms | drain 0.00 ms
[21:16:32.703] [poc9-scene] 59.9 fps | frame 16.68 ms | drain 0.00 ms
[21:16:33.704] [poc9-scene] 59.9 fps | frame 16.68 ms | drain 0.00 ms
[21:16:34.705] [poc9-scene] 59.9 fps | frame 16.68 ms | drain 0.00 ms
[21:16:35.707] [poc9-scene] 59.9 fps | frame 16.68 ms | drain 0.00 ms
[21:16:36.707] [poc9-scene] 59.9 fps | frame 16.68 ms | drain 0.00 ms
[21:16:37.709] [poc9-scene] 59.9 fps | frame 16.68 ms | drain 0.00 ms
[21:16:38.709] [poc9-scene] 59.9 fps | frame 16.68 ms | drain 0.00 ms
[21:16:39.710] [poc9-scene] 59.9 fps | frame 16.68 ms | drain 0.00 ms
[21:16:40.712] [poc9-scene] 59.9 fps | frame 16.68 ms | drain 0.00 ms
[21:16:41.712] [poc9-scene] 59.9 fps | frame 16.68 ms | drain 0.00 ms
[21:16:42.713] [poc9-scene] 59.9 fps | frame 16.68 ms | drain 0.00 ms
[21:16:43.714] [poc9-scene] 59.9 fps | frame 16.68 ms | drain 0.00 ms
[21:16:44.717] [poc9-scene] 59.9 fps | frame 16.68 ms | drain 0.00 ms
[21:16:45.717] [poc9-scene] 59.9 fps | frame 16.68 ms | drain 0.00 ms
[21:16:46.720] [poc9-scene] 59.9 fps | frame 16.68 ms | drain 0.00 ms
[21:16:47.718] [poc9-scene] 59.9 fps | frame 16.68 ms | drain 0.00 ms
[21:16:48.718] [poc9-scene] 59.9 fps | frame 16.68 ms | drain 0.00 ms
[21:16:49.720] [poc9-scene] 59.9 fps | frame 16.68 ms | drain 0.00 ms
[21:16:50.721] [poc9-scene] 59.9 fps | frame 16.68 ms | drain 0.00 ms
[21:16:51.722] [poc9-scene] 59.9 fps | frame 16.68 ms | drain 0.00 ms
[21:16:52.724] [poc9-scene] 59.9 fps | frame 16.68 ms | drain 0.00 ms
[21:16:53.725] [poc9-scene] 59.9 fps | frame 16.68 ms | drain 0.00 ms
[21:16:54.725] [poc9-scene] 59.9 fps | frame 16.68 ms | drain 0.00 ms
[21:16:55.726] [poc9-scene] 59.9 fps | frame 16.68 ms | drain 0.00 ms
[21:21:55.268] [               main.cpp]                          main@L0056: Hello!
[21:21:55.275] [               main.cpp]                          main@L0087: We need the kernel exploit to load the payload
[21:21:55.277] [          gx2sploit.cpp]               DoKernelExploit@L0205: Running GX2Sploit
[21:21:55.339] [          gx2sploit.cpp]               DoKernelExploit@L0272: GX2Sploit done
[21:21:55.341] [             ElfUtils.c]                 LoadFileToMem@L0027: Loading file /vol/external01/wiiu/payload.elf.
[21:21:55.351] [             ElfUtils.c]                   InstallMain@L0104: Copy section to 00FD0000 from 1062BDD8 (size: 118200)
[21:21:55.353] [               main.cpp]                          main@L0095: New entrypoint at 00FD1C4C
[21:22:26.448] [poc9-scene] starting
[21:22:26.920] [shader] CafeGLSL compiler loaded
[21:22:26.939] [shader] compiled ok (vs 192 bytes, ps 320 bytes, 2 attribs)
[21:22:26.966] [shader] compiled ok (vs 792 bytes, ps 192 bytes, 2 attribs)
[21:22:26.977] [scene] ground texture ready: 9 mip levels
[21:22:26.979] [scene] controls: L-stick move, R-stick look, ZR up, ZL down, B boost
[21:22:27.987] [poc9-scene] 61.5 fps | frame 16.26 ms | drain 0.00 ms
[21:22:28.987] [poc9-scene] 59.9 fps | frame 16.68 ms | drain 0.00 ms
[21:22:29.988] [poc9-scene] 59.9 fps | frame 16.68 ms | drain 0.00 ms
[21:22:30.989] [poc9-scene] 59.9 fps | frame 16.68 ms | drain 0.00 ms
[21:22:31.991] [poc9-scene] 59.9 fps | frame 16.68 ms | drain 0.00 ms
[21:22:32.991] [poc9-scene] 59.9 fps | frame 16.68 ms | drain 0.00 ms
[21:22:33.992] [poc9-scene] 59.9 fps | frame 16.68 ms | drain 0.00 ms
[21:22:34.994] [poc9-scene] 59.9 fps | frame 16.68 ms | drain 0.00 ms
[21:22:35.995] [poc9-scene] 59.9 fps | frame 16.68 ms | drain 0.00 ms
[21:22:36.996] [poc9-scene] 59.9 fps | frame 16.68 ms | drain 0.00 ms
[21:22:37.996] [poc9-scene] 59.9 fps | frame 16.68 ms | drain 0.00 ms
[21:22:38.998] [poc9-scene] 59.9 fps | frame 16.68 ms | drain 0.00 ms
[21:22:39.999] [poc9-scene] 59.9 fps | frame 16.68 ms | drain 0.00 ms
[21:22:40.999] [poc9-scene] 59.9 fps | frame 16.68 ms | drain 0.00 ms
[21:22:42.001] [poc9-scene] 59.9 fps | frame 16.68 ms | drain 0.00 ms
[21:22:43.002] [poc9-scene] 59.9 fps | frame 16.68 ms | drain 0.00 ms
[21:22:44.002] [poc9-scene] 59.9 fps | frame 16.68 ms | drain 0.00 ms
[21:22:45.004] [poc9-scene] 59.9 fps | frame 16.68 ms | drain 0.00 ms
[21:22:46.005] [poc9-scene] 59.9 fps | frame 16.68 ms | drain 0.00 ms
[21:22:47.005] [poc9-scene] 59.9 fps | frame 16.68 ms | drain 0.00 ms
[21:22:48.006] [poc9-scene] 59.9 fps | frame 16.68 ms | drain 0.00 ms
[21:22:49.007] [poc9-scene] 59.9 fps | frame 16.68 ms | drain 0.00 ms
[21:22:50.009] [poc9-scene] 59.9 fps | frame 16.68 ms | drain 0.00 ms
[21:22:51.009] [poc9-scene] 59.9 fps | frame 16.68 ms | drain 0.00 ms
[21:22:52.010] [poc9-scene] 59.9 fps | frame 16.68 ms | drain 0.00 ms
[21:22:53.011] [poc9-scene] 59.9 fps | frame 16.68 ms | drain 0.00 ms
[21:22:54.012] [poc9-scene] 59.9 fps | frame 16.68 ms | drain 0.00 ms
[21:22:55.014] [poc9-scene] 59.9 fps | frame 16.68 ms | drain 0.00 ms
[21:22:56.014] [poc9-scene] 59.9 fps | frame 16.68 ms | drain 0.00 ms
[21:22:57.015] [poc9-scene] 59.9 fps | frame 16.68 ms | drain 0.00 ms
[21:22:58.016] [poc9-scene] 59.9 fps | frame 16.68 ms | drain 0.00 ms
[21:22:59.018] [poc9-scene] 59.9 fps | frame 16.68 ms | drain 0.00 ms
[21:23:00.018] [poc9-scene] 59.9 fps | frame 16.68 ms | drain 0.00 ms
[21:23:01.019] [poc9-scene] 59.9 fps | frame 16.68 ms | drain 0.00 ms
[21:23:02.020] [poc9-scene] 59.9 fps | frame 16.68 ms | drain 0.00 ms
[21:23:03.022] [poc9-scene] 59.9 fps | frame 16.68 ms | drain 0.00 ms
[21:23:04.023] [poc9-scene] 59.9 fps | frame 16.68 ms | drain 0.00 ms
[21:23:05.025] [poc9-scene] 59.9 fps | frame 16.68 ms | drain 0.00 ms
[21:23:06.024] [poc9-scene] 59.9 fps | frame 16.68 ms | drain 0.00 ms
[21:23:07.026] [poc9-scene] 59.9 fps | frame 16.68 ms | drain 0.00 ms
[21:23:08.026] [poc9-scene] 59.9 fps | frame 16.68 ms | drain 0.00 ms
[21:23:09.027] [poc9-scene] 59.9 fps | frame 16.68 ms | drain 0.00 ms
[21:23:10.028] [poc9-scene] 59.9 fps | frame 16.68 ms | drain 0.00 ms
[21:23:11.029] [poc9-scene] 59.9 fps | frame 16.68 ms | drain 0.00 ms
[21:23:12.030] [poc9-scene] 59.9 fps | frame 16.68 ms | drain 0.00 ms
[21:23:13.031] [poc9-scene] 59.9 fps | frame 16.68 ms | drain 0.00 ms
[21:23:14.032] [poc9-scene] 59.9 fps | frame 16.68 ms | drain 0.00 ms
[21:23:15.033] [poc9-scene] 59.9 fps | frame 16.68 ms | drain 0.00 ms
[21:23:16.034] [poc9-scene] 59.9 fps | frame 16.68 ms | drain 0.00 ms
[21:23:17.035] [poc9-scene] 59.9 fps | frame 16.68 ms | drain 0.00 ms
[21:23:18.036] [poc9-scene] 59.9 fps | frame 16.68 ms | drain 0.00 ms
[21:23:19.037] [poc9-scene] 59.9 fps | frame 16.68 ms | drain 0.00 ms
[21:23:20.039] [poc9-scene] 59.9 fps | frame 16.68 ms | drain 0.00 ms
[21:23:21.038] [poc9-scene] 59.9 fps | frame 16.68 ms | drain 0.00 ms
[21:23:22.040] [poc9-scene] 59.9 fps | frame 16.68 ms | drain 0.00 ms
[21:23:23.041] [poc9-scene] 59.9 fps | frame 16.68 ms | drain 0.00 ms
[21:23:24.042] [poc9-scene] 59.9 fps | frame 16.68 ms | drain 0.00 ms
[21:23:25.043] [poc9-scene] 59.9 fps | frame 16.68 ms | drain 0.00 ms
